stock_count,price,discounted_price,product_variant_id,product_id,title,image_link,small_image_link,large_image_link,size,color,gender,age_interval,store_name
15,149.00,149.00,acc-buds-airpods-4-white,acc-buds-airpods-4,AirPods 4 White,https://d-telco.github.io/telco/assets/catalog/acc-buds-airpods-4-white-1200.jpg,https://d-telco.github.io/telco/assets/catalog/acc-buds-airpods-4-white-400.jpg,https://d-telco.github.io/telco/assets/catalog/acc-buds-airpods-4-white-1600.jpg,One size,White,unisex,,D·TELCO Shop
0,249.00,249.00,acc-buds-airpods-pro-3-white,acc-buds-airpods-pro-3,AirPods Pro 3 White,https://d-telco.github.io/telco/assets/catalog/acc-buds-airpods-pro-3-white-1200.jpg,https://d-telco.github.io/telco/assets/catalog/acc-buds-airpods-pro-3-white-400.jpg,https://d-telco.github.io/telco/assets/catalog/acc-buds-airpods-pro-3-white-1600.jpg,One size,White,unisex,,D·TELCO Shop
34,219.00,219.00,acc-buds-galaxy-3-pro-silver,acc-buds-galaxy-3-pro,Galaxy Buds3 Pro Silver,https://d-telco.github.io/telco/assets/catalog/acc-buds-galaxy-3-pro-silver-1200.jpg,https://d-telco.github.io/telco/assets/catalog/acc-buds-galaxy-3-pro-silver-400.jpg,https://d-telco.github.io/telco/assets/catalog/acc-buds-galaxy-3-pro-silver-1600.jpg,One size,Silver,unisex,,D·TELCO Shop
46,219.00,219.00,acc-buds-galaxy-3-pro-white,acc-buds-galaxy-3-pro,Galaxy Buds3 Pro White,https://d-telco.github.io/telco/assets/catalog/acc-buds-galaxy-3-pro-white-1200.jpg,https://d-telco.github.io/telco/assets/catalog/acc-buds-galaxy-3-pro-white-400.jpg,https://d-telco.github.io/telco/assets/catalog/acc-buds-galaxy-3-pro-white-1600.jpg,One size,White,unisex,,D·TELCO Shop
2,99.00,99.00,acc-buds-honor-earbuds-black,acc-buds-honor-earbuds,Honor Earbuds Open Black,https://d-telco.github.io/telco/assets/catalog/acc-buds-honor-earbuds-black-1200.jpg,https://d-telco.github.io/telco/assets/catalog/acc-buds-honor-earbuds-black-400.jpg,https://d-telco.github.io/telco/assets/catalog/acc-buds-honor-earbuds-black-1600.jpg,One size,Black,unisex,,D·TELCO Shop
3,99.00,99.00,acc-buds-honor-earbuds-grey,acc-buds-honor-earbuds,Honor Earbuds Open Grey,https://d-telco.github.io/telco/assets/catalog/acc-buds-honor-earbuds-grey-1200.jpg,https://d-telco.github.io/telco/assets/catalog/acc-buds-honor-earbuds-grey-400.jpg,https://d-telco.github.io/telco/assets/catalog/acc-buds-honor-earbuds-grey-1600.jpg,One size,Grey,unisex,,D·TELCO Shop
20,199.00,199.00,acc-buds-pixel-pro-2-hazel,acc-buds-pixel-pro-2,Pixel Buds Pro 2 Hazel,https://d-telco.github.io/telco/assets/catalog/acc-buds-pixel-pro-2-hazel-1200.jpg,https://d-telco.github.io/telco/assets/catalog/acc-buds-pixel-pro-2-hazel-400.jpg,https://d-telco.github.io/telco/assets/catalog/acc-buds-pixel-pro-2-hazel-1600.jpg,One size,Hazel,unisex,,D·TELCO Shop
47,199.00,199.00,acc-buds-pixel-pro-2-porcelain,acc-buds-pixel-pro-2,Pixel Buds Pro 2 Porcelain,https://d-telco.github.io/telco/assets/catalog/acc-buds-pixel-pro-2-porcelain-1200.jpg,https://d-telco.github.io/telco/assets/catalog/acc-buds-pixel-pro-2-porcelain-400.jpg,https://d-telco.github.io/telco/assets/catalog/acc-buds-pixel-pro-2-porcelain-1600.jpg,One size,Porcelain,unisex,,D·TELCO Shop
50,39.00,39.00,acc-buds-redmi-6-black,acc-buds-redmi-6,Redmi Buds 6 Black,https://d-telco.github.io/telco/assets/catalog/acc-buds-redmi-6-black-1200.jpg,https://d-telco.github.io/telco/assets/catalog/acc-buds-redmi-6-black-400.jpg,https://d-telco.github.io/telco/assets/catalog/acc-buds-redmi-6-black-1600.jpg,One size,Black,unisex,,D·TELCO Shop
44,39.00,39.00,acc-buds-redmi-6-white,acc-buds-redmi-6,Redmi Buds 6 White,https://d-telco.github.io/telco/assets/catalog/acc-buds-redmi-6-white-1200.jpg,https://d-telco.github.io/telco/assets/catalog/acc-buds-redmi-6-white-400.jpg,https://d-telco.github.io/telco/assets/catalog/acc-buds-redmi-6-white-1600.jpg,One size,White,unisex,,D·TELCO Shop
22,34.00,34.00,acc-case-galaxy-s25-black,acc-case-galaxy-s25,Protective case for Galaxy S25 Black,https://d-telco.github.io/telco/assets/catalog/acc-case-galaxy-s25-black-1200.jpg,https://d-telco.github.io/telco/assets/catalog/acc-case-galaxy-s25-black-400.jpg,https://d-telco.github.io/telco/assets/catalog/acc-case-galaxy-s25-black-1600.jpg,One size,Black,unisex,,D·TELCO Shop
14,34.00,34.00,acc-case-galaxy-s25-mint,acc-case-galaxy-s25,Protective case for Galaxy S25 Mint,https://d-telco.github.io/telco/assets/catalog/acc-case-galaxy-s25-mint-1200.jpg,https://d-telco.github.io/telco/assets/catalog/acc-case-galaxy-s25-mint-400.jpg,https://d-telco.github.io/telco/assets/catalog/acc-case-galaxy-s25-mint-1600.jpg,One size,Mint,unisex,,D·TELCO Shop
53,44.00,44.00,acc-case-galaxy-s25-ultra-black,acc-case-galaxy-s25-ultra,Protective case for Galaxy S25 Ultra Black,https://d-telco.github.io/telco/assets/catalog/acc-case-galaxy-s25-ultra-black-1200.jpg,https://d-telco.github.io/telco/assets/catalog/acc-case-galaxy-s25-ultra-black-400.jpg,https://d-telco.github.io/telco/assets/catalog/acc-case-galaxy-s25-ultra-black-1600.jpg,One size,Black,unisex,,D·TELCO Shop
93,44.00,44.00,acc-case-galaxy-s25-ultra-navy,acc-case-galaxy-s25-ultra,Protective case for Galaxy S25 Ultra Navy,https://d-telco.github.io/telco/assets/catalog/acc-case-galaxy-s25-ultra-navy-1200.jpg,https://d-telco.github.io/telco/assets/catalog/acc-case-galaxy-s25-ultra-navy-400.jpg,https://d-telco.github.io/telco/assets/catalog/acc-case-galaxy-s25-ultra-navy-1600.jpg,One size,Navy,unisex,,D·TELCO Shop
37,35.00,35.00,acc-case-iphone-16-black,acc-case-iphone-16,Silicone case for iPhone 16 Black,https://d-telco.github.io/telco/assets/catalog/acc-case-iphone-16-black-1200.jpg,https://d-telco.github.io/telco/assets/catalog/acc-case-iphone-16-black-400.jpg,https://d-telco.github.io/telco/assets/catalog/acc-case-iphone-16-black-1600.jpg,One size,Black,unisex,,D·TELCO Shop
2,35.00,35.00,acc-case-iphone-16-pink,acc-case-iphone-16,Silicone case for iPhone 16 Pink,https://d-telco.github.io/telco/assets/catalog/acc-case-iphone-16-pink-1200.jpg,https://d-telco.github.io/telco/assets/catalog/acc-case-iphone-16-pink-400.jpg,https://d-telco.github.io/telco/assets/catalog/acc-case-iphone-16-pink-1600.jpg,One size,Pink,unisex,,D·TELCO Shop
49,45.00,45.00,acc-case-iphone-16-pro-black,acc-case-iphone-16-pro,Silicone case for iPhone 16 Pro Black,https://d-telco.github.io/telco/assets/catalog/acc-case-iphone-16-pro-black-1200.jpg,https://d-telco.github.io/telco/assets/catalog/acc-case-iphone-16-pro-black-400.jpg,https://d-telco.github.io/telco/assets/catalog/acc-case-iphone-16-pro-black-1600.jpg,One size,Black,unisex,,D·TELCO Shop
1,45.00,45.00,acc-case-iphone-16-pro-blue,acc-case-iphone-16-pro,Silicone case for iPhone 16 Pro Blue,https://d-telco.github.io/telco/assets/catalog/acc-case-iphone-16-pro-blue-1200.jpg,https://d-telco.github.io/telco/assets/catalog/acc-case-iphone-16-pro-blue-400.jpg,https://d-telco.github.io/telco/assets/catalog/acc-case-iphone-16-pro-blue-1600.jpg,One size,Blue,unisex,,D·TELCO Shop
15,39.00,39.00,acc-case-iphone-17-black,acc-case-iphone-17,Silicone case for iPhone 17 Black,https://d-telco.github.io/telco/assets/catalog/acc-case-iphone-17-black-1200.jpg,https://d-telco.github.io/telco/assets/catalog/acc-case-iphone-17-black-400.jpg,https://d-telco.github.io/telco/assets/catalog/acc-case-iphone-17-black-1600.jpg,One size,Black,unisex,,D·TELCO Shop
38,39.00,39.00,acc-case-iphone-17-pink,acc-case-iphone-17,Silicone case for iPhone 17 Pink,https://d-telco.github.io/telco/assets/catalog/acc-case-iphone-17-pink-1200.jpg,https://d-telco.github.io/telco/assets/catalog/acc-case-iphone-17-pink-400.jpg,https://d-telco.github.io/telco/assets/catalog/acc-case-iphone-17-pink-1600.jpg,One size,Pink,unisex,,D·TELCO Shop
25,39.00,39.00,acc-case-iphone-17-teal,acc-case-iphone-17,Silicone case for iPhone 17 Teal,https://d-telco.github.io/telco/assets/catalog/acc-case-iphone-17-teal-1200.jpg,https://d-telco.github.io/telco/assets/catalog/acc-case-iphone-17-teal-400.jpg,https://d-telco.github.io/telco/assets/catalog/acc-case-iphone-17-teal-1600.jpg,One size,Teal,unisex,,D·TELCO Shop
42,49.00,49.00,acc-case-iphone-17-pro-black,acc-case-iphone-17-pro,Silicone case for iPhone 17 Pro Black,https://d-telco.github.io/telco/assets/catalog/acc-case-iphone-17-pro-black-1200.jpg,https://d-telco.github.io/telco/assets/catalog/acc-case-iphone-17-pro-black-400.jpg,https://d-telco.github.io/telco/assets/catalog/acc-case-iphone-17-pro-black-1600.jpg,One size,Black,unisex,,D·TELCO Shop
57,49.00,49.00,acc-case-iphone-17-pro-blue,acc-case-iphone-17-pro,Silicone case for iPhone 17 Pro Blue,https://d-telco.github.io/telco/assets/catalog/acc-case-iphone-17-pro-blue-1200.jpg,https://d-telco.github.io/telco/assets/catalog/acc-case-iphone-17-pro-blue-400.jpg,https://d-telco.github.io/telco/assets/catalog/acc-case-iphone-17-pro-blue-1600.jpg,One size,Blue,unisex,,D·TELCO Shop
26,49.00,49.00,acc-case-iphone-17-pro-sand,acc-case-iphone-17-pro,Silicone case for iPhone 17 Pro Sand,https://d-telco.github.io/telco/assets/catalog/acc-case-iphone-17-pro-sand-1200.jpg,https://d-telco.github.io/telco/assets/catalog/acc-case-iphone-17-pro-sand-400.jpg,https://d-telco.github.io/telco/assets/catalog/acc-case-iphone-17-pro-sand-1600.jpg,One size,Sand,unisex,,D·TELCO Shop
80,49.00,49.00,acc-case-iphone-17-pro-max-black,acc-case-iphone-17-pro-max,Silicone case for iPhone 17 Pro Max Black,https://d-telco.github.io/telco/assets/catalog/acc-case-iphone-17-pro-max-black-1200.jpg,https://d-telco.github.io/telco/assets/catalog/acc-case-iphone-17-pro-max-black-400.jpg,https://d-telco.github.io/telco/assets/catalog/acc-case-iphone-17-pro-max-black-1600.jpg,One size,Black,unisex,,D·TELCO Shop
101,49.00,49.00,acc-case-iphone-17-pro-max-blue,acc-case-iphone-17-pro-max,Silicone case for iPhone 17 Pro Max Blue,https://d-telco.github.io/telco/assets/catalog/acc-case-iphone-17-pro-max-blue-1200.jpg,https://d-telco.github.io/telco/assets/catalog/acc-case-iphone-17-pro-max-blue-400.jpg,https://d-telco.github.io/telco/assets/catalog/acc-case-iphone-17-pro-max-blue-1600.jpg,One size,Blue,unisex,,D·TELCO Shop
45,49.00,49.00,acc-case-iphone-17-pro-max-sand,acc-case-iphone-17-pro-max,Silicone case for iPhone 17 Pro Max Sand,https://d-telco.github.io/telco/assets/catalog/acc-case-iphone-17-pro-max-sand-1200.jpg,https://d-telco.github.io/telco/assets/catalog/acc-case-iphone-17-pro-max-sand-400.jpg,https://d-telco.github.io/telco/assets/catalog/acc-case-iphone-17-pro-max-sand-1600.jpg,One size,Sand,unisex,,D·TELCO Shop
2,32.00,32.00,acc-case-pixel-10-indigo,acc-case-pixel-10,Protective case for Pixel 10 Indigo,https://d-telco.github.io/telco/assets/catalog/acc-case-pixel-10-indigo-1200.jpg,https://d-telco.github.io/telco/assets/catalog/acc-case-pixel-10-indigo-400.jpg,https://d-telco.github.io/telco/assets/catalog/acc-case-pixel-10-indigo-1600.jpg,One size,Indigo,unisex,,D·TELCO Shop
27,32.00,32.00,acc-case-pixel-10-obsidian,acc-case-pixel-10,Protective case for Pixel 10 Obsidian,https://d-telco.github.io/telco/assets/catalog/acc-case-pixel-10-obsidian-1200.jpg,https://d-telco.github.io/telco/assets/catalog/acc-case-pixel-10-obsidian-400.jpg,https://d-telco.github.io/telco/assets/catalog/acc-case-pixel-10-obsidian-1600.jpg,One size,Obsidian,unisex,,D·TELCO Shop
3,39.00,39.00,acc-case-pixel-10-pro-jade,acc-case-pixel-10-pro,Protective case for Pixel 10 Pro Jade,https://d-telco.github.io/telco/assets/catalog/acc-case-pixel-10-pro-jade-1200.jpg,https://d-telco.github.io/telco/assets/catalog/acc-case-pixel-10-pro-jade-400.jpg,https://d-telco.github.io/telco/assets/catalog/acc-case-pixel-10-pro-jade-1600.jpg,One size,Jade,unisex,,D·TELCO Shop
10,39.00,39.00,acc-case-pixel-10-pro-obsidian,acc-case-pixel-10-pro,Protective case for Pixel 10 Pro Obsidian,https://d-telco.github.io/telco/assets/catalog/acc-case-pixel-10-pro-obsidian-1200.jpg,https://d-telco.github.io/telco/assets/catalog/acc-case-pixel-10-pro-obsidian-400.jpg,https://d-telco.github.io/telco/assets/catalog/acc-case-pixel-10-pro-obsidian-1600.jpg,One size,Obsidian,unisex,,D·TELCO Shop
36,14.00,14.00,acc-case-universal-clear-clear,acc-case-universal-clear,"Clear case, universal fit Clear",https://d-telco.github.io/telco/assets/catalog/acc-case-universal-clear-clear-1200.jpg,https://d-telco.github.io/telco/assets/catalog/acc-case-universal-clear-clear-400.jpg,https://d-telco.github.io/telco/assets/catalog/acc-case-universal-clear-clear-1600.jpg,One size,Clear,unisex,,D·TELCO Shop
27,19.00,19.00,acc-charger-car-usbc-black,acc-charger-car-usbc,Car charger USB-C Black,https://d-telco.github.io/telco/assets/catalog/acc-charger-car-usbc-black-1200.jpg,https://d-telco.github.io/telco/assets/catalog/acc-charger-car-usbc-black-400.jpg,https://d-telco.github.io/telco/assets/catalog/acc-charger-car-usbc-black-1600.jpg,One size,Black,unisex,,D·TELCO Shop
29,54.00,54.00,acc-charger-gan-65w-black,acc-charger-gan-65w,65 W GaN travel charger Black,https://d-telco.github.io/telco/assets/catalog/acc-charger-gan-65w-black-1200.jpg,https://d-telco.github.io/telco/assets/catalog/acc-charger-gan-65w-black-400.jpg,https://d-telco.github.io/telco/assets/catalog/acc-charger-gan-65w-black-1600.jpg,One size,Black,unisex,,D·TELCO Shop
44,49.00,49.00,acc-charger-magsafe-white,acc-charger-magsafe,Magnetic wireless charger White,https://d-telco.github.io/telco/assets/catalog/acc-charger-magsafe-white-1200.jpg,https://d-telco.github.io/telco/assets/catalog/acc-charger-magsafe-white-400.jpg,https://d-telco.github.io/telco/assets/catalog/acc-charger-magsafe-white-1600.jpg,One size,White,unisex,,D·TELCO Shop
48,24.00,24.00,acc-charger-usbc-20w-white,acc-charger-usbc-20w,20 W USB-C charger White,https://d-telco.github.io/telco/assets/catalog/acc-charger-usbc-20w-white-1200.jpg,https://d-telco.github.io/telco/assets/catalog/acc-charger-usbc-20w-white-400.jpg,https://d-telco.github.io/telco/assets/catalog/acc-charger-usbc-20w-white-1600.jpg,One size,White,unisex,,D·TELCO Shop
44,39.00,39.00,acc-charger-usbc-45w-black,acc-charger-usbc-45w,45 W USB-C charger Black,https://d-telco.github.io/telco/assets/catalog/acc-charger-usbc-45w-black-1200.jpg,https://d-telco.github.io/telco/assets/catalog/acc-charger-usbc-45w-black-400.jpg,https://d-telco.github.io/telco/assets/catalog/acc-charger-usbc-45w-black-1600.jpg,One size,Black,unisex,,D·TELCO Shop
44,39.00,39.00,acc-charger-usbc-45w-white,acc-charger-usbc-45w,45 W USB-C charger White,https://d-telco.github.io/telco/assets/catalog/acc-charger-usbc-45w-white-1200.jpg,https://d-telco.github.io/telco/assets/catalog/acc-charger-usbc-45w-white-400.jpg,https://d-telco.github.io/telco/assets/catalog/acc-charger-usbc-45w-white-1600.jpg,One size,White,unisex,,D·TELCO Shop
1,44.00,44.00,acc-charger-wireless-pad-black,acc-charger-wireless-pad,Wireless charging pad Black,https://d-telco.github.io/telco/assets/catalog/acc-charger-wireless-pad-black-1200.jpg,https://d-telco.github.io/telco/assets/catalog/acc-charger-wireless-pad-black-400.jpg,https://d-telco.github.io/telco/assets/catalog/acc-charger-wireless-pad-black-1600.jpg,One size,Black,unisex,,D·TELCO Shop
10,44.00,44.00,acc-charger-wireless-pad-white,acc-charger-wireless-pad,Wireless charging pad White,https://d-telco.github.io/telco/assets/catalog/acc-charger-wireless-pad-white-1200.jpg,https://d-telco.github.io/telco/assets/catalog/acc-charger-wireless-pad-white-400.jpg,https://d-telco.github.io/telco/assets/catalog/acc-charger-wireless-pad-white-1600.jpg,One size,White,unisex,,D·TELCO Shop
5,39.00,39.00,acc-power-10000-black,acc-power-10000,10 000 mAh power bank Black,https://d-telco.github.io/telco/assets/catalog/acc-power-10000-black-1200.jpg,https://d-telco.github.io/telco/assets/catalog/acc-power-10000-black-400.jpg,https://d-telco.github.io/telco/assets/catalog/acc-power-10000-black-1600.jpg,One size,Black,unisex,,D·TELCO Shop
70,39.00,39.00,acc-power-10000-blue,acc-power-10000,10 000 mAh power bank Blue,https://d-telco.github.io/telco/assets/catalog/acc-power-10000-blue-1200.jpg,https://d-telco.github.io/telco/assets/catalog/acc-power-10000-blue-400.jpg,https://d-telco.github.io/telco/assets/catalog/acc-power-10000-blue-1600.jpg,One size,Blue,unisex,,D·TELCO Shop
41,59.00,59.00,acc-power-20000-black,acc-power-20000,20 000 mAh power bank Black,https://d-telco.github.io/telco/assets/catalog/acc-power-20000-black-1200.jpg,https://d-telco.github.io/telco/assets/catalog/acc-power-20000-black-400.jpg,https://d-telco.github.io/telco/assets/catalog/acc-power-20000-black-1600.jpg,One size,Black,unisex,,D·TELCO Shop
107,24.00,24.00,acc-power-5000-black,acc-power-5000,5 000 mAh power bank Black,https://d-telco.github.io/telco/assets/catalog/acc-power-5000-black-1200.jpg,https://d-telco.github.io/telco/assets/catalog/acc-power-5000-black-400.jpg,https://d-telco.github.io/telco/assets/catalog/acc-power-5000-black-1600.jpg,One size,Black,unisex,,D·TELCO Shop
68,24.00,24.00,acc-power-5000-white,acc-power-5000,5 000 mAh power bank White,https://d-telco.github.io/telco/assets/catalog/acc-power-5000-white-1200.jpg,https://d-telco.github.io/telco/assets/catalog/acc-power-5000-white-400.jpg,https://d-telco.github.io/telco/assets/catalog/acc-power-5000-white-1600.jpg,One size,White,unisex,,D·TELCO Shop
0,49.00,49.00,acc-power-magnetic-5000-black,acc-power-magnetic-5000,5 000 mAh magnetic power bank Black,https://d-telco.github.io/telco/assets/catalog/acc-power-magnetic-5000-black-1200.jpg,https://d-telco.github.io/telco/assets/catalog/acc-power-magnetic-5000-black-400.jpg,https://d-telco.github.io/telco/assets/catalog/acc-power-magnetic-5000-black-1600.jpg,One size,Black,unisex,,D·TELCO Shop
0,49.00,49.00,acc-power-magnetic-5000-white,acc-power-magnetic-5000,5 000 mAh magnetic power bank White,https://d-telco.github.io/telco/assets/catalog/acc-power-magnetic-5000-white-1200.jpg,https://d-telco.github.io/telco/assets/catalog/acc-power-magnetic-5000-white-400.jpg,https://d-telco.github.io/telco/assets/catalog/acc-power-magnetic-5000-white-1600.jpg,One size,White,unisex,,D·TELCO Shop
114,19.00,19.00,acc-screen-galaxy-s25-clear,acc-screen-galaxy-s25,Screen protector for Galaxy S25 family Clear,https://d-telco.github.io/telco/assets/catalog/acc-screen-galaxy-s25-clear-1200.jpg,https://d-telco.github.io/telco/assets/catalog/acc-screen-galaxy-s25-clear-400.jpg,https://d-telco.github.io/telco/assets/catalog/acc-screen-galaxy-s25-clear-1600.jpg,One size,Clear,unisex,,D·TELCO Shop
24,19.00,19.00,acc-screen-iphone-16-clear,acc-screen-iphone-16,Screen protector for iPhone 16 family Clear,https://d-telco.github.io/telco/assets/catalog/acc-screen-iphone-16-clear-1200.jpg,https://d-telco.github.io/telco/assets/catalog/acc-screen-iphone-16-clear-400.jpg,https://d-telco.github.io/telco/assets/catalog/acc-screen-iphone-16-clear-1600.jpg,One size,Clear,unisex,,D·TELCO Shop
47,19.00,19.00,acc-screen-iphone-17-clear,acc-screen-iphone-17,Screen protector for iPhone 17 family Clear,https://d-telco.github.io/telco/assets/catalog/acc-screen-iphone-17-clear-1200.jpg,https://d-telco.github.io/telco/assets/catalog/acc-screen-iphone-17-clear-400.jpg,https://d-telco.github.io/telco/assets/catalog/acc-screen-iphone-17-clear-1600.jpg,One size,Clear,unisex,,D·TELCO Shop
45,19.00,19.00,acc-screen-pixel-10-clear,acc-screen-pixel-10,Screen protector for Pixel 10 family Clear,https://d-telco.github.io/telco/assets/catalog/acc-screen-pixel-10-clear-1200.jpg,https://d-telco.github.io/telco/assets/catalog/acc-screen-pixel-10-clear-400.jpg,https://d-telco.github.io/telco/assets/catalog/acc-screen-pixel-10-clear-1600.jpg,One size,Clear,unisex,,D·TELCO Shop
9999,2.99,2.99,addon-5g,addon-5g,5G access,https://d-telco.github.io/telco/assets/catalog/addon-5g-1200.jpg,https://d-telco.github.io/telco/assets/catalog/addon-5g-400.jpg,https://d-telco.github.io/telco/assets/catalog/addon-5g-1600.jpg,,,,,D·TELCO
9999,0.00,0.00,addon-balance-notify,addon-balance-notify,Balance notification,https://d-telco.github.io/telco/assets/catalog/addon-balance-notify-1200.jpg,https://d-telco.github.io/telco/assets/catalog/addon-balance-notify-400.jpg,https://d-telco.github.io/telco/assets/catalog/addon-balance-notify-1600.jpg,,,,,D·TELCO
9999,15.99,15.99,addon-intl-120,addon-intl-120,120 international minutes,https://d-telco.github.io/telco/assets/catalog/addon-intl-120-1200.jpg,https://d-telco.github.io/telco/assets/catalog/addon-intl-120-400.jpg,https://d-telco.github.io/telco/assets/catalog/addon-intl-120-1600.jpg,120 minutes / 28 days,,,,D·TELCO
9999,4.99,4.99,addon-intl-30,addon-intl-30,30 international minutes,https://d-telco.github.io/telco/assets/catalog/addon-intl-30-1200.jpg,https://d-telco.github.io/telco/assets/catalog/addon-intl-30-400.jpg,https://d-telco.github.io/telco/assets/catalog/addon-intl-30-1600.jpg,30 minutes / 28 days,,,,D·TELCO
9999,34.99,34.99,addon-intl-300,addon-intl-300,300 international minutes,https://d-telco.github.io/telco/assets/catalog/addon-intl-300-1200.jpg,https://d-telco.github.io/telco/assets/catalog/addon-intl-300-400.jpg,https://d-telco.github.io/telco/assets/catalog/addon-intl-300-1600.jpg,300 minutes / 28 days,,,,D·TELCO
9999,8.99,8.99,addon-intl-60,addon-intl-60,60 international minutes,https://d-telco.github.io/telco/assets/catalog/addon-intl-60-1200.jpg,https://d-telco.github.io/telco/assets/catalog/addon-intl-60-400.jpg,https://d-telco.github.io/telco/assets/catalog/addon-intl-60-1600.jpg,60 minutes / 28 days,,,,D·TELCO
9999,1.49,1.49,addon-min-100,addon-min-100,100 national minutes,https://d-telco.github.io/telco/assets/catalog/addon-min-100-1200.jpg,https://d-telco.github.io/telco/assets/catalog/addon-min-100-400.jpg,https://d-telco.github.io/telco/assets/catalog/addon-min-100-1600.jpg,100 minutes / 28 days,,,,D·TELCO
9999,3.49,3.49,addon-min-300,addon-min-300,300 national minutes,https://d-telco.github.io/telco/assets/catalog/addon-min-300-1200.jpg,https://d-telco.github.io/telco/assets/catalog/addon-min-300-400.jpg,https://d-telco.github.io/telco/assets/catalog/addon-min-300-1600.jpg,300 minutes / 28 days,,,,D·TELCO
9999,5.99,5.99,addon-min-600,addon-min-600,600 national minutes,https://d-telco.github.io/telco/assets/catalog/addon-min-600-1200.jpg,https://d-telco.github.io/telco/assets/catalog/addon-min-600-400.jpg,https://d-telco.github.io/telco/assets/catalog/addon-min-600-1600.jpg,600 minutes / 28 days,,,,D·TELCO
9999,9.99,9.99,addon-min-unl,addon-min-unl,Unlimited national minutes,https://d-telco.github.io/telco/assets/catalog/addon-min-unl-1200.jpg,https://d-telco.github.io/telco/assets/catalog/addon-min-unl-400.jpg,https://d-telco.github.io/telco/assets/catalog/addon-min-unl-1600.jpg,unlimited minutes / 28 days,,,,D·TELCO
9999,4.99,4.99,addon-sms-1000,addon-sms-1000,1000 SMS,https://d-telco.github.io/telco/assets/catalog/addon-sms-1000-1200.jpg,https://d-telco.github.io/telco/assets/catalog/addon-sms-1000-400.jpg,https://d-telco.github.io/telco/assets/catalog/addon-sms-1000-1600.jpg,1000 SMS / 28 days,,,,D·TELCO
9999,1.19,1.19,addon-sms-150,addon-sms-150,150 SMS,https://d-telco.github.io/telco/assets/catalog/addon-sms-150-1200.jpg,https://d-telco.github.io/telco/assets/catalog/addon-sms-150-400.jpg,https://d-telco.github.io/telco/assets/catalog/addon-sms-150-1600.jpg,150 SMS / 28 days,,,,D·TELCO
9999,1.79,1.79,addon-sms-250,addon-sms-250,250 SMS,https://d-telco.github.io/telco/assets/catalog/addon-sms-250-1200.jpg,https://d-telco.github.io/telco/assets/catalog/addon-sms-250-400.jpg,https://d-telco.github.io/telco/assets/catalog/addon-sms-250-1600.jpg,250 SMS / 28 days,,,,D·TELCO
9999,0.49,0.49,addon-sms-50,addon-sms-50,50 SMS,https://d-telco.github.io/telco/assets/catalog/addon-sms-50-1200.jpg,https://d-telco.github.io/telco/assets/catalog/addon-sms-50-400.jpg,https://d-telco.github.io/telco/assets/catalog/addon-sms-50-1600.jpg,50 SMS / 28 days,,,,D·TELCO
9999,2.99,2.99,addon-sms-500,addon-sms-500,500 SMS,https://d-telco.github.io/telco/assets/catalog/addon-sms-500-1200.jpg,https://d-telco.github.io/telco/assets/catalog/addon-sms-500-400.jpg,https://d-telco.github.io/telco/assets/catalog/addon-sms-500-1600.jpg,500 SMS / 28 days,,,,D·TELCO
9999,0.00,0.00,addon-volte,addon-volte,VoLTE,https://d-telco.github.io/telco/assets/catalog/addon-volte-1200.jpg,https://d-telco.github.io/telco/assets/catalog/addon-volte-400.jpg,https://d-telco.github.io/telco/assets/catalog/addon-volte-1600.jpg,,,,,D·TELCO
9999,0.00,0.00,addon-vowifi,addon-vowifi,VoWiFi,https://d-telco.github.io/telco/assets/catalog/addon-vowifi-1200.jpg,https://d-telco.github.io/telco/assets/catalog/addon-vowifi-400.jpg,https://d-telco.github.io/telco/assets/catalog/addon-vowifi-1600.jpg,,,,,D·TELCO
9999,74.99,74.99,bundle-converge-1000,bundle-converge-1000,Fiber 1 Gbps with Klass 31,https://d-telco.github.io/telco/assets/catalog/bundle-converge-1000-1200.jpg,https://d-telco.github.io/telco/assets/catalog/bundle-converge-1000-400.jpg,https://d-telco.github.io/telco/assets/catalog/bundle-converge-1000-1600.jpg,Home plus mobile,,,,D·TELCO
9999,44.99,44.99,bundle-converge-300,bundle-converge-300,Fiber 300 with Klass 19,https://d-telco.github.io/telco/assets/catalog/bundle-converge-300-1200.jpg,https://d-telco.github.io/telco/assets/catalog/bundle-converge-300-400.jpg,https://d-telco.github.io/telco/assets/catalog/bundle-converge-300-1600.jpg,Home plus mobile,,,,D·TELCO
9999,34.00,34.00,bundle-family-2,bundle-family-2,Family 2 lines,https://d-telco.github.io/telco/assets/catalog/bundle-family-2-1200.jpg,https://d-telco.github.io/telco/assets/catalog/bundle-family-2-400.jpg,https://d-telco.github.io/telco/assets/catalog/bundle-family-2-1600.jpg,2 lines,,,,D·TELCO
9999,48.00,48.00,bundle-family-3,bundle-family-3,Family 3 lines,https://d-telco.github.io/telco/assets/catalog/bundle-family-3-1200.jpg,https://d-telco.github.io/telco/assets/catalog/bundle-family-3-400.jpg,https://d-telco.github.io/telco/assets/catalog/bundle-family-3-1600.jpg,3 lines,,,,D·TELCO
9999,60.00,60.00,bundle-family-4,bundle-family-4,Family 4 lines,https://d-telco.github.io/telco/assets/catalog/bundle-family-4-1200.jpg,https://d-telco.github.io/telco/assets/catalog/bundle-family-4-400.jpg,https://d-telco.github.io/telco/assets/catalog/bundle-family-4-1600.jpg,4 lines,,,,D·TELCO
9999,465.00,465.00,bundle-galaxy-a56-go-17-99,bundle-galaxy-a56-go-17-99,Galaxy A56 with GO 17.99,https://d-telco.github.io/telco/assets/catalog/bundle-galaxy-a56-go-17-99-1200.jpg,https://d-telco.github.io/telco/assets/catalog/bundle-galaxy-a56-go-17-99-400.jpg,https://d-telco.github.io/telco/assets/catalog/bundle-galaxy-a56-go-17-99-1600.jpg,12 months included data,,,,D·TELCO
9999,869.00,869.00,bundle-galaxy-s25-klass-19,bundle-galaxy-s25-klass-19,Galaxy S25 with Klass 19,https://d-telco.github.io/telco/assets/catalog/bundle-galaxy-s25-klass-19-1200.jpg,https://d-telco.github.io/telco/assets/catalog/bundle-galaxy-s25-klass-19-400.jpg,https://d-telco.github.io/telco/assets/catalog/bundle-galaxy-s25-klass-19-1600.jpg,18 months included data,,,,D·TELCO
9999,1329.00,1329.00,bundle-galaxy-s25-ultra-klass-55,bundle-galaxy-s25-ultra-klass-55,Galaxy S25 Ultra with Klass 55,https://d-telco.github.io/telco/assets/catalog/bundle-galaxy-s25-ultra-klass-55-1200.jpg,https://d-telco.github.io/telco/assets/catalog/bundle-galaxy-s25-ultra-klass-55-400.jpg,https://d-telco.github.io/telco/assets/catalog/bundle-galaxy-s25-ultra-klass-55-1600.jpg,18 months included data,,,,D·TELCO
9999,819.00,819.00,bundle-iphone-16-go-29-99,bundle-iphone-16-go-29-99,iPhone 16 with GO 29.99,https://d-telco.github.io/telco/assets/catalog/bundle-iphone-16-go-29-99-1200.jpg,https://d-telco.github.io/telco/assets/catalog/bundle-iphone-16-go-29-99-400.jpg,https://d-telco.github.io/telco/assets/catalog/bundle-iphone-16-go-29-99-1600.jpg,12 months included data,,,,D·TELCO
9999,615.00,615.00,bundle-iphone-16e-go-17-99,bundle-iphone-16e-go-17-99,iPhone 16e with GO 17.99,https://d-telco.github.io/telco/assets/catalog/bundle-iphone-16e-go-17-99-1200.jpg,https://d-telco.github.io/telco/assets/catalog/bundle-iphone-16e-go-17-99-400.jpg,https://d-telco.github.io/telco/assets/catalog/bundle-iphone-16e-go-17-99-1600.jpg,12 months included data,,,,D·TELCO
9999,969.00,969.00,bundle-iphone-17-klass-19,bundle-iphone-17-klass-19,iPhone 17 with Klass 19,https://d-telco.github.io/telco/assets/catalog/bundle-iphone-17-klass-19-1200.jpg,https://d-telco.github.io/telco/assets/catalog/bundle-iphone-17-klass-19-400.jpg,https://d-telco.github.io/telco/assets/catalog/bundle-iphone-17-klass-19-1600.jpg,18 months included data,,,,D·TELCO
9999,1279.00,1279.00,bundle-iphone-17-pro-klass-31,bundle-iphone-17-pro-klass-31,iPhone 17 Pro with Klass 31,https://d-telco.github.io/telco/assets/catalog/bundle-iphone-17-pro-klass-31-1200.jpg,https://d-telco.github.io/telco/assets/catalog/bundle-iphone-17-pro-klass-31-400.jpg,https://d-telco.github.io/telco/assets/catalog/bundle-iphone-17-pro-klass-31-1600.jpg,18 months included data,,,,D·TELCO
9999,819.00,819.00,bundle-pixel-10-go-29-99,bundle-pixel-10-go-29-99,Pixel 10 with GO 29.99,https://d-telco.github.io/telco/assets/catalog/bundle-pixel-10-go-29-99-1200.jpg,https://d-telco.github.io/telco/assets/catalog/bundle-pixel-10-go-29-99-400.jpg,https://d-telco.github.io/telco/assets/catalog/bundle-pixel-10-go-29-99-1600.jpg,12 months included data,,,,D·TELCO
9999,1029.00,1029.00,bundle-pixel-10-pro-klass-31,bundle-pixel-10-pro-klass-31,Pixel 10 Pro with Klass 31,https://d-telco.github.io/telco/assets/catalog/bundle-pixel-10-pro-klass-31-1200.jpg,https://d-telco.github.io/telco/assets/catalog/bundle-pixel-10-pro-klass-31-400.jpg,https://d-telco.github.io/telco/assets/catalog/bundle-pixel-10-pro-klass-31-1600.jpg,18 months included data,,,,D·TELCO
9999,229.00,229.00,bundle-redmi-note-14-go-11-99,bundle-redmi-note-14-go-11-99,Redmi Note 14 with GO 11.99,https://d-telco.github.io/telco/assets/catalog/bundle-redmi-note-14-go-11-99-1200.jpg,https://d-telco.github.io/telco/assets/catalog/bundle-redmi-note-14-go-11-99-400.jpg,https://d-telco.github.io/telco/assets/catalog/bundle-redmi-note-14-go-11-99-1600.jpg,12 months included data,,,,D·TELCO
9999,49.99,49.99,bundle-travel-europe,bundle-travel-europe,GO 29.99 with Europe 3 GB roaming,https://d-telco.github.io/telco/assets/catalog/bundle-travel-europe-1200.jpg,https://d-telco.github.io/telco/assets/catalog/bundle-travel-europe-400.jpg,https://d-telco.github.io/telco/assets/catalog/bundle-travel-europe-1600.jpg,Plan plus roaming,,,,D·TELCO
9999,59.99,59.99,bundle-travel-world,bundle-travel-world,Klass 31 with World 3 GB roaming,https://d-telco.github.io/telco/assets/catalog/bundle-travel-world-1200.jpg,https://d-telco.github.io/telco/assets/catalog/bundle-travel-world-400.jpg,https://d-telco.github.io/telco/assets/catalog/bundle-travel-world-1600.jpg,Plan plus roaming,,,,D·TELCO
0,449.00,449.00,dev-apple-watch-s11-42mm-midnight,dev-apple-watch-s11,Apple Watch Series 11 42 mm Midnight,https://d-telco.github.io/telco/assets/catalog/dev-apple-watch-s11-midnight-1200.jpg,https://d-telco.github.io/telco/assets/catalog/dev-apple-watch-s11-midnight-400.jpg,https://d-telco.github.io/telco/assets/catalog/dev-apple-watch-s11-midnight-1600.jpg,42 mm,Midnight,unisex,,D·TELCO Shop
0,449.00,449.00,dev-apple-watch-s11-42mm-starlight,dev-apple-watch-s11,Apple Watch Series 11 42 mm Starlight,https://d-telco.github.io/telco/assets/catalog/dev-apple-watch-s11-starlight-1200.jpg,https://d-telco.github.io/telco/assets/catalog/dev-apple-watch-s11-starlight-400.jpg,https://d-telco.github.io/telco/assets/catalog/dev-apple-watch-s11-starlight-1600.jpg,42 mm,Starlight,unisex,,D·TELCO Shop
0,511.86,511.86,dev-apple-watch-s11-46mm-midnight,dev-apple-watch-s11,Apple Watch Series 11 46 mm Midnight,https://d-telco.github.io/telco/assets/catalog/dev-apple-watch-s11-midnight-1200.jpg,https://d-telco.github.io/telco/assets/catalog/dev-apple-watch-s11-midnight-400.jpg,https://d-telco.github.io/telco/assets/catalog/dev-apple-watch-s11-midnight-1600.jpg,46 mm,Midnight,unisex,,D·TELCO Shop
0,511.86,511.86,dev-apple-watch-s11-46mm-starlight,dev-apple-watch-s11,Apple Watch Series 11 46 mm Starlight,https://d-telco.github.io/telco/assets/catalog/dev-apple-watch-s11-starlight-1200.jpg,https://d-telco.github.io/telco/assets/catalog/dev-apple-watch-s11-starlight-400.jpg,https://d-telco.github.io/telco/assets/catalog/dev-apple-watch-s11-starlight-1600.jpg,46 mm,Starlight,unisex,,D·TELCO Shop
2,259.00,259.00,dev-apple-watch-se3-40mm-midnight,dev-apple-watch-se3,Apple Watch SE 3 40 mm Midnight,https://d-telco.github.io/telco/assets/catalog/dev-apple-watch-se3-midnight-1200.jpg,https://d-telco.github.io/telco/assets/catalog/dev-apple-watch-se3-midnight-400.jpg,https://d-telco.github.io/telco/assets/catalog/dev-apple-watch-se3-midnight-1600.jpg,40 mm,Midnight,unisex,,D·TELCO Shop
3,259.00,259.00,dev-apple-watch-se3-40mm-silver,dev-apple-watch-se3,Apple Watch SE 3 40 mm Silver,https://d-telco.github.io/telco/assets/catalog/dev-apple-watch-se3-silver-1200.jpg,https://d-telco.github.io/telco/assets/catalog/dev-apple-watch-se3-silver-400.jpg,https://d-telco.github.io/telco/assets/catalog/dev-apple-watch-se3-silver-1600.jpg,40 mm,Silver,unisex,,D·TELCO Shop
2,295.26,295.26,dev-apple-watch-se3-44mm-midnight,dev-apple-watch-se3,Apple Watch SE 3 44 mm Midnight,https://d-telco.github.io/telco/assets/catalog/dev-apple-watch-se3-midnight-1200.jpg,https://d-telco.github.io/telco/assets/catalog/dev-apple-watch-se3-midnight-400.jpg,https://d-telco.github.io/telco/assets/catalog/dev-apple-watch-se3-midnight-1600.jpg,44 mm,Midnight,unisex,,D·TELCO Shop
2,295.26,295.26,dev-apple-watch-se3-44mm-silver,dev-apple-watch-se3,Apple Watch SE 3 44 mm Silver,https://d-telco.github.io/telco/assets/catalog/dev-apple-watch-se3-silver-1200.jpg,https://d-telco.github.io/telco/assets/catalog/dev-apple-watch-se3-silver-400.jpg,https://d-telco.github.io/telco/assets/catalog/dev-apple-watch-se3-silver-1600.jpg,44 mm,Silver,unisex,,D·TELCO Shop
51,179.00,179.00,dev-galaxy-a16-128gb-black,dev-galaxy-a16,Galaxy A16 128 GB Black,https://d-telco.github.io/telco/assets/catalog/dev-galaxy-a16-black-1200.jpg,https://d-telco.github.io/telco/assets/catalog/dev-galaxy-a16-black-400.jpg,https://d-telco.github.io/telco/assets/catalog/dev-galaxy-a16-black-1600.jpg,128 GB,Black,unisex,,D·TELCO Shop
49,179.00,179.00,dev-galaxy-a16-128gb-blue,dev-galaxy-a16,Galaxy A16 128 GB Blue,https://d-telco.github.io/telco/assets/catalog/dev-galaxy-a16-blue-1200.jpg,https://d-telco.github.io/telco/assets/catalog/dev-galaxy-a16-blue-400.jpg,https://d-telco.github.io/telco/assets/catalog/dev-galaxy-a16-blue-1600.jpg,128 GB,Blue,unisex,,D·TELCO Shop
30,249.00,249.00,dev-galaxy-a26-128gb-black,dev-galaxy-a26,Galaxy A26 128 GB Black,https://d-telco.github.io/telco/assets/catalog/dev-galaxy-a26-black-1200.jpg,https://d-telco.github.io/telco/assets/catalog/dev-galaxy-a26-black-400.jpg,https://d-telco.github.io/telco/assets/catalog/dev-galaxy-a26-black-1600.jpg,128 GB,Black,unisex,,D·TELCO Shop
22,249.00,249.00,dev-galaxy-a26-128gb-mint,dev-galaxy-a26,Galaxy A26 128 GB Mint,https://d-telco.github.io/telco/assets/catalog/dev-galaxy-a26-mint-1200.jpg,https://d-telco.github.io/telco/assets/catalog/dev-galaxy-a26-mint-400.jpg,https://d-telco.github.io/telco/assets/catalog/dev-galaxy-a26-mint-1600.jpg,128 GB,Mint,unisex,,D·TELCO Shop
12,249.00,249.00,dev-galaxy-a26-128gb-white,dev-galaxy-a26,Galaxy A26 128 GB White,https://d-telco.github.io/telco/assets/catalog/dev-galaxy-a26-white-1200.jpg,https://d-telco.github.io/telco/assets/catalog/dev-galaxy-a26-white-400.jpg,https://d-telco.github.io/telco/assets/catalog/dev-galaxy-a26-white-1600.jpg,128 GB,White,unisex,,D·TELCO Shop
12,349.00,349.00,dev-galaxy-a36-128gb-black,dev-galaxy-a36,Galaxy A36 128 GB Black,https://d-telco.github.io/telco/assets/catalog/dev-galaxy-a36-black-1200.jpg,https://d-telco.github.io/telco/assets/catalog/dev-galaxy-a36-black-400.jpg,https://d-telco.github.io/telco/assets/catalog/dev-galaxy-a36-black-1600.jpg,128 GB,Black,unisex,,D·TELCO Shop
7,349.00,349.00,dev-galaxy-a36-128gb-lavender,dev-galaxy-a36,Galaxy A36 128 GB Lavender,https://d-telco.github.io/telco/assets/catalog/dev-galaxy-a36-lavender-1200.jpg,https://d-telco.github.io/telco/assets/catalog/dev-galaxy-a36-lavender-400.jpg,https://d-telco.github.io/telco/assets/catalog/dev-galaxy-a36-lavender-1600.jpg,128 GB,Lavender,unisex,,D·TELCO Shop
7,397.86,397.86,dev-galaxy-a36-256gb-black,dev-galaxy-a36,Galaxy A36 256 GB Black,https://d-telco.github.io/telco/assets/catalog/dev-galaxy-a36-black-1200.jpg,https://d-telco.github.io/telco/assets/catalog/dev-galaxy-a36-black-400.jpg,https://d-telco.github.io/telco/assets/catalog/dev-galaxy-a36-black-1600.jpg,256 GB,Black,unisex,,D·TELCO Shop
6,397.86,397.86,dev-galaxy-a36-256gb-lavender,dev-galaxy-a36,Galaxy A36 256 GB Lavender,https://d-telco.github.io/telco/assets/catalog/dev-galaxy-a36-lavender-1200.jpg,https://d-telco.github.io/telco/assets/catalog/dev-galaxy-a36-lavender-400.jpg,https://d-telco.github.io/telco/assets/catalog/dev-galaxy-a36-lavender-1600.jpg,256 GB,Lavender,unisex,,D·TELCO Shop
17,449.00,449.00,dev-galaxy-a56-128gb-graphite,dev-galaxy-a56,Galaxy A56 128 GB Graphite,https://d-telco.github.io/telco/assets/catalog/dev-galaxy-a56-graphite-1200.jpg,https://d-telco.github.io/telco/assets/catalog/dev-galaxy-a56-graphite-400.jpg,https://d-telco.github.io/telco/assets/catalog/dev-galaxy-a56-graphite-1600.jpg,128 GB,Graphite,unisex,,D·TELCO Shop
13,449.00,449.00,dev-galaxy-a56-128gb-olive,dev-galaxy-a56,Galaxy A56 128 GB Olive,https://d-telco.github.io/telco/assets/catalog/dev-galaxy-a56-olive-1200.jpg,https://d-telco.github.io/telco/assets/catalog/dev-galaxy-a56-olive-400.jpg,https://d-telco.github.io/telco/assets/catalog/dev-galaxy-a56-olive-1600.jpg,128 GB,Olive,unisex,,D·TELCO Shop
50,449.00,449.00,dev-galaxy-a56-128gb-pink,dev-galaxy-a56,Galaxy A56 128 GB Pink,https://d-telco.github.io/telco/assets/catalog/dev-galaxy-a56-pink-1200.jpg,https://d-telco.github.io/telco/assets/catalog/dev-galaxy-a56-pink-400.jpg,https://d-telco.github.io/telco/assets/catalog/dev-galaxy-a56-pink-1600.jpg,128 GB,Pink,unisex,,D·TELCO Shop
10,511.86,511.86,dev-galaxy-a56-256gb-graphite,dev-galaxy-a56,Galaxy A56 256 GB Graphite,https://d-telco.github.io/telco/assets/catalog/dev-galaxy-a56-graphite-1200.jpg,https://d-telco.github.io/telco/assets/catalog/dev-galaxy-a56-graphite-400.jpg,https://d-telco.github.io/telco/assets/catalog/dev-galaxy-a56-graphite-1600.jpg,256 GB,Graphite,unisex,,D·TELCO Shop
2,511.86,511.86,dev-galaxy-a56-256gb-olive,dev-galaxy-a56,Galaxy A56 256 GB Olive,https://d-telco.github.io/telco/assets/catalog/dev-galaxy-a56-olive-1200.jpg,https://d-telco.github.io/telco/assets/catalog/dev-galaxy-a56-olive-400.jpg,https://d-telco.github.io/telco/assets/catalog/dev-galaxy-a56-olive-1600.jpg,256 GB,Olive,unisex,,D·TELCO Shop
32,511.86,511.86,dev-galaxy-a56-256gb-pink,dev-galaxy-a56,Galaxy A56 256 GB Pink,https://d-telco.github.io/telco/assets/catalog/dev-galaxy-a56-pink-1200.jpg,https://d-telco.github.io/telco/assets/catalog/dev-galaxy-a56-pink-400.jpg,https://d-telco.github.io/telco/assets/catalog/dev-galaxy-a56-pink-1600.jpg,256 GB,Pink,unisex,,D·TELCO Shop
2,69.00,69.00,dev-galaxy-fit4-onesize-black,dev-galaxy-fit4,Galaxy Fit4 One size Black,https://d-telco.github.io/telco/assets/catalog/dev-galaxy-fit4-black-1200.jpg,https://d-telco.github.io/telco/assets/catalog/dev-galaxy-fit4-black-400.jpg,https://d-telco.github.io/telco/assets/catalog/dev-galaxy-fit4-black-1600.jpg,One size,Black,unisex,,D·TELCO Shop
4,69.00,69.00,dev-galaxy-fit4-onesize-pink,dev-galaxy-fit4,Galaxy Fit4 One size Pink,https://d-telco.github.io/telco/assets/catalog/dev-galaxy-fit4-pink-1200.jpg,https://d-telco.github.io/telco/assets/catalog/dev-galaxy-fit4-pink-400.jpg,https://d-telco.github.io/telco/assets/catalog/dev-galaxy-fit4-pink-1600.jpg,One size,Pink,unisex,,D·TELCO Shop
16,849.00,849.00,dev-galaxy-s25-128gb-mint,dev-galaxy-s25,Galaxy S25 128 GB Mint,https://d-telco.github.io/telco/assets/catalog/dev-galaxy-s25-mint-1200.jpg,https://d-telco.github.io/telco/assets/catalog/dev-galaxy-s25-mint-400.jpg,https://d-telco.github.io/telco/assets/catalog/dev-galaxy-s25-mint-1600.jpg,128 GB,Mint,unisex,,D·TELCO Shop
20,849.00,849.00,dev-galaxy-s25-128gb-navy,dev-galaxy-s25,Galaxy S25 128 GB Navy,https://d-telco.github.io/telco/assets/catalog/dev-galaxy-s25-navy-1200.jpg,https://d-telco.github.io/telco/assets/catalog/dev-galaxy-s25-navy-400.jpg,https://d-telco.github.io/telco/assets/catalog/dev-galaxy-s25-navy-1600.jpg,128 GB,Navy,unisex,,D·TELCO Shop
31,849.00,849.00,dev-galaxy-s25-128gb-silver,dev-galaxy-s25,Galaxy S25 128 GB Silver,https://d-telco.github.io/telco/assets/catalog/dev-galaxy-s25-silver-1200.jpg,https://d-telco.github.io/telco/assets/catalog/dev-galaxy-s25-silver-400.jpg,https://d-telco.github.io/telco/assets/catalog/dev-galaxy-s25-silver-1600.jpg,128 GB,Silver,unisex,,D·TELCO Shop
41,967.86,967.86,dev-galaxy-s25-256gb-mint,dev-galaxy-s25,Galaxy S25 256 GB Mint,https://d-telco.github.io/telco/assets/catalog/dev-galaxy-s25-mint-1200.jpg,https://d-telco.github.io/telco/assets/catalog/dev-galaxy-s25-mint-400.jpg,https://d-telco.github.io/telco/assets/catalog/dev-galaxy-s25-mint-1600.jpg,256 GB,Mint,unisex,,D·TELCO Shop
14,967.86,967.86,dev-galaxy-s25-256gb-navy,dev-galaxy-s25,Galaxy S25 256 GB Navy,https://d-telco.github.io/telco/assets/catalog/dev-galaxy-s25-navy-1200.jpg,https://d-telco.github.io/telco/assets/catalog/dev-galaxy-s25-navy-400.jpg,https://d-telco.github.io/telco/assets/catalog/dev-galaxy-s25-navy-1600.jpg,256 GB,Navy,unisex,,D·TELCO Shop
12,967.86,967.86,dev-galaxy-s25-256gb-silver,dev-galaxy-s25,Galaxy S25 256 GB Silver,https://d-telco.github.io/telco/assets/catalog/dev-galaxy-s25-silver-1200.jpg,https://d-telco.github.io/telco/assets/catalog/dev-galaxy-s25-silver-400.jpg,https://d-telco.github.io/telco/assets/catalog/dev-galaxy-s25-silver-1600.jpg,256 GB,Silver,unisex,,D·TELCO Shop
3,649.00,649.00,dev-galaxy-s25-fe-128gb-navy,dev-galaxy-s25-fe,Galaxy S25 FE 128 GB Navy,https://d-telco.github.io/telco/assets/catalog/dev-galaxy-s25-fe-navy-1200.jpg,https://d-telco.github.io/telco/assets/catalog/dev-galaxy-s25-fe-navy-400.jpg,https://d-telco.github.io/telco/assets/catalog/dev-galaxy-s25-fe-navy-1600.jpg,128 GB,Navy,unisex,,D·TELCO Shop
26,649.00,649.00,dev-galaxy-s25-fe-128gb-white,dev-galaxy-s25-fe,Galaxy S25 FE 128 GB White,https://d-telco.github.io/telco/assets/catalog/dev-galaxy-s25-fe-white-1200.jpg,https://d-telco.github.io/telco/assets/catalog/dev-galaxy-s25-fe-white-400.jpg,https://d-telco.github.io/telco/assets/catalog/dev-galaxy-s25-fe-white-1600.jpg,128 GB,White,unisex,,D·TELCO Shop
37,739.86,739.86,dev-galaxy-s25-fe-256gb-navy,dev-galaxy-s25-fe,Galaxy S25 FE 256 GB Navy,https://d-telco.github.io/telco/assets/catalog/dev-galaxy-s25-fe-navy-1200.jpg,https://d-telco.github.io/telco/assets/catalog/dev-galaxy-s25-fe-navy-400.jpg,https://d-telco.github.io/telco/assets/catalog/dev-galaxy-s25-fe-navy-1600.jpg,256 GB,Navy,unisex,,D·TELCO Shop
51,739.86,739.86,dev-galaxy-s25-fe-256gb-white,dev-galaxy-s25-fe,Galaxy S25 FE 256 GB White,https://d-telco.github.io/telco/assets/catalog/dev-galaxy-s25-fe-white-1200.jpg,https://d-telco.github.io/telco/assets/catalog/dev-galaxy-s25-fe-white-400.jpg,https://d-telco.github.io/telco/assets/catalog/dev-galaxy-s25-fe-white-1600.jpg,256 GB,White,unisex,,D·TELCO Shop
10,1049.00,1049.00,dev-galaxy-s25-plus-256gb-mint,dev-galaxy-s25-plus,Galaxy S25+ 256 GB Mint,https://d-telco.github.io/telco/assets/catalog/dev-galaxy-s25-plus-mint-1200.jpg,https://d-telco.github.io/telco/assets/catalog/dev-galaxy-s25-plus-mint-400.jpg,https://d-telco.github.io/telco/assets/catalog/dev-galaxy-s25-plus-mint-1600.jpg,256 GB,Mint,unisex,,D·TELCO Shop
5,1049.00,1049.00,dev-galaxy-s25-plus-256gb-navy,dev-galaxy-s25-plus,Galaxy S25+ 256 GB Navy,https://d-telco.github.io/telco/assets/catalog/dev-galaxy-s25-plus-navy-1200.jpg,https://d-telco.github.io/telco/assets/catalog/dev-galaxy-s25-plus-navy-400.jpg,https://d-telco.github.io/telco/assets/catalog/dev-galaxy-s25-plus-navy-1600.jpg,256 GB,Navy,unisex,,D·TELCO Shop
9,1049.00,1049.00,dev-galaxy-s25-plus-256gb-silver,dev-galaxy-s25-plus,Galaxy S25+ 256 GB Silver,https://d-telco.github.io/telco/assets/catalog/dev-galaxy-s25-plus-silver-1200.jpg,https://d-telco.github.io/telco/assets/catalog/dev-galaxy-s25-plus-silver-400.jpg,https://d-telco.github.io/telco/assets/catalog/dev-galaxy-s25-plus-silver-1600.jpg,256 GB,Silver,unisex,,D·TELCO Shop
12,1195.86,1195.86,dev-galaxy-s25-plus-512gb-mint,dev-galaxy-s25-plus,Galaxy S25+ 512 GB Mint,https://d-telco.github.io/telco/assets/catalog/dev-galaxy-s25-plus-mint-1200.jpg,https://d-telco.github.io/telco/assets/catalog/dev-galaxy-s25-plus-mint-400.jpg,https://d-telco.github.io/telco/assets/catalog/dev-galaxy-s25-plus-mint-1600.jpg,512 GB,Mint,unisex,,D·TELCO Shop
15,1195.86,1195.86,dev-galaxy-s25-plus-512gb-navy,dev-galaxy-s25-plus,Galaxy S25+ 512 GB Navy,https://d-telco.github.io/telco/assets/catalog/dev-galaxy-s25-plus-navy-1200.jpg,https://d-telco.github.io/telco/assets/catalog/dev-galaxy-s25-plus-navy-400.jpg,https://d-telco.github.io/telco/assets/catalog/dev-galaxy-s25-plus-navy-1600.jpg,512 GB,Navy,unisex,,D·TELCO Shop
15,1195.86,1195.86,dev-galaxy-s25-plus-512gb-silver,dev-galaxy-s25-plus,Galaxy S25+ 512 GB Silver,https://d-telco.github.io/telco/assets/catalog/dev-galaxy-s25-plus-silver-1200.jpg,https://d-telco.github.io/telco/assets/catalog/dev-galaxy-s25-plus-silver-400.jpg,https://d-telco.github.io/telco/assets/catalog/dev-galaxy-s25-plus-silver-1600.jpg,512 GB,Silver,unisex,,D·TELCO Shop
0,1662.72,1662.72,dev-galaxy-s25-ultra-1tb-titanium-black,dev-galaxy-s25-ultra,Galaxy S25 Ultra 1 TB Titanium Black,https://d-telco.github.io/telco/assets/catalog/dev-galaxy-s25-ultra-titanium-black-1200.jpg,https://d-telco.github.io/telco/assets/catalog/dev-galaxy-s25-ultra-titanium-black-400.jpg,https://d-telco.github.io/telco/assets/catalog/dev-galaxy-s25-ultra-titanium-black-1600.jpg,1 TB,Titanium Black,unisex,,D·TELCO Shop
0,1662.72,1662.72,dev-galaxy-s25-ultra-1tb-titanium-blue,dev-galaxy-s25-ultra,Galaxy S25 Ultra 1 TB Titanium Blue,https://d-telco.github.io/telco/assets/catalog/dev-galaxy-s25-ultra-titanium-blue-1200.jpg,https://d-telco.github.io/telco/assets/catalog/dev-galaxy-s25-ultra-titanium-blue-400.jpg,https://d-telco.github.io/telco/assets/catalog/dev-galaxy-s25-ultra-titanium-blue-1600.jpg,1 TB,Titanium Blue,unisex,,D·TELCO Shop
0,1662.72,1662.72,dev-galaxy-s25-ultra-1tb-titanium-grey,dev-galaxy-s25-ultra,Galaxy S25 Ultra 1 TB Titanium Grey,https://d-telco.github.io/telco/assets/catalog/dev-galaxy-s25-ultra-titanium-grey-1200.jpg,https://d-telco.github.io/telco/assets/catalog/dev-galaxy-s25-ultra-titanium-grey-400.jpg,https://d-telco.github.io/telco/assets/catalog/dev-galaxy-s25-ultra-titanium-grey-1600.jpg,1 TB,Titanium Grey,unisex,,D·TELCO Shop
0,1299.00,1299.00,dev-galaxy-s25-ultra-256gb-titanium-black,dev-galaxy-s25-ultra,Galaxy S25 Ultra 256 GB Titanium Black,https://d-telco.github.io/telco/assets/catalog/dev-galaxy-s25-ultra-titanium-black-1200.jpg,https://d-telco.github.io/telco/assets/catalog/dev-galaxy-s25-ultra-titanium-black-400.jpg,https://d-telco.github.io/telco/assets/catalog/dev-galaxy-s25-ultra-titanium-black-1600.jpg,256 GB,Titanium Black,unisex,,D·TELCO Shop
0,1299.00,1299.00,dev-galaxy-s25-ultra-256gb-titanium-blue,dev-galaxy-s25-ultra,Galaxy S25 Ultra 256 GB Titanium Blue,https://d-telco.github.io/telco/assets/catalog/dev-galaxy-s25-ultra-titanium-blue-1200.jpg,https://d-telco.github.io/telco/assets/catalog/dev-galaxy-s25-ultra-titanium-blue-400.jpg,https://d-telco.github.io/telco/assets/catalog/dev-galaxy-s25-ultra-titanium-blue-1600.jpg,256 GB,Titanium Blue,unisex,,D·TELCO Shop
0,1299.00,1299.00,dev-galaxy-s25-ultra-256gb-titanium-grey,dev-galaxy-s25-ultra,Galaxy S25 Ultra 256 GB Titanium Grey,https://d-telco.github.io/telco/assets/catalog/dev-galaxy-s25-ultra-titanium-grey-1200.jpg,https://d-telco.github.io/telco/assets/catalog/dev-galaxy-s25-ultra-titanium-grey-400.jpg,https://d-telco.github.io/telco/assets/catalog/dev-galaxy-s25-ultra-titanium-grey-1600.jpg,256 GB,Titanium Grey,unisex,,D·TELCO Shop
0,1480.86,1480.86,dev-galaxy-s25-ultra-512gb-titanium-black,dev-galaxy-s25-ultra,Galaxy S25 Ultra 512 GB Titanium Black,https://d-telco.github.io/telco/assets/catalog/dev-galaxy-s25-ultra-titanium-black-1200.jpg,https://d-telco.github.io/telco/assets/catalog/dev-galaxy-s25-ultra-titanium-black-400.jpg,https://d-telco.github.io/telco/assets/catalog/dev-galaxy-s25-ultra-titanium-black-1600.jpg,512 GB,Titanium Black,unisex,,D·TELCO Shop
0,1480.86,1480.86,dev-galaxy-s25-ultra-512gb-titanium-blue,dev-galaxy-s25-ultra,Galaxy S25 Ultra 512 GB Titanium Blue,https://d-telco.github.io/telco/assets/catalog/dev-galaxy-s25-ultra-titanium-blue-1200.jpg,https://d-telco.github.io/telco/assets/catalog/dev-galaxy-s25-ultra-titanium-blue-400.jpg,https://d-telco.github.io/telco/assets/catalog/dev-galaxy-s25-ultra-titanium-blue-1600.jpg,512 GB,Titanium Blue,unisex,,D·TELCO Shop
0,1480.86,1480.86,dev-galaxy-s25-ultra-512gb-titanium-grey,dev-galaxy-s25-ultra,Galaxy S25 Ultra 512 GB Titanium Grey,https://d-telco.github.io/telco/assets/catalog/dev-galaxy-s25-ultra-titanium-grey-1200.jpg,https://d-telco.github.io/telco/assets/catalog/dev-galaxy-s25-ultra-titanium-grey-400.jpg,https://d-telco.github.io/telco/assets/catalog/dev-galaxy-s25-ultra-titanium-grey-1600.jpg,512 GB,Titanium Grey,unisex,,D·TELCO Shop
8,261.06,261.06,dev-galaxy-tab-a9-plus-128gb-graphite,dev-galaxy-tab-a9-plus,Galaxy Tab A9+ 128 GB Graphite,https://d-telco.github.io/telco/assets/catalog/dev-galaxy-tab-a9-plus-graphite-1200.jpg,https://d-telco.github.io/telco/assets/catalog/dev-galaxy-tab-a9-plus-graphite-400.jpg,https://d-telco.github.io/telco/assets/catalog/dev-galaxy-tab-a9-plus-graphite-1600.jpg,128 GB,Graphite,unisex,,D·TELCO Shop
9,261.06,261.06,dev-galaxy-tab-a9-plus-128gb-silver,dev-galaxy-tab-a9-plus,Galaxy Tab A9+ 128 GB Silver,https://d-telco.github.io/telco/assets/catalog/dev-galaxy-tab-a9-plus-silver-1200.jpg,https://d-telco.github.io/telco/assets/catalog/dev-galaxy-tab-a9-plus-silver-400.jpg,https://d-telco.github.io/telco/assets/catalog/dev-galaxy-tab-a9-plus-silver-1600.jpg,128 GB,Silver,unisex,,D·TELCO Shop
9,229.00,229.00,dev-galaxy-tab-a9-plus-64gb-graphite,dev-galaxy-tab-a9-plus,Galaxy Tab A9+ 64 GB Graphite,https://d-telco.github.io/telco/assets/catalog/dev-galaxy-tab-a9-plus-graphite-1200.jpg,https://d-telco.github.io/telco/assets/catalog/dev-galaxy-tab-a9-plus-graphite-400.jpg,https://d-telco.github.io/telco/assets/catalog/dev-galaxy-tab-a9-plus-graphite-1600.jpg,64 GB,Graphite,unisex,,D·TELCO Shop
2,229.00,229.00,dev-galaxy-tab-a9-plus-64gb-silver,dev-galaxy-tab-a9-plus,Galaxy Tab A9+ 64 GB Silver,https://d-telco.github.io/telco/assets/catalog/dev-galaxy-tab-a9-plus-silver-1200.jpg,https://d-telco.github.io/telco/assets/catalog/dev-galaxy-tab-a9-plus-silver-400.jpg,https://d-telco.github.io/telco/assets/catalog/dev-galaxy-tab-a9-plus-silver-1600.jpg,64 GB,Silver,unisex,,D·TELCO Shop
29,799.00,799.00,dev-galaxy-tab-s11-128gb-beige,dev-galaxy-tab-s11,Galaxy Tab S11 128 GB Beige,https://d-telco.github.io/telco/assets/catalog/dev-galaxy-tab-s11-beige-1200.jpg,https://d-telco.github.io/telco/assets/catalog/dev-galaxy-tab-s11-beige-400.jpg,https://d-telco.github.io/telco/assets/catalog/dev-galaxy-tab-s11-beige-1600.jpg,128 GB,Beige,unisex,,D·TELCO Shop
20,799.00,799.00,dev-galaxy-tab-s11-128gb-graphite,dev-galaxy-tab-s11,Galaxy Tab S11 128 GB Graphite,https://d-telco.github.io/telco/assets/catalog/dev-galaxy-tab-s11-graphite-1200.jpg,https://d-telco.github.io/telco/assets/catalog/dev-galaxy-tab-s11-graphite-400.jpg,https://d-telco.github.io/telco/assets/catalog/dev-galaxy-tab-s11-graphite-1600.jpg,128 GB,Graphite,unisex,,D·TELCO Shop
30,910.86,910.86,dev-galaxy-tab-s11-256gb-beige,dev-galaxy-tab-s11,Galaxy Tab S11 256 GB Beige,https://d-telco.github.io/telco/assets/catalog/dev-galaxy-tab-s11-beige-1200.jpg,https://d-telco.github.io/telco/assets/catalog/dev-galaxy-tab-s11-beige-400.jpg,https://d-telco.github.io/telco/assets/catalog/dev-galaxy-tab-s11-beige-1600.jpg,256 GB,Beige,unisex,,D·TELCO Shop
19,910.86,910.86,dev-galaxy-tab-s11-256gb-graphite,dev-galaxy-tab-s11,Galaxy Tab S11 256 GB Graphite,https://d-telco.github.io/telco/assets/catalog/dev-galaxy-tab-s11-graphite-1200.jpg,https://d-telco.github.io/telco/assets/catalog/dev-galaxy-tab-s11-graphite-400.jpg,https://d-telco.github.io/telco/assets/catalog/dev-galaxy-tab-s11-graphite-1600.jpg,256 GB,Graphite,unisex,,D·TELCO Shop
12,1199.00,1199.00,dev-galaxy-tab-s11-ultra-256gb-graphite,dev-galaxy-tab-s11-ultra,Galaxy Tab S11 Ultra 256 GB Graphite,https://d-telco.github.io/telco/assets/catalog/dev-galaxy-tab-s11-ultra-graphite-1200.jpg,https://d-telco.github.io/telco/assets/catalog/dev-galaxy-tab-s11-ultra-graphite-400.jpg,https://d-telco.github.io/telco/assets/catalog/dev-galaxy-tab-s11-ultra-graphite-1600.jpg,256 GB,Graphite,unisex,,D·TELCO Shop
3,1366.86,1366.86,dev-galaxy-tab-s11-ultra-512gb-graphite,dev-galaxy-tab-s11-ultra,Galaxy Tab S11 Ultra 512 GB Graphite,https://d-telco.github.io/telco/assets/catalog/dev-galaxy-tab-s11-ultra-graphite-1200.jpg,https://d-telco.github.io/telco/assets/catalog/dev-galaxy-tab-s11-ultra-graphite-400.jpg,https://d-telco.github.io/telco/assets/catalog/dev-galaxy-tab-s11-ultra-graphite-1600.jpg,512 GB,Graphite,unisex,,D·TELCO Shop
23,349.00,349.00,dev-galaxy-watch8-40mm-graphite,dev-galaxy-watch8,Galaxy Watch8 40 mm Graphite,https://d-telco.github.io/telco/assets/catalog/dev-galaxy-watch8-graphite-1200.jpg,https://d-telco.github.io/telco/assets/catalog/dev-galaxy-watch8-graphite-400.jpg,https://d-telco.github.io/telco/assets/catalog/dev-galaxy-watch8-graphite-1600.jpg,40 mm,Graphite,unisex,,D·TELCO Shop
16,349.00,349.00,dev-galaxy-watch8-40mm-silver,dev-galaxy-watch8,Galaxy Watch8 40 mm Silver,https://d-telco.github.io/telco/assets/catalog/dev-galaxy-watch8-silver-1200.jpg,https://d-telco.github.io/telco/assets/catalog/dev-galaxy-watch8-silver-400.jpg,https://d-telco.github.io/telco/assets/catalog/dev-galaxy-watch8-silver-1600.jpg,40 mm,Silver,unisex,,D·TELCO Shop
36,397.86,397.86,dev-galaxy-watch8-44mm-graphite,dev-galaxy-watch8,Galaxy Watch8 44 mm Graphite,https://d-telco.github.io/telco/assets/catalog/dev-galaxy-watch8-graphite-1200.jpg,https://d-telco.github.io/telco/assets/catalog/dev-galaxy-watch8-graphite-400.jpg,https://d-telco.github.io/telco/assets/catalog/dev-galaxy-watch8-graphite-1600.jpg,44 mm,Graphite,unisex,,D·TELCO Shop
35,397.86,397.86,dev-galaxy-watch8-44mm-silver,dev-galaxy-watch8,Galaxy Watch8 44 mm Silver,https://d-telco.github.io/telco/assets/catalog/dev-galaxy-watch8-silver-1200.jpg,https://d-telco.github.io/telco/assets/catalog/dev-galaxy-watch8-silver-400.jpg,https://d-telco.github.io/telco/assets/catalog/dev-galaxy-watch8-silver-1600.jpg,44 mm,Silver,unisex,,D·TELCO Shop
11,1099.00,1099.00,dev-galaxy-z-flip-7-256gb-black,dev-galaxy-z-flip-7,Galaxy Z Flip 7 256 GB Black,https://d-telco.github.io/telco/assets/catalog/dev-galaxy-z-flip-7-black-1200.jpg,https://d-telco.github.io/telco/assets/catalog/dev-galaxy-z-flip-7-black-400.jpg,https://d-telco.github.io/telco/assets/catalog/dev-galaxy-z-flip-7-black-1600.jpg,256 GB,Black,unisex,,D·TELCO Shop
3,1099.00,1099.00,dev-galaxy-z-flip-7-256gb-mint,dev-galaxy-z-flip-7,Galaxy Z Flip 7 256 GB Mint,https://d-telco.github.io/telco/assets/catalog/dev-galaxy-z-flip-7-mint-1200.jpg,https://d-telco.github.io/telco/assets/catalog/dev-galaxy-z-flip-7-mint-400.jpg,https://d-telco.github.io/telco/assets/catalog/dev-galaxy-z-flip-7-mint-1600.jpg,256 GB,Mint,unisex,,D·TELCO Shop
10,1252.86,1252.86,dev-galaxy-z-flip-7-512gb-black,dev-galaxy-z-flip-7,Galaxy Z Flip 7 512 GB Black,https://d-telco.github.io/telco/assets/catalog/dev-galaxy-z-flip-7-black-1200.jpg,https://d-telco.github.io/telco/assets/catalog/dev-galaxy-z-flip-7-black-400.jpg,https://d-telco.github.io/telco/assets/catalog/dev-galaxy-z-flip-7-black-1600.jpg,512 GB,Black,unisex,,D·TELCO Shop
0,1252.86,1252.86,dev-galaxy-z-flip-7-512gb-mint,dev-galaxy-z-flip-7,Galaxy Z Flip 7 512 GB Mint,https://d-telco.github.io/telco/assets/catalog/dev-galaxy-z-flip-7-mint-1200.jpg,https://d-telco.github.io/telco/assets/catalog/dev-galaxy-z-flip-7-mint-400.jpg,https://d-telco.github.io/telco/assets/catalog/dev-galaxy-z-flip-7-mint-1600.jpg,512 GB,Mint,unisex,,D·TELCO Shop
13,1899.00,1899.00,dev-galaxy-z-fold-7-256gb-black,dev-galaxy-z-fold-7,Galaxy Z Fold 7 256 GB Black,https://d-telco.github.io/telco/assets/catalog/dev-galaxy-z-fold-7-black-1200.jpg,https://d-telco.github.io/telco/assets/catalog/dev-galaxy-z-fold-7-black-400.jpg,https://d-telco.github.io/telco/assets/catalog/dev-galaxy-z-fold-7-black-1600.jpg,256 GB,Black,unisex,,D·TELCO Shop
2,1899.00,1899.00,dev-galaxy-z-fold-7-256gb-silver,dev-galaxy-z-fold-7,Galaxy Z Fold 7 256 GB Silver,https://d-telco.github.io/telco/assets/catalog/dev-galaxy-z-fold-7-silver-1200.jpg,https://d-telco.github.io/telco/assets/catalog/dev-galaxy-z-fold-7-silver-400.jpg,https://d-telco.github.io/telco/assets/catalog/dev-galaxy-z-fold-7-silver-1600.jpg,256 GB,Silver,unisex,,D·TELCO Shop
9,2164.86,2164.86,dev-galaxy-z-fold-7-512gb-black,dev-galaxy-z-fold-7,Galaxy Z Fold 7 512 GB Black,https://d-telco.github.io/telco/assets/catalog/dev-galaxy-z-fold-7-black-1200.jpg,https://d-telco.github.io/telco/assets/catalog/dev-galaxy-z-fold-7-black-400.jpg,https://d-telco.github.io/telco/assets/catalog/dev-galaxy-z-fold-7-black-1600.jpg,512 GB,Black,unisex,,D·TELCO Shop
10,2164.86,2164.86,dev-galaxy-z-fold-7-512gb-silver,dev-galaxy-z-fold-7,Galaxy Z Fold 7 512 GB Silver,https://d-telco.github.io/telco/assets/catalog/dev-galaxy-z-fold-7-silver-1200.jpg,https://d-telco.github.io/telco/assets/catalog/dev-galaxy-z-fold-7-silver-400.jpg,https://d-telco.github.io/telco/assets/catalog/dev-galaxy-z-fold-7-silver-1600.jpg,512 GB,Silver,unisex,,D·TELCO Shop
17,99.00,99.00,dev-home-mesh,dev-home-mesh,Mesh Wi-Fi node,https://d-telco.github.io/telco/assets/catalog/dev-home-mesh-1200.jpg,https://d-telco.github.io/telco/assets/catalog/dev-home-mesh-400.jpg,https://d-telco.github.io/telco/assets/catalog/dev-home-mesh-1600.jpg,One size,White,unisex,,D·TELCO Shop
39,79.00,79.00,dev-home-ont,dev-home-ont,Fiber ONT terminal,https://d-telco.github.io/telco/assets/catalog/dev-home-ont-1200.jpg,https://d-telco.github.io/telco/assets/catalog/dev-home-ont-400.jpg,https://d-telco.github.io/telco/assets/catalog/dev-home-ont-1600.jpg,One size,White,unisex,,D·TELCO Shop
23,69.00,69.00,dev-home-tvbox,dev-home-tvbox,D·TELCO TV box,https://d-telco.github.io/telco/assets/catalog/dev-home-tvbox-1200.jpg,https://d-telco.github.io/telco/assets/catalog/dev-home-tvbox-400.jpg,https://d-telco.github.io/telco/assets/catalog/dev-home-tvbox-1600.jpg,One size,White,unisex,,D·TELCO Shop
12,399.00,399.00,dev-honor-400-128gb-black,dev-honor-400,Honor 400 128 GB Black,https://d-telco.github.io/telco/assets/catalog/dev-honor-400-black-1200.jpg,https://d-telco.github.io/telco/assets/catalog/dev-honor-400-black-400.jpg,https://d-telco.github.io/telco/assets/catalog/dev-honor-400-black-1600.jpg,128 GB,Black,unisex,,D·TELCO Shop
3,399.00,399.00,dev-honor-400-128gb-gold,dev-honor-400,Honor 400 128 GB Gold,https://d-telco.github.io/telco/assets/catalog/dev-honor-400-gold-1200.jpg,https://d-telco.github.io/telco/assets/catalog/dev-honor-400-gold-400.jpg,https://d-telco.github.io/telco/assets/catalog/dev-honor-400-gold-1600.jpg,128 GB,Gold,unisex,,D·TELCO Shop
6,454.86,454.86,dev-honor-400-256gb-black,dev-honor-400,Honor 400 256 GB Black,https://d-telco.github.io/telco/assets/catalog/dev-honor-400-black-1200.jpg,https://d-telco.github.io/telco/assets/catalog/dev-honor-400-black-400.jpg,https://d-telco.github.io/telco/assets/catalog/dev-honor-400-black-1600.jpg,256 GB,Black,unisex,,D·TELCO Shop
12,454.86,454.86,dev-honor-400-256gb-gold,dev-honor-400,Honor 400 256 GB Gold,https://d-telco.github.io/telco/assets/catalog/dev-honor-400-gold-1200.jpg,https://d-telco.github.io/telco/assets/catalog/dev-honor-400-gold-400.jpg,https://d-telco.github.io/telco/assets/catalog/dev-honor-400-gold-1600.jpg,256 GB,Gold,unisex,,D·TELCO Shop
1,549.00,549.00,dev-honor-400-pro-256gb-black,dev-honor-400-pro,Honor 400 Pro 256 GB Black,https://d-telco.github.io/telco/assets/catalog/dev-honor-400-pro-black-1200.jpg,https://d-telco.github.io/telco/assets/catalog/dev-honor-400-pro-black-400.jpg,https://d-telco.github.io/telco/assets/catalog/dev-honor-400-pro-black-1600.jpg,256 GB,Black,unisex,,D·TELCO Shop
3,549.00,549.00,dev-honor-400-pro-256gb-grey,dev-honor-400-pro,Honor 400 Pro 256 GB Grey,https://d-telco.github.io/telco/assets/catalog/dev-honor-400-pro-grey-1200.jpg,https://d-telco.github.io/telco/assets/catalog/dev-honor-400-pro-grey-400.jpg,https://d-telco.github.io/telco/assets/catalog/dev-honor-400-pro-grey-1600.jpg,256 GB,Grey,unisex,,D·TELCO Shop
0,625.86,625.86,dev-honor-400-pro-512gb-black,dev-honor-400-pro,Honor 400 Pro 512 GB Black,https://d-telco.github.io/telco/assets/catalog/dev-honor-400-pro-black-1200.jpg,https://d-telco.github.io/telco/assets/catalog/dev-honor-400-pro-black-400.jpg,https://d-telco.github.io/telco/assets/catalog/dev-honor-400-pro-black-1600.jpg,512 GB,Black,unisex,,D·TELCO Shop
1,625.86,625.86,dev-honor-400-pro-512gb-grey,dev-honor-400-pro,Honor 400 Pro 512 GB Grey,https://d-telco.github.io/telco/assets/catalog/dev-honor-400-pro-grey-1200.jpg,https://d-telco.github.io/telco/assets/catalog/dev-honor-400-pro-grey-400.jpg,https://d-telco.github.io/telco/assets/catalog/dev-honor-400-pro-grey-1600.jpg,512 GB,Grey,unisex,,D·TELCO Shop
3,799.00,799.00,dev-honor-magic-7-256gb-black,dev-honor-magic-7,Honor Magic 7 256 GB Black,https://d-telco.github.io/telco/assets/catalog/dev-honor-magic-7-black-1200.jpg,https://d-telco.github.io/telco/assets/catalog/dev-honor-magic-7-black-400.jpg,https://d-telco.github.io/telco/assets/catalog/dev-honor-magic-7-black-1600.jpg,256 GB,Black,unisex,,D·TELCO Shop
11,799.00,799.00,dev-honor-magic-7-256gb-green,dev-honor-magic-7,Honor Magic 7 256 GB Green,https://d-telco.github.io/telco/assets/catalog/dev-honor-magic-7-green-1200.jpg,https://d-telco.github.io/telco/assets/catalog/dev-honor-magic-7-green-400.jpg,https://d-telco.github.io/telco/assets/catalog/dev-honor-magic-7-green-1600.jpg,256 GB,Green,unisex,,D·TELCO Shop
13,999.00,999.00,dev-honor-magic-7-pro-256gb-black,dev-honor-magic-7-pro,Honor Magic 7 Pro 256 GB Black,https://d-telco.github.io/telco/assets/catalog/dev-honor-magic-7-pro-black-1200.jpg,https://d-telco.github.io/telco/assets/catalog/dev-honor-magic-7-pro-black-400.jpg,https://d-telco.github.io/telco/assets/catalog/dev-honor-magic-7-pro-black-1600.jpg,256 GB,Black,unisex,,D·TELCO Shop
6,999.00,999.00,dev-honor-magic-7-pro-256gb-lunar-grey,dev-honor-magic-7-pro,Honor Magic 7 Pro 256 GB Lunar Grey,https://d-telco.github.io/telco/assets/catalog/dev-honor-magic-7-pro-lunar-grey-1200.jpg,https://d-telco.github.io/telco/assets/catalog/dev-honor-magic-7-pro-lunar-grey-400.jpg,https://d-telco.github.io/telco/assets/catalog/dev-honor-magic-7-pro-lunar-grey-1600.jpg,256 GB,Lunar Grey,unisex,,D·TELCO Shop
11,1138.86,1138.86,dev-honor-magic-7-pro-512gb-black,dev-honor-magic-7-pro,Honor Magic 7 Pro 512 GB Black,https://d-telco.github.io/telco/assets/catalog/dev-honor-magic-7-pro-black-1200.jpg,https://d-telco.github.io/telco/assets/catalog/dev-honor-magic-7-pro-black-400.jpg,https://d-telco.github.io/telco/assets/catalog/dev-honor-magic-7-pro-black-1600.jpg,512 GB,Black,unisex,,D·TELCO Shop
8,1138.86,1138.86,dev-honor-magic-7-pro-512gb-lunar-grey,dev-honor-magic-7-pro,Honor Magic 7 Pro 512 GB Lunar Grey,https://d-telco.github.io/telco/assets/catalog/dev-honor-magic-7-pro-lunar-grey-1200.jpg,https://d-telco.github.io/telco/assets/catalog/dev-honor-magic-7-pro-lunar-grey-400.jpg,https://d-telco.github.io/telco/assets/catalog/dev-honor-magic-7-pro-lunar-grey-1600.jpg,512 GB,Lunar Grey,unisex,,D·TELCO Shop
43,249.00,249.00,dev-honor-pad-10-128gb-blue,dev-honor-pad-10,Honor Pad 10 128 GB Blue,https://d-telco.github.io/telco/assets/catalog/dev-honor-pad-10-blue-1200.jpg,https://d-telco.github.io/telco/assets/catalog/dev-honor-pad-10-blue-400.jpg,https://d-telco.github.io/telco/assets/catalog/dev-honor-pad-10-blue-1600.jpg,128 GB,Blue,unisex,,D·TELCO Shop
27,249.00,249.00,dev-honor-pad-10-128gb-grey,dev-honor-pad-10,Honor Pad 10 128 GB Grey,https://d-telco.github.io/telco/assets/catalog/dev-honor-pad-10-grey-1200.jpg,https://d-telco.github.io/telco/assets/catalog/dev-honor-pad-10-grey-400.jpg,https://d-telco.github.io/telco/assets/catalog/dev-honor-pad-10-grey-1600.jpg,128 GB,Grey,unisex,,D·TELCO Shop
27,283.86,283.86,dev-honor-pad-10-256gb-blue,dev-honor-pad-10,Honor Pad 10 256 GB Blue,https://d-telco.github.io/telco/assets/catalog/dev-honor-pad-10-blue-1200.jpg,https://d-telco.github.io/telco/assets/catalog/dev-honor-pad-10-blue-400.jpg,https://d-telco.github.io/telco/assets/catalog/dev-honor-pad-10-blue-1600.jpg,256 GB,Blue,unisex,,D·TELCO Shop
31,283.86,283.86,dev-honor-pad-10-256gb-grey,dev-honor-pad-10,Honor Pad 10 256 GB Grey,https://d-telco.github.io/telco/assets/catalog/dev-honor-pad-10-grey-1200.jpg,https://d-telco.github.io/telco/assets/catalog/dev-honor-pad-10-grey-400.jpg,https://d-telco.github.io/telco/assets/catalog/dev-honor-pad-10-grey-1600.jpg,256 GB,Grey,unisex,,D·TELCO Shop
5,149.00,149.00,dev-honor-watch-5-onesize-black,dev-honor-watch-5,Honor Watch 5 One size Black,https://d-telco.github.io/telco/assets/catalog/dev-honor-watch-5-black-1200.jpg,https://d-telco.github.io/telco/assets/catalog/dev-honor-watch-5-black-400.jpg,https://d-telco.github.io/telco/assets/catalog/dev-honor-watch-5-black-1600.jpg,One size,Black,unisex,,D·TELCO Shop
3,149.00,149.00,dev-honor-watch-5-onesize-gold,dev-honor-watch-5,Honor Watch 5 One size Gold,https://d-telco.github.io/telco/assets/catalog/dev-honor-watch-5-gold-1200.jpg,https://d-telco.github.io/telco/assets/catalog/dev-honor-watch-5-gold-400.jpg,https://d-telco.github.io/telco/assets/catalog/dev-honor-watch-5-gold-1600.jpg,One size,Gold,unisex,,D·TELCO Shop
6,269.00,269.00,dev-honor-x9c-256gb-black,dev-honor-x9c,Honor X9c 256 GB Black,https://d-telco.github.io/telco/assets/catalog/dev-honor-x9c-black-1200.jpg,https://d-telco.github.io/telco/assets/catalog/dev-honor-x9c-black-400.jpg,https://d-telco.github.io/telco/assets/catalog/dev-honor-x9c-black-1600.jpg,256 GB,Black,unisex,,D·TELCO Shop
27,269.00,269.00,dev-honor-x9c-256gb-jade-cyan,dev-honor-x9c,Honor X9c 256 GB Jade Cyan,https://d-telco.github.io/telco/assets/catalog/dev-honor-x9c-jade-cyan-1200.jpg,https://d-telco.github.io/telco/assets/catalog/dev-honor-x9c-jade-cyan-400.jpg,https://d-telco.github.io/telco/assets/catalog/dev-honor-x9c-jade-cyan-1600.jpg,256 GB,Jade Cyan,unisex,,D·TELCO Shop
8,449.00,449.00,dev-ipad-11-128gb-blue,dev-ipad-11,iPad 11 128 GB Blue,https://d-telco.github.io/telco/assets/catalog/dev-ipad-11-blue-1200.jpg,https://d-telco.github.io/telco/assets/catalog/dev-ipad-11-blue-400.jpg,https://d-telco.github.io/telco/assets/catalog/dev-ipad-11-blue-1600.jpg,128 GB,Blue,unisex,,D·TELCO Shop
12,449.00,449.00,dev-ipad-11-128gb-silver,dev-ipad-11,iPad 11 128 GB Silver,https://d-telco.github.io/telco/assets/catalog/dev-ipad-11-silver-1200.jpg,https://d-telco.github.io/telco/assets/catalog/dev-ipad-11-silver-400.jpg,https://d-telco.github.io/telco/assets/catalog/dev-ipad-11-silver-1600.jpg,128 GB,Silver,unisex,,D·TELCO Shop
13,511.86,511.86,dev-ipad-11-256gb-blue,dev-ipad-11,iPad 11 256 GB Blue,https://d-telco.github.io/telco/assets/catalog/dev-ipad-11-blue-1200.jpg,https://d-telco.github.io/telco/assets/catalog/dev-ipad-11-blue-400.jpg,https://d-telco.github.io/telco/assets/catalog/dev-ipad-11-blue-1600.jpg,256 GB,Blue,unisex,,D·TELCO Shop
6,511.86,511.86,dev-ipad-11-256gb-silver,dev-ipad-11,iPad 11 256 GB Silver,https://d-telco.github.io/telco/assets/catalog/dev-ipad-11-silver-1200.jpg,https://d-telco.github.io/telco/assets/catalog/dev-ipad-11-silver-400.jpg,https://d-telco.github.io/telco/assets/catalog/dev-ipad-11-silver-1600.jpg,256 GB,Silver,unisex,,D·TELCO Shop
31,799.00,799.00,dev-ipad-air-13-128gb-blue,dev-ipad-air-13,iPad Air 13 128 GB Blue,https://d-telco.github.io/telco/assets/catalog/dev-ipad-air-13-blue-1200.jpg,https://d-telco.github.io/telco/assets/catalog/dev-ipad-air-13-blue-400.jpg,https://d-telco.github.io/telco/assets/catalog/dev-ipad-air-13-blue-1600.jpg,128 GB,Blue,unisex,,D·TELCO Shop
6,799.00,799.00,dev-ipad-air-13-128gb-space-grey,dev-ipad-air-13,iPad Air 13 128 GB Space Grey,https://d-telco.github.io/telco/assets/catalog/dev-ipad-air-13-space-grey-1200.jpg,https://d-telco.github.io/telco/assets/catalog/dev-ipad-air-13-space-grey-400.jpg,https://d-telco.github.io/telco/assets/catalog/dev-ipad-air-13-space-grey-1600.jpg,128 GB,Space Grey,unisex,,D·TELCO Shop
23,910.86,910.86,dev-ipad-air-13-256gb-blue,dev-ipad-air-13,iPad Air 13 256 GB Blue,https://d-telco.github.io/telco/assets/catalog/dev-ipad-air-13-blue-1200.jpg,https://d-telco.github.io/telco/assets/catalog/dev-ipad-air-13-blue-400.jpg,https://d-telco.github.io/telco/assets/catalog/dev-ipad-air-13-blue-1600.jpg,256 GB,Blue,unisex,,D·TELCO Shop
21,910.86,910.86,dev-ipad-air-13-256gb-space-grey,dev-ipad-air-13,iPad Air 13 256 GB Space Grey,https://d-telco.github.io/telco/assets/catalog/dev-ipad-air-13-space-grey-1200.jpg,https://d-telco.github.io/telco/assets/catalog/dev-ipad-air-13-space-grey-400.jpg,https://d-telco.github.io/telco/assets/catalog/dev-ipad-air-13-space-grey-1600.jpg,256 GB,Space Grey,unisex,,D·TELCO Shop
0,1299.00,1299.00,dev-ipad-pro-13-256gb-silver,dev-ipad-pro-13,iPad Pro 13 256 GB Silver,https://d-telco.github.io/telco/assets/catalog/dev-ipad-pro-13-silver-1200.jpg,https://d-telco.github.io/telco/assets/catalog/dev-ipad-pro-13-silver-400.jpg,https://d-telco.github.io/telco/assets/catalog/dev-ipad-pro-13-silver-1600.jpg,256 GB,Silver,unisex,,D·TELCO Shop
1,1299.00,1299.00,dev-ipad-pro-13-256gb-space-black,dev-ipad-pro-13,iPad Pro 13 256 GB Space Black,https://d-telco.github.io/telco/assets/catalog/dev-ipad-pro-13-space-black-1200.jpg,https://d-telco.github.io/telco/assets/catalog/dev-ipad-pro-13-space-black-400.jpg,https://d-telco.github.io/telco/assets/catalog/dev-ipad-pro-13-space-black-1600.jpg,256 GB,Space Black,unisex,,D·TELCO Shop
29,1480.86,1480.86,dev-ipad-pro-13-512gb-silver,dev-ipad-pro-13,iPad Pro 13 512 GB Silver,https://d-telco.github.io/telco/assets/catalog/dev-ipad-pro-13-silver-1200.jpg,https://d-telco.github.io/telco/assets/catalog/dev-ipad-pro-13-silver-400.jpg,https://d-telco.github.io/telco/assets/catalog/dev-ipad-pro-13-silver-1600.jpg,512 GB,Silver,unisex,,D·TELCO Shop
14,1480.86,1480.86,dev-ipad-pro-13-512gb-space-black,dev-ipad-pro-13,iPad Pro 13 512 GB Space Black,https://d-telco.github.io/telco/assets/catalog/dev-ipad-pro-13-space-black-1200.jpg,https://d-telco.github.io/telco/assets/catalog/dev-ipad-pro-13-space-black-400.jpg,https://d-telco.github.io/telco/assets/catalog/dev-ipad-pro-13-space-black-1600.jpg,512 GB,Space Black,unisex,,D·TELCO Shop
12,649.00,649.00,dev-iphone-15-128gb-black,dev-iphone-15,iPhone 15 128 GB Black,https://d-telco.github.io/telco/assets/catalog/dev-iphone-15-black-1200.jpg,https://d-telco.github.io/telco/assets/catalog/dev-iphone-15-black-400.jpg,https://d-telco.github.io/telco/assets/catalog/dev-iphone-15-black-1600.jpg,128 GB,Black,unisex,,D·TELCO Shop
1,649.00,649.00,dev-iphone-15-128gb-blue,dev-iphone-15,iPhone 15 128 GB Blue,https://d-telco.github.io/telco/assets/catalog/dev-iphone-15-blue-1200.jpg,https://d-telco.github.io/telco/assets/catalog/dev-iphone-15-blue-400.jpg,https://d-telco.github.io/telco/assets/catalog/dev-iphone-15-blue-1600.jpg,128 GB,Blue,unisex,,D·TELCO Shop
6,649.00,649.00,dev-iphone-15-128gb-green,dev-iphone-15,iPhone 15 128 GB Green,https://d-telco.github.io/telco/assets/catalog/dev-iphone-15-green-1200.jpg,https://d-telco.github.io/telco/assets/catalog/dev-iphone-15-green-400.jpg,https://d-telco.github.io/telco/assets/catalog/dev-iphone-15-green-1600.jpg,128 GB,Green,unisex,,D·TELCO Shop
5,739.86,739.86,dev-iphone-15-256gb-black,dev-iphone-15,iPhone 15 256 GB Black,https://d-telco.github.io/telco/assets/catalog/dev-iphone-15-black-1200.jpg,https://d-telco.github.io/telco/assets/catalog/dev-iphone-15-black-400.jpg,https://d-telco.github.io/telco/assets/catalog/dev-iphone-15-black-1600.jpg,256 GB,Black,unisex,,D·TELCO Shop
4,739.86,739.86,dev-iphone-15-256gb-blue,dev-iphone-15,iPhone 15 256 GB Blue,https://d-telco.github.io/telco/assets/catalog/dev-iphone-15-blue-1200.jpg,https://d-telco.github.io/telco/assets/catalog/dev-iphone-15-blue-400.jpg,https://d-telco.github.io/telco/assets/catalog/dev-iphone-15-blue-1600.jpg,256 GB,Blue,unisex,,D·TELCO Shop
13,739.86,739.86,dev-iphone-15-256gb-green,dev-iphone-15,iPhone 15 256 GB Green,https://d-telco.github.io/telco/assets/catalog/dev-iphone-15-green-1200.jpg,https://d-telco.github.io/telco/assets/catalog/dev-iphone-15-green-400.jpg,https://d-telco.github.io/telco/assets/catalog/dev-iphone-15-green-1600.jpg,256 GB,Green,unisex,,D·TELCO Shop
10,799.00,799.00,dev-iphone-16-128gb-black,dev-iphone-16,iPhone 16 128 GB Black,https://d-telco.github.io/telco/assets/catalog/dev-iphone-16-black-1200.jpg,https://d-telco.github.io/telco/assets/catalog/dev-iphone-16-black-400.jpg,https://d-telco.github.io/telco/assets/catalog/dev-iphone-16-black-1600.jpg,128 GB,Black,unisex,,D·TELCO Shop
4,799.00,799.00,dev-iphone-16-128gb-pink,dev-iphone-16,iPhone 16 128 GB Pink,https://d-telco.github.io/telco/assets/catalog/dev-iphone-16-pink-1200.jpg,https://d-telco.github.io/telco/assets/catalog/dev-iphone-16-pink-400.jpg,https://d-telco.github.io/telco/assets/catalog/dev-iphone-16-pink-1600.jpg,128 GB,Pink,unisex,,D·TELCO Shop
11,799.00,799.00,dev-iphone-16-128gb-teal,dev-iphone-16,iPhone 16 128 GB Teal,https://d-telco.github.io/telco/assets/catalog/dev-iphone-16-teal-1200.jpg,https://d-telco.github.io/telco/assets/catalog/dev-iphone-16-teal-400.jpg,https://d-telco.github.io/telco/assets/catalog/dev-iphone-16-teal-1600.jpg,128 GB,Teal,unisex,,D·TELCO Shop
1,910.86,910.86,dev-iphone-16-256gb-black,dev-iphone-16,iPhone 16 256 GB Black,https://d-telco.github.io/telco/assets/catalog/dev-iphone-16-black-1200.jpg,https://d-telco.github.io/telco/assets/catalog/dev-iphone-16-black-400.jpg,https://d-telco.github.io/telco/assets/catalog/dev-iphone-16-black-1600.jpg,256 GB,Black,unisex,,D·TELCO Shop
5,910.86,910.86,dev-iphone-16-256gb-pink,dev-iphone-16,iPhone 16 256 GB Pink,https://d-telco.github.io/telco/assets/catalog/dev-iphone-16-pink-1200.jpg,https://d-telco.github.io/telco/assets/catalog/dev-iphone-16-pink-400.jpg,https://d-telco.github.io/telco/assets/catalog/dev-iphone-16-pink-1600.jpg,256 GB,Pink,unisex,,D·TELCO Shop
3,910.86,910.86,dev-iphone-16-256gb-teal,dev-iphone-16,iPhone 16 256 GB Teal,https://d-telco.github.io/telco/assets/catalog/dev-iphone-16-teal-1200.jpg,https://d-telco.github.io/telco/assets/catalog/dev-iphone-16-teal-400.jpg,https://d-telco.github.io/telco/assets/catalog/dev-iphone-16-teal-1600.jpg,256 GB,Teal,unisex,,D·TELCO Shop
12,999.00,999.00,dev-iphone-16-pro-128gb-black,dev-iphone-16-pro,iPhone 16 Pro 128 GB Black,https://d-telco.github.io/telco/assets/catalog/dev-iphone-16-pro-black-1200.jpg,https://d-telco.github.io/telco/assets/catalog/dev-iphone-16-pro-black-400.jpg,https://d-telco.github.io/telco/assets/catalog/dev-iphone-16-pro-black-1600.jpg,128 GB,Black,unisex,,D·TELCO Shop
5,999.00,999.00,dev-iphone-16-pro-128gb-desert,dev-iphone-16-pro,iPhone 16 Pro 128 GB Desert,https://d-telco.github.io/telco/assets/catalog/dev-iphone-16-pro-desert-1200.jpg,https://d-telco.github.io/telco/assets/catalog/dev-iphone-16-pro-desert-400.jpg,https://d-telco.github.io/telco/assets/catalog/dev-iphone-16-pro-desert-1600.jpg,128 GB,Desert,unisex,,D·TELCO Shop
37,999.00,999.00,dev-iphone-16-pro-128gb-natural,dev-iphone-16-pro,iPhone 16 Pro 128 GB Natural,https://d-telco.github.io/telco/assets/catalog/dev-iphone-16-pro-natural-1200.jpg,https://d-telco.github.io/telco/assets/catalog/dev-iphone-16-pro-natural-400.jpg,https://d-telco.github.io/telco/assets/catalog/dev-iphone-16-pro-natural-1600.jpg,128 GB,Natural,unisex,,D·TELCO Shop
60,1138.86,1138.86,dev-iphone-16-pro-256gb-black,dev-iphone-16-pro,iPhone 16 Pro 256 GB Black,https://d-telco.github.io/telco/assets/catalog/dev-iphone-16-pro-black-1200.jpg,https://d-telco.github.io/telco/assets/catalog/dev-iphone-16-pro-black-400.jpg,https://d-telco.github.io/telco/assets/catalog/dev-iphone-16-pro-black-1600.jpg,256 GB,Black,unisex,,D·TELCO Shop
15,1138.86,1138.86,dev-iphone-16-pro-256gb-desert,dev-iphone-16-pro,iPhone 16 Pro 256 GB Desert,https://d-telco.github.io/telco/assets/catalog/dev-iphone-16-pro-desert-1200.jpg,https://d-telco.github.io/telco/assets/catalog/dev-iphone-16-pro-desert-400.jpg,https://d-telco.github.io/telco/assets/catalog/dev-iphone-16-pro-desert-1600.jpg,256 GB,Desert,unisex,,D·TELCO Shop
9,1138.86,1138.86,dev-iphone-16-pro-256gb-natural,dev-iphone-16-pro,iPhone 16 Pro 256 GB Natural,https://d-telco.github.io/telco/assets/catalog/dev-iphone-16-pro-natural-1200.jpg,https://d-telco.github.io/telco/assets/catalog/dev-iphone-16-pro-natural-400.jpg,https://d-telco.github.io/telco/assets/catalog/dev-iphone-16-pro-natural-1600.jpg,256 GB,Natural,unisex,,D·TELCO Shop
20,1278.72,1278.72,dev-iphone-16-pro-512gb-black,dev-iphone-16-pro,iPhone 16 Pro 512 GB Black,https://d-telco.github.io/telco/assets/catalog/dev-iphone-16-pro-black-1200.jpg,https://d-telco.github.io/telco/assets/catalog/dev-iphone-16-pro-black-400.jpg,https://d-telco.github.io/telco/assets/catalog/dev-iphone-16-pro-black-1600.jpg,512 GB,Black,unisex,,D·TELCO Shop
10,1278.72,1278.72,dev-iphone-16-pro-512gb-desert,dev-iphone-16-pro,iPhone 16 Pro 512 GB Desert,https://d-telco.github.io/telco/assets/catalog/dev-iphone-16-pro-desert-1200.jpg,https://d-telco.github.io/telco/assets/catalog/dev-iphone-16-pro-desert-400.jpg,https://d-telco.github.io/telco/assets/catalog/dev-iphone-16-pro-desert-1600.jpg,512 GB,Desert,unisex,,D·TELCO Shop
32,1278.72,1278.72,dev-iphone-16-pro-512gb-natural,dev-iphone-16-pro,iPhone 16 Pro 512 GB Natural,https://d-telco.github.io/telco/assets/catalog/dev-iphone-16-pro-natural-1200.jpg,https://d-telco.github.io/telco/assets/catalog/dev-iphone-16-pro-natural-400.jpg,https://d-telco.github.io/telco/assets/catalog/dev-iphone-16-pro-natural-1600.jpg,512 GB,Natural,unisex,,D·TELCO Shop
29,1199.00,1199.00,dev-iphone-16-pro-max-256gb-black,dev-iphone-16-pro-max,iPhone 16 Pro Max 256 GB Black,https://d-telco.github.io/telco/assets/catalog/dev-iphone-16-pro-max-black-1200.jpg,https://d-telco.github.io/telco/assets/catalog/dev-iphone-16-pro-max-black-400.jpg,https://d-telco.github.io/telco/assets/catalog/dev-iphone-16-pro-max-black-1600.jpg,256 GB,Black,unisex,,D·TELCO Shop
5,1199.00,1199.00,dev-iphone-16-pro-max-256gb-desert,dev-iphone-16-pro-max,iPhone 16 Pro Max 256 GB Desert,https://d-telco.github.io/telco/assets/catalog/dev-iphone-16-pro-max-desert-1200.jpg,https://d-telco.github.io/telco/assets/catalog/dev-iphone-16-pro-max-desert-400.jpg,https://d-telco.github.io/telco/assets/catalog/dev-iphone-16-pro-max-desert-1600.jpg,256 GB,Desert,unisex,,D·TELCO Shop
20,1199.00,1199.00,dev-iphone-16-pro-max-256gb-natural,dev-iphone-16-pro-max,iPhone 16 Pro Max 256 GB Natural,https://d-telco.github.io/telco/assets/catalog/dev-iphone-16-pro-max-natural-1200.jpg,https://d-telco.github.io/telco/assets/catalog/dev-iphone-16-pro-max-natural-400.jpg,https://d-telco.github.io/telco/assets/catalog/dev-iphone-16-pro-max-natural-1600.jpg,256 GB,Natural,unisex,,D·TELCO Shop
20,1366.86,1366.86,dev-iphone-16-pro-max-512gb-black,dev-iphone-16-pro-max,iPhone 16 Pro Max 512 GB Black,https://d-telco.github.io/telco/assets/catalog/dev-iphone-16-pro-max-black-1200.jpg,https://d-telco.github.io/telco/assets/catalog/dev-iphone-16-pro-max-black-400.jpg,https://d-telco.github.io/telco/assets/catalog/dev-iphone-16-pro-max-black-1600.jpg,512 GB,Black,unisex,,D·TELCO Shop
23,1366.86,1366.86,dev-iphone-16-pro-max-512gb-desert,dev-iphone-16-pro-max,iPhone 16 Pro Max 512 GB Desert,https://d-telco.github.io/telco/assets/catalog/dev-iphone-16-pro-max-desert-1200.jpg,https://d-telco.github.io/telco/assets/catalog/dev-iphone-16-pro-max-desert-400.jpg,https://d-telco.github.io/telco/assets/catalog/dev-iphone-16-pro-max-desert-1600.jpg,512 GB,Desert,unisex,,D·TELCO Shop
18,1366.86,1366.86,dev-iphone-16-pro-max-512gb-natural,dev-iphone-16-pro-max,iPhone 16 Pro Max 512 GB Natural,https://d-telco.github.io/telco/assets/catalog/dev-iphone-16-pro-max-natural-1200.jpg,https://d-telco.github.io/telco/assets/catalog/dev-iphone-16-pro-max-natural-400.jpg,https://d-telco.github.io/telco/assets/catalog/dev-iphone-16-pro-max-natural-1600.jpg,512 GB,Natural,unisex,,D·TELCO Shop
21,599.00,599.00,dev-iphone-16e-128gb-black,dev-iphone-16e,iPhone 16e 128 GB Black,https://d-telco.github.io/telco/assets/catalog/dev-iphone-16e-black-1200.jpg,https://d-telco.github.io/telco/assets/catalog/dev-iphone-16e-black-400.jpg,https://d-telco.github.io/telco/assets/catalog/dev-iphone-16e-black-1600.jpg,128 GB,Black,unisex,,D·TELCO Shop
43,599.00,599.00,dev-iphone-16e-128gb-white,dev-iphone-16e,iPhone 16e 128 GB White,https://d-telco.github.io/telco/assets/catalog/dev-iphone-16e-white-1200.jpg,https://d-telco.github.io/telco/assets/catalog/dev-iphone-16e-white-400.jpg,https://d-telco.github.io/telco/assets/catalog/dev-iphone-16e-white-1600.jpg,128 GB,White,unisex,,D·TELCO Shop
13,682.86,682.86,dev-iphone-16e-256gb-black,dev-iphone-16e,iPhone 16e 256 GB Black,https://d-telco.github.io/telco/assets/catalog/dev-iphone-16e-black-1200.jpg,https://d-telco.github.io/telco/assets/catalog/dev-iphone-16e-black-400.jpg,https://d-telco.github.io/telco/assets/catalog/dev-iphone-16e-black-1600.jpg,256 GB,Black,unisex,,D·TELCO Shop
36,682.86,682.86,dev-iphone-16e-256gb-white,dev-iphone-16e,iPhone 16e 256 GB White,https://d-telco.github.io/telco/assets/catalog/dev-iphone-16e-white-1200.jpg,https://d-telco.github.io/telco/assets/catalog/dev-iphone-16e-white-400.jpg,https://d-telco.github.io/telco/assets/catalog/dev-iphone-16e-white-1600.jpg,256 GB,White,unisex,,D·TELCO Shop
17,949.00,949.00,dev-iphone-17-128gb-black,dev-iphone-17,iPhone 17 128 GB Black,https://d-telco.github.io/telco/assets/catalog/dev-iphone-17-black-1200.jpg,https://d-telco.github.io/telco/assets/catalog/dev-iphone-17-black-400.jpg,https://d-telco.github.io/telco/assets/catalog/dev-iphone-17-black-1600.jpg,128 GB,Black,unisex,,D·TELCO Shop
15,949.00,949.00,dev-iphone-17-128gb-teal,dev-iphone-17,iPhone 17 128 GB Teal,https://d-telco.github.io/telco/assets/catalog/dev-iphone-17-teal-1200.jpg,https://d-telco.github.io/telco/assets/catalog/dev-iphone-17-teal-400.jpg,https://d-telco.github.io/telco/assets/catalog/dev-iphone-17-teal-1600.jpg,128 GB,Teal,unisex,,D·TELCO Shop
3,949.00,949.00,dev-iphone-17-128gb-white,dev-iphone-17,iPhone 17 128 GB White,https://d-telco.github.io/telco/assets/catalog/dev-iphone-17-white-1200.jpg,https://d-telco.github.io/telco/assets/catalog/dev-iphone-17-white-400.jpg,https://d-telco.github.io/telco/assets/catalog/dev-iphone-17-white-1600.jpg,128 GB,White,unisex,,D·TELCO Shop
8,1081.86,1081.86,dev-iphone-17-256gb-black,dev-iphone-17,iPhone 17 256 GB Black,https://d-telco.github.io/telco/assets/catalog/dev-iphone-17-black-1200.jpg,https://d-telco.github.io/telco/assets/catalog/dev-iphone-17-black-400.jpg,https://d-telco.github.io/telco/assets/catalog/dev-iphone-17-black-1600.jpg,256 GB,Black,unisex,,D·TELCO Shop
27,1081.86,1081.86,dev-iphone-17-256gb-teal,dev-iphone-17,iPhone 17 256 GB Teal,https://d-telco.github.io/telco/assets/catalog/dev-iphone-17-teal-1200.jpg,https://d-telco.github.io/telco/assets/catalog/dev-iphone-17-teal-400.jpg,https://d-telco.github.io/telco/assets/catalog/dev-iphone-17-teal-1600.jpg,256 GB,Teal,unisex,,D·TELCO Shop
5,1081.86,1081.86,dev-iphone-17-256gb-white,dev-iphone-17,iPhone 17 256 GB White,https://d-telco.github.io/telco/assets/catalog/dev-iphone-17-white-1200.jpg,https://d-telco.github.io/telco/assets/catalog/dev-iphone-17-white-400.jpg,https://d-telco.github.io/telco/assets/catalog/dev-iphone-17-white-1600.jpg,256 GB,White,unisex,,D·TELCO Shop
13,1214.72,1214.72,dev-iphone-17-512gb-black,dev-iphone-17,iPhone 17 512 GB Black,https://d-telco.github.io/telco/assets/catalog/dev-iphone-17-black-1200.jpg,https://d-telco.github.io/telco/assets/catalog/dev-iphone-17-black-400.jpg,https://d-telco.github.io/telco/assets/catalog/dev-iphone-17-black-1600.jpg,512 GB,Black,unisex,,D·TELCO Shop
17,1214.72,1214.72,dev-iphone-17-512gb-teal,dev-iphone-17,iPhone 17 512 GB Teal,https://d-telco.github.io/telco/assets/catalog/dev-iphone-17-teal-1200.jpg,https://d-telco.github.io/telco/assets/catalog/dev-iphone-17-teal-400.jpg,https://d-telco.github.io/telco/assets/catalog/dev-iphone-17-teal-1600.jpg,512 GB,Teal,unisex,,D·TELCO Shop
17,1214.72,1214.72,dev-iphone-17-512gb-white,dev-iphone-17,iPhone 17 512 GB White,https://d-telco.github.io/telco/assets/catalog/dev-iphone-17-white-1200.jpg,https://d-telco.github.io/telco/assets/catalog/dev-iphone-17-white-400.jpg,https://d-telco.github.io/telco/assets/catalog/dev-iphone-17-white-1600.jpg,512 GB,White,unisex,,D·TELCO Shop
53,1598.72,1598.72,dev-iphone-17-pro-1tb-black,dev-iphone-17-pro,iPhone 17 Pro 1 TB Black,https://d-telco.github.io/telco/assets/catalog/dev-iphone-17-pro-black-1200.jpg,https://d-telco.github.io/telco/assets/catalog/dev-iphone-17-pro-black-400.jpg,https://d-telco.github.io/telco/assets/catalog/dev-iphone-17-pro-black-1600.jpg,1 TB,Black,unisex,,D·TELCO Shop
8,1598.72,1598.72,dev-iphone-17-pro-1tb-blue,dev-iphone-17-pro,iPhone 17 Pro 1 TB Blue,https://d-telco.github.io/telco/assets/catalog/dev-iphone-17-pro-blue-1200.jpg,https://d-telco.github.io/telco/assets/catalog/dev-iphone-17-pro-blue-400.jpg,https://d-telco.github.io/telco/assets/catalog/dev-iphone-17-pro-blue-1600.jpg,1 TB,Blue,unisex,,D·TELCO Shop
45,1598.72,1598.72,dev-iphone-17-pro-1tb-natural,dev-iphone-17-pro,iPhone 17 Pro 1 TB Natural,https://d-telco.github.io/telco/assets/catalog/dev-iphone-17-pro-natural-1200.jpg,https://d-telco.github.io/telco/assets/catalog/dev-iphone-17-pro-natural-400.jpg,https://d-telco.github.io/telco/assets/catalog/dev-iphone-17-pro-natural-1600.jpg,1 TB,Natural,unisex,,D·TELCO Shop
6,1249.00,1249.00,dev-iphone-17-pro-256gb-black,dev-iphone-17-pro,iPhone 17 Pro 256 GB Black,https://d-telco.github.io/telco/assets/catalog/dev-iphone-17-pro-black-1200.jpg,https://d-telco.github.io/telco/assets/catalog/dev-iphone-17-pro-black-400.jpg,https://d-telco.github.io/telco/assets/catalog/dev-iphone-17-pro-black-1600.jpg,256 GB,Black,unisex,,D·TELCO Shop
1,1249.00,1249.00,dev-iphone-17-pro-256gb-blue,dev-iphone-17-pro,iPhone 17 Pro 256 GB Blue,https://d-telco.github.io/telco/assets/catalog/dev-iphone-17-pro-blue-1200.jpg,https://d-telco.github.io/telco/assets/catalog/dev-iphone-17-pro-blue-400.jpg,https://d-telco.github.io/telco/assets/catalog/dev-iphone-17-pro-blue-1600.jpg,256 GB,Blue,unisex,,D·TELCO Shop
35,1249.00,1249.00,dev-iphone-17-pro-256gb-natural,dev-iphone-17-pro,iPhone 17 Pro 256 GB Natural,https://d-telco.github.io/telco/assets/catalog/dev-iphone-17-pro-natural-1200.jpg,https://d-telco.github.io/telco/assets/catalog/dev-iphone-17-pro-natural-400.jpg,https://d-telco.github.io/telco/assets/catalog/dev-iphone-17-pro-natural-1600.jpg,256 GB,Natural,unisex,,D·TELCO Shop
53,1423.86,1423.86,dev-iphone-17-pro-512gb-black,dev-iphone-17-pro,iPhone 17 Pro 512 GB Black,https://d-telco.github.io/telco/assets/catalog/dev-iphone-17-pro-black-1200.jpg,https://d-telco.github.io/telco/assets/catalog/dev-iphone-17-pro-black-400.jpg,https://d-telco.github.io/telco/assets/catalog/dev-iphone-17-pro-black-1600.jpg,512 GB,Black,unisex,,D·TELCO Shop
21,1423.86,1423.86,dev-iphone-17-pro-512gb-blue,dev-iphone-17-pro,iPhone 17 Pro 512 GB Blue,https://d-telco.github.io/telco/assets/catalog/dev-iphone-17-pro-blue-1200.jpg,https://d-telco.github.io/telco/assets/catalog/dev-iphone-17-pro-blue-400.jpg,https://d-telco.github.io/telco/assets/catalog/dev-iphone-17-pro-blue-1600.jpg,512 GB,Blue,unisex,,D·TELCO Shop
45,1423.86,1423.86,dev-iphone-17-pro-512gb-natural,dev-iphone-17-pro,iPhone 17 Pro 512 GB Natural,https://d-telco.github.io/telco/assets/catalog/dev-iphone-17-pro-natural-1200.jpg,https://d-telco.github.io/telco/assets/catalog/dev-iphone-17-pro-natural-400.jpg,https://d-telco.github.io/telco/assets/catalog/dev-iphone-17-pro-natural-1600.jpg,512 GB,Natural,unisex,,D·TELCO Shop
0,1854.72,1854.72,dev-iphone-17-pro-max-1tb-black,dev-iphone-17-pro-max,iPhone 17 Pro Max 1 TB Black,https://d-telco.github.io/telco/assets/catalog/dev-iphone-17-pro-max-black-1200.jpg,https://d-telco.github.io/telco/assets/catalog/dev-iphone-17-pro-max-black-400.jpg,https://d-telco.github.io/telco/assets/catalog/dev-iphone-17-pro-max-black-1600.jpg,1 TB,Black,unisex,,D·TELCO Shop
0,1854.72,1854.72,dev-iphone-17-pro-max-1tb-blue,dev-iphone-17-pro-max,iPhone 17 Pro Max 1 TB Blue,https://d-telco.github.io/telco/assets/catalog/dev-iphone-17-pro-max-blue-1200.jpg,https://d-telco.github.io/telco/assets/catalog/dev-iphone-17-pro-max-blue-400.jpg,https://d-telco.github.io/telco/assets/catalog/dev-iphone-17-pro-max-blue-1600.jpg,1 TB,Blue,unisex,,D·TELCO Shop
0,1854.72,1854.72,dev-iphone-17-pro-max-1tb-natural,dev-iphone-17-pro-max,iPhone 17 Pro Max 1 TB Natural,https://d-telco.github.io/telco/assets/catalog/dev-iphone-17-pro-max-natural-1200.jpg,https://d-telco.github.io/telco/assets/catalog/dev-iphone-17-pro-max-natural-400.jpg,https://d-telco.github.io/telco/assets/catalog/dev-iphone-17-pro-max-natural-1600.jpg,1 TB,Natural,unisex,,D·TELCO Shop
0,1449.00,1449.00,dev-iphone-17-pro-max-256gb-black,dev-iphone-17-pro-max,iPhone 17 Pro Max 256 GB Black,https://d-telco.github.io/telco/assets/catalog/dev-iphone-17-pro-max-black-1200.jpg,https://d-telco.github.io/telco/assets/catalog/dev-iphone-17-pro-max-black-400.jpg,https://d-telco.github.io/telco/assets/catalog/dev-iphone-17-pro-max-black-1600.jpg,256 GB,Black,unisex,,D·TELCO Shop
0,1449.00,1449.00,dev-iphone-17-pro-max-256gb-blue,dev-iphone-17-pro-max,iPhone 17 Pro Max 256 GB Blue,https://d-telco.github.io/telco/assets/catalog/dev-iphone-17-pro-max-blue-1200.jpg,https://d-telco.github.io/telco/assets/catalog/dev-iphone-17-pro-max-blue-400.jpg,https://d-telco.github.io/telco/assets/catalog/dev-iphone-17-pro-max-blue-1600.jpg,256 GB,Blue,unisex,,D·TELCO Shop
0,1449.00,1449.00,dev-iphone-17-pro-max-256gb-natural,dev-iphone-17-pro-max,iPhone 17 Pro Max 256 GB Natural,https://d-telco.github.io/telco/assets/catalog/dev-iphone-17-pro-max-natural-1200.jpg,https://d-telco.github.io/telco/assets/catalog/dev-iphone-17-pro-max-natural-400.jpg,https://d-telco.github.io/telco/assets/catalog/dev-iphone-17-pro-max-natural-1600.jpg,256 GB,Natural,unisex,,D·TELCO Shop
0,1651.86,1651.86,dev-iphone-17-pro-max-512gb-black,dev-iphone-17-pro-max,iPhone 17 Pro Max 512 GB Black,https://d-telco.github.io/telco/assets/catalog/dev-iphone-17-pro-max-black-1200.jpg,https://d-telco.github.io/telco/assets/catalog/dev-iphone-17-pro-max-black-400.jpg,https://d-telco.github.io/telco/assets/catalog/dev-iphone-17-pro-max-black-1600.jpg,512 GB,Black,unisex,,D·TELCO Shop
0,1651.86,1651.86,dev-iphone-17-pro-max-512gb-blue,dev-iphone-17-pro-max,iPhone 17 Pro Max 512 GB Blue,https://d-telco.github.io/telco/assets/catalog/dev-iphone-17-pro-max-blue-1200.jpg,https://d-telco.github.io/telco/assets/catalog/dev-iphone-17-pro-max-blue-400.jpg,https://d-telco.github.io/telco/assets/catalog/dev-iphone-17-pro-max-blue-1600.jpg,512 GB,Blue,unisex,,D·TELCO Shop
0,1651.86,1651.86,dev-iphone-17-pro-max-512gb-natural,dev-iphone-17-pro-max,iPhone 17 Pro Max 512 GB Natural,https://d-telco.github.io/telco/assets/catalog/dev-iphone-17-pro-max-natural-1200.jpg,https://d-telco.github.io/telco/assets/catalog/dev-iphone-17-pro-max-natural-400.jpg,https://d-telco.github.io/telco/assets/catalog/dev-iphone-17-pro-max-natural-1600.jpg,512 GB,Natural,unisex,,D·TELCO Shop
53,89.00,89.00,dev-mifi-4g-onesize-black,dev-mifi-4g,4G MiFi pocket router One size Black,https://d-telco.github.io/telco/assets/catalog/dev-mifi-4g-black-1200.jpg,https://d-telco.github.io/telco/assets/catalog/dev-mifi-4g-black-400.jpg,https://d-telco.github.io/telco/assets/catalog/dev-mifi-4g-black-1600.jpg,One size,Black,unisex,,D·TELCO Shop
54,179.00,179.00,dev-mifi-5g-onesize-black,dev-mifi-5g,5G MiFi pocket router One size Black,https://d-telco.github.io/telco/assets/catalog/dev-mifi-5g-black-1200.jpg,https://d-telco.github.io/telco/assets/catalog/dev-mifi-5g-black-400.jpg,https://d-telco.github.io/telco/assets/catalog/dev-mifi-5g-black-1600.jpg,One size,Black,unisex,,D·TELCO Shop
39,179.00,179.00,dev-mifi-5g-onesize-white,dev-mifi-5g,5G MiFi pocket router One size White,https://d-telco.github.io/telco/assets/catalog/dev-mifi-5g-white-1200.jpg,https://d-telco.github.io/telco/assets/catalog/dev-mifi-5g-white-400.jpg,https://d-telco.github.io/telco/assets/catalog/dev-mifi-5g-white-1600.jpg,One size,White,unisex,,D·TELCO Shop
25,799.00,799.00,dev-pixel-10-128gb-frost,dev-pixel-10,Pixel 10 128 GB Frost,https://d-telco.github.io/telco/assets/catalog/dev-pixel-10-frost-1200.jpg,https://d-telco.github.io/telco/assets/catalog/dev-pixel-10-frost-400.jpg,https://d-telco.github.io/telco/assets/catalog/dev-pixel-10-frost-1600.jpg,128 GB,Frost,unisex,,D·TELCO Shop
18,799.00,799.00,dev-pixel-10-128gb-indigo,dev-pixel-10,Pixel 10 128 GB Indigo,https://d-telco.github.io/telco/assets/catalog/dev-pixel-10-indigo-1200.jpg,https://d-telco.github.io/telco/assets/catalog/dev-pixel-10-indigo-400.jpg,https://d-telco.github.io/telco/assets/catalog/dev-pixel-10-indigo-1600.jpg,128 GB,Indigo,unisex,,D·TELCO Shop
5,799.00,799.00,dev-pixel-10-128gb-obsidian,dev-pixel-10,Pixel 10 128 GB Obsidian,https://d-telco.github.io/telco/assets/catalog/dev-pixel-10-obsidian-1200.jpg,https://d-telco.github.io/telco/assets/catalog/dev-pixel-10-obsidian-400.jpg,https://d-telco.github.io/telco/assets/catalog/dev-pixel-10-obsidian-1600.jpg,128 GB,Obsidian,unisex,,D·TELCO Shop
10,910.86,910.86,dev-pixel-10-256gb-frost,dev-pixel-10,Pixel 10 256 GB Frost,https://d-telco.github.io/telco/assets/catalog/dev-pixel-10-frost-1200.jpg,https://d-telco.github.io/telco/assets/catalog/dev-pixel-10-frost-400.jpg,https://d-telco.github.io/telco/assets/catalog/dev-pixel-10-frost-1600.jpg,256 GB,Frost,unisex,,D·TELCO Shop
25,910.86,910.86,dev-pixel-10-256gb-indigo,dev-pixel-10,Pixel 10 256 GB Indigo,https://d-telco.github.io/telco/assets/catalog/dev-pixel-10-indigo-1200.jpg,https://d-telco.github.io/telco/assets/catalog/dev-pixel-10-indigo-400.jpg,https://d-telco.github.io/telco/assets/catalog/dev-pixel-10-indigo-1600.jpg,256 GB,Indigo,unisex,,D·TELCO Shop
19,910.86,910.86,dev-pixel-10-256gb-obsidian,dev-pixel-10,Pixel 10 256 GB Obsidian,https://d-telco.github.io/telco/assets/catalog/dev-pixel-10-obsidian-1200.jpg,https://d-telco.github.io/telco/assets/catalog/dev-pixel-10-obsidian-400.jpg,https://d-telco.github.io/telco/assets/catalog/dev-pixel-10-obsidian-1600.jpg,256 GB,Obsidian,unisex,,D·TELCO Shop
0,999.00,999.00,dev-pixel-10-pro-128gb-jade,dev-pixel-10-pro,Pixel 10 Pro 128 GB Jade,https://d-telco.github.io/telco/assets/catalog/dev-pixel-10-pro-jade-1200.jpg,https://d-telco.github.io/telco/assets/catalog/dev-pixel-10-pro-jade-400.jpg,https://d-telco.github.io/telco/assets/catalog/dev-pixel-10-pro-jade-1600.jpg,128 GB,Jade,unisex,,D·TELCO Shop
0,999.00,999.00,dev-pixel-10-pro-128gb-obsidian,dev-pixel-10-pro,Pixel 10 Pro 128 GB Obsidian,https://d-telco.github.io/telco/assets/catalog/dev-pixel-10-pro-obsidian-1200.jpg,https://d-telco.github.io/telco/assets/catalog/dev-pixel-10-pro-obsidian-400.jpg,https://d-telco.github.io/telco/assets/catalog/dev-pixel-10-pro-obsidian-1600.jpg,128 GB,Obsidian,unisex,,D·TELCO Shop
0,999.00,999.00,dev-pixel-10-pro-128gb-porcelain,dev-pixel-10-pro,Pixel 10 Pro 128 GB Porcelain,https://d-telco.github.io/telco/assets/catalog/dev-pixel-10-pro-porcelain-1200.jpg,https://d-telco.github.io/telco/assets/catalog/dev-pixel-10-pro-porcelain-400.jpg,https://d-telco.github.io/telco/assets/catalog/dev-pixel-10-pro-porcelain-1600.jpg,128 GB,Porcelain,unisex,,D·TELCO Shop
0,1138.86,1138.86,dev-pixel-10-pro-256gb-jade,dev-pixel-10-pro,Pixel 10 Pro 256 GB Jade,https://d-telco.github.io/telco/assets/catalog/dev-pixel-10-pro-jade-1200.jpg,https://d-telco.github.io/telco/assets/catalog/dev-pixel-10-pro-jade-400.jpg,https://d-telco.github.io/telco/assets/catalog/dev-pixel-10-pro-jade-1600.jpg,256 GB,Jade,unisex,,D·TELCO Shop
0,1138.86,1138.86,dev-pixel-10-pro-256gb-obsidian,dev-pixel-10-pro,Pixel 10 Pro 256 GB Obsidian,https://d-telco.github.io/telco/assets/catalog/dev-pixel-10-pro-obsidian-1200.jpg,https://d-telco.github.io/telco/assets/catalog/dev-pixel-10-pro-obsidian-400.jpg,https://d-telco.github.io/telco/assets/catalog/dev-pixel-10-pro-obsidian-1600.jpg,256 GB,Obsidian,unisex,,D·TELCO Shop
0,1138.86,1138.86,dev-pixel-10-pro-256gb-porcelain,dev-pixel-10-pro,Pixel 10 Pro 256 GB Porcelain,https://d-telco.github.io/telco/assets/catalog/dev-pixel-10-pro-porcelain-1200.jpg,https://d-telco.github.io/telco/assets/catalog/dev-pixel-10-pro-porcelain-400.jpg,https://d-telco.github.io/telco/assets/catalog/dev-pixel-10-pro-porcelain-1600.jpg,256 GB,Porcelain,unisex,,D·TELCO Shop
0,1278.72,1278.72,dev-pixel-10-pro-512gb-jade,dev-pixel-10-pro,Pixel 10 Pro 512 GB Jade,https://d-telco.github.io/telco/assets/catalog/dev-pixel-10-pro-jade-1200.jpg,https://d-telco.github.io/telco/assets/catalog/dev-pixel-10-pro-jade-400.jpg,https://d-telco.github.io/telco/assets/catalog/dev-pixel-10-pro-jade-1600.jpg,512 GB,Jade,unisex,,D·TELCO Shop
0,1278.72,1278.72,dev-pixel-10-pro-512gb-obsidian,dev-pixel-10-pro,Pixel 10 Pro 512 GB Obsidian,https://d-telco.github.io/telco/assets/catalog/dev-pixel-10-pro-obsidian-1200.jpg,https://d-telco.github.io/telco/assets/catalog/dev-pixel-10-pro-obsidian-400.jpg,https://d-telco.github.io/telco/assets/catalog/dev-pixel-10-pro-obsidian-1600.jpg,512 GB,Obsidian,unisex,,D·TELCO Shop
0,1278.72,1278.72,dev-pixel-10-pro-512gb-porcelain,dev-pixel-10-pro,Pixel 10 Pro 512 GB Porcelain,https://d-telco.github.io/telco/assets/catalog/dev-pixel-10-pro-porcelain-1200.jpg,https://d-telco.github.io/telco/assets/catalog/dev-pixel-10-pro-porcelain-400.jpg,https://d-telco.github.io/telco/assets/catalog/dev-pixel-10-pro-porcelain-1600.jpg,512 GB,Porcelain,unisex,,D·TELCO Shop
5,1199.00,1199.00,dev-pixel-10-pro-xl-256gb-jade,dev-pixel-10-pro-xl,Pixel 10 Pro XL 256 GB Jade,https://d-telco.github.io/telco/assets/catalog/dev-pixel-10-pro-xl-jade-1200.jpg,https://d-telco.github.io/telco/assets/catalog/dev-pixel-10-pro-xl-jade-400.jpg,https://d-telco.github.io/telco/assets/catalog/dev-pixel-10-pro-xl-jade-1600.jpg,256 GB,Jade,unisex,,D·TELCO Shop
2,1199.00,1199.00,dev-pixel-10-pro-xl-256gb-obsidian,dev-pixel-10-pro-xl,Pixel 10 Pro XL 256 GB Obsidian,https://d-telco.github.io/telco/assets/catalog/dev-pixel-10-pro-xl-obsidian-1200.jpg,https://d-telco.github.io/telco/assets/catalog/dev-pixel-10-pro-xl-obsidian-400.jpg,https://d-telco.github.io/telco/assets/catalog/dev-pixel-10-pro-xl-obsidian-1600.jpg,256 GB,Obsidian,unisex,,D·TELCO Shop
6,1199.00,1199.00,dev-pixel-10-pro-xl-256gb-porcelain,dev-pixel-10-pro-xl,Pixel 10 Pro XL 256 GB Porcelain,https://d-telco.github.io/telco/assets/catalog/dev-pixel-10-pro-xl-porcelain-1200.jpg,https://d-telco.github.io/telco/assets/catalog/dev-pixel-10-pro-xl-porcelain-400.jpg,https://d-telco.github.io/telco/assets/catalog/dev-pixel-10-pro-xl-porcelain-1600.jpg,256 GB,Porcelain,unisex,,D·TELCO Shop
3,1366.86,1366.86,dev-pixel-10-pro-xl-512gb-jade,dev-pixel-10-pro-xl,Pixel 10 Pro XL 512 GB Jade,https://d-telco.github.io/telco/assets/catalog/dev-pixel-10-pro-xl-jade-1200.jpg,https://d-telco.github.io/telco/assets/catalog/dev-pixel-10-pro-xl-jade-400.jpg,https://d-telco.github.io/telco/assets/catalog/dev-pixel-10-pro-xl-jade-1600.jpg,512 GB,Jade,unisex,,D·TELCO Shop
16,1366.86,1366.86,dev-pixel-10-pro-xl-512gb-obsidian,dev-pixel-10-pro-xl,Pixel 10 Pro XL 512 GB Obsidian,https://d-telco.github.io/telco/assets/catalog/dev-pixel-10-pro-xl-obsidian-1200.jpg,https://d-telco.github.io/telco/assets/catalog/dev-pixel-10-pro-xl-obsidian-400.jpg,https://d-telco.github.io/telco/assets/catalog/dev-pixel-10-pro-xl-obsidian-1600.jpg,512 GB,Obsidian,unisex,,D·TELCO Shop
10,1366.86,1366.86,dev-pixel-10-pro-xl-512gb-porcelain,dev-pixel-10-pro-xl,Pixel 10 Pro XL 512 GB Porcelain,https://d-telco.github.io/telco/assets/catalog/dev-pixel-10-pro-xl-porcelain-1200.jpg,https://d-telco.github.io/telco/assets/catalog/dev-pixel-10-pro-xl-porcelain-400.jpg,https://d-telco.github.io/telco/assets/catalog/dev-pixel-10-pro-xl-porcelain-1600.jpg,512 GB,Porcelain,unisex,,D·TELCO Shop
37,499.00,499.00,dev-pixel-9a-128gb-obsidian,dev-pixel-9a,Pixel 9a 128 GB Obsidian,https://d-telco.github.io/telco/assets/catalog/dev-pixel-9a-obsidian-1200.jpg,https://d-telco.github.io/telco/assets/catalog/dev-pixel-9a-obsidian-400.jpg,https://d-telco.github.io/telco/assets/catalog/dev-pixel-9a-obsidian-1600.jpg,128 GB,Obsidian,unisex,,D·TELCO Shop
50,499.00,499.00,dev-pixel-9a-128gb-peony,dev-pixel-9a,Pixel 9a 128 GB Peony,https://d-telco.github.io/telco/assets/catalog/dev-pixel-9a-peony-1200.jpg,https://d-telco.github.io/telco/assets/catalog/dev-pixel-9a-peony-400.jpg,https://d-telco.github.io/telco/assets/catalog/dev-pixel-9a-peony-1600.jpg,128 GB,Peony,unisex,,D·TELCO Shop
19,499.00,499.00,dev-pixel-9a-128gb-porcelain,dev-pixel-9a,Pixel 9a 128 GB Porcelain,https://d-telco.github.io/telco/assets/catalog/dev-pixel-9a-porcelain-1200.jpg,https://d-telco.github.io/telco/assets/catalog/dev-pixel-9a-porcelain-400.jpg,https://d-telco.github.io/telco/assets/catalog/dev-pixel-9a-porcelain-1600.jpg,128 GB,Porcelain,unisex,,D·TELCO Shop
13,568.86,568.86,dev-pixel-9a-256gb-obsidian,dev-pixel-9a,Pixel 9a 256 GB Obsidian,https://d-telco.github.io/telco/assets/catalog/dev-pixel-9a-obsidian-1200.jpg,https://d-telco.github.io/telco/assets/catalog/dev-pixel-9a-obsidian-400.jpg,https://d-telco.github.io/telco/assets/catalog/dev-pixel-9a-obsidian-1600.jpg,256 GB,Obsidian,unisex,,D·TELCO Shop
32,568.86,568.86,dev-pixel-9a-256gb-peony,dev-pixel-9a,Pixel 9a 256 GB Peony,https://d-telco.github.io/telco/assets/catalog/dev-pixel-9a-peony-1200.jpg,https://d-telco.github.io/telco/assets/catalog/dev-pixel-9a-peony-400.jpg,https://d-telco.github.io/telco/assets/catalog/dev-pixel-9a-peony-1600.jpg,256 GB,Peony,unisex,,D·TELCO Shop
31,568.86,568.86,dev-pixel-9a-256gb-porcelain,dev-pixel-9a,Pixel 9a 256 GB Porcelain,https://d-telco.github.io/telco/assets/catalog/dev-pixel-9a-porcelain-1200.jpg,https://d-telco.github.io/telco/assets/catalog/dev-pixel-9a-porcelain-400.jpg,https://d-telco.github.io/telco/assets/catalog/dev-pixel-9a-porcelain-1600.jpg,256 GB,Porcelain,unisex,,D·TELCO Shop
10,379.00,379.00,dev-poco-f7-256gb-black,dev-poco-f7,Poco F7 256 GB Black,https://d-telco.github.io/telco/assets/catalog/dev-poco-f7-black-1200.jpg,https://d-telco.github.io/telco/assets/catalog/dev-poco-f7-black-400.jpg,https://d-telco.github.io/telco/assets/catalog/dev-poco-f7-black-1600.jpg,256 GB,Black,unisex,,D·TELCO Shop
9,379.00,379.00,dev-poco-f7-256gb-silver,dev-poco-f7,Poco F7 256 GB Silver,https://d-telco.github.io/telco/assets/catalog/dev-poco-f7-silver-1200.jpg,https://d-telco.github.io/telco/assets/catalog/dev-poco-f7-silver-400.jpg,https://d-telco.github.io/telco/assets/catalog/dev-poco-f7-silver-1600.jpg,256 GB,Silver,unisex,,D·TELCO Shop
11,432.06,432.06,dev-poco-f7-512gb-black,dev-poco-f7,Poco F7 512 GB Black,https://d-telco.github.io/telco/assets/catalog/dev-poco-f7-black-1200.jpg,https://d-telco.github.io/telco/assets/catalog/dev-poco-f7-black-400.jpg,https://d-telco.github.io/telco/assets/catalog/dev-poco-f7-black-1600.jpg,512 GB,Black,unisex,,D·TELCO Shop
5,432.06,432.06,dev-poco-f7-512gb-silver,dev-poco-f7,Poco F7 512 GB Silver,https://d-telco.github.io/telco/assets/catalog/dev-poco-f7-silver-1200.jpg,https://d-telco.github.io/telco/assets/catalog/dev-poco-f7-silver-400.jpg,https://d-telco.github.io/telco/assets/catalog/dev-poco-f7-silver-1600.jpg,512 GB,Silver,unisex,,D·TELCO Shop
10,299.00,299.00,dev-poco-x7-pro-256gb-black,dev-poco-x7-pro,Poco X7 Pro 256 GB Black,https://d-telco.github.io/telco/assets/catalog/dev-poco-x7-pro-black-1200.jpg,https://d-telco.github.io/telco/assets/catalog/dev-poco-x7-pro-black-400.jpg,https://d-telco.github.io/telco/assets/catalog/dev-poco-x7-pro-black-1600.jpg,256 GB,Black,unisex,,D·TELCO Shop
35,299.00,299.00,dev-poco-x7-pro-256gb-green,dev-poco-x7-pro,Poco X7 Pro 256 GB Green,https://d-telco.github.io/telco/assets/catalog/dev-poco-x7-pro-green-1200.jpg,https://d-telco.github.io/telco/assets/catalog/dev-poco-x7-pro-green-400.jpg,https://d-telco.github.io/telco/assets/catalog/dev-poco-x7-pro-green-1600.jpg,256 GB,Green,unisex,,D·TELCO Shop
3,299.00,299.00,dev-poco-x7-pro-256gb-yellow,dev-poco-x7-pro,Poco X7 Pro 256 GB Yellow,https://d-telco.github.io/telco/assets/catalog/dev-poco-x7-pro-yellow-1200.jpg,https://d-telco.github.io/telco/assets/catalog/dev-poco-x7-pro-yellow-400.jpg,https://d-telco.github.io/telco/assets/catalog/dev-poco-x7-pro-yellow-1600.jpg,256 GB,Yellow,unisex,,D·TELCO Shop
8,139.00,139.00,dev-redmi-14c-128gb-black,dev-redmi-14c,Redmi 14C 128 GB Black,https://d-telco.github.io/telco/assets/catalog/dev-redmi-14c-black-1200.jpg,https://d-telco.github.io/telco/assets/catalog/dev-redmi-14c-black-400.jpg,https://d-telco.github.io/telco/assets/catalog/dev-redmi-14c-black-1600.jpg,128 GB,Black,unisex,,D·TELCO Shop
18,139.00,139.00,dev-redmi-14c-128gb-blue,dev-redmi-14c,Redmi 14C 128 GB Blue,https://d-telco.github.io/telco/assets/catalog/dev-redmi-14c-blue-1200.jpg,https://d-telco.github.io/telco/assets/catalog/dev-redmi-14c-blue-400.jpg,https://d-telco.github.io/telco/assets/catalog/dev-redmi-14c-blue-1600.jpg,128 GB,Blue,unisex,,D·TELCO Shop
4,139.00,139.00,dev-redmi-14c-128gb-green,dev-redmi-14c,Redmi 14C 128 GB Green,https://d-telco.github.io/telco/assets/catalog/dev-redmi-14c-green-1200.jpg,https://d-telco.github.io/telco/assets/catalog/dev-redmi-14c-green-400.jpg,https://d-telco.github.io/telco/assets/catalog/dev-redmi-14c-green-1600.jpg,128 GB,Green,unisex,,D·TELCO Shop
5,112.86,112.86,dev-redmi-a4-128gb-black,dev-redmi-a4,Redmi A4 128 GB Black,https://d-telco.github.io/telco/assets/catalog/dev-redmi-a4-black-1200.jpg,https://d-telco.github.io/telco/assets/catalog/dev-redmi-a4-black-400.jpg,https://d-telco.github.io/telco/assets/catalog/dev-redmi-a4-black-1600.jpg,128 GB,Black,unisex,,D·TELCO Shop
7,112.86,112.86,dev-redmi-a4-128gb-green,dev-redmi-a4,Redmi A4 128 GB Green,https://d-telco.github.io/telco/assets/catalog/dev-redmi-a4-green-1200.jpg,https://d-telco.github.io/telco/assets/catalog/dev-redmi-a4-green-400.jpg,https://d-telco.github.io/telco/assets/catalog/dev-redmi-a4-green-1600.jpg,128 GB,Green,unisex,,D·TELCO Shop
0,99.00,99.00,dev-redmi-a4-64gb-black,dev-redmi-a4,Redmi A4 64 GB Black,https://d-telco.github.io/telco/assets/catalog/dev-redmi-a4-black-1200.jpg,https://d-telco.github.io/telco/assets/catalog/dev-redmi-a4-black-400.jpg,https://d-telco.github.io/telco/assets/catalog/dev-redmi-a4-black-1600.jpg,64 GB,Black,unisex,,D·TELCO Shop
7,99.00,99.00,dev-redmi-a4-64gb-green,dev-redmi-a4,Redmi A4 64 GB Green,https://d-telco.github.io/telco/assets/catalog/dev-redmi-a4-green-1200.jpg,https://d-telco.github.io/telco/assets/catalog/dev-redmi-a4-green-400.jpg,https://d-telco.github.io/telco/assets/catalog/dev-redmi-a4-green-1600.jpg,64 GB,Green,unisex,,D·TELCO Shop
40,219.00,219.00,dev-redmi-note-14-128gb-black,dev-redmi-note-14,Redmi Note 14 128 GB Black,https://d-telco.github.io/telco/assets/catalog/dev-redmi-note-14-black-1200.jpg,https://d-telco.github.io/telco/assets/catalog/dev-redmi-note-14-black-400.jpg,https://d-telco.github.io/telco/assets/catalog/dev-redmi-note-14-black-1600.jpg,128 GB,Black,unisex,,D·TELCO Shop
35,219.00,219.00,dev-redmi-note-14-128gb-green,dev-redmi-note-14,Redmi Note 14 128 GB Green,https://d-telco.github.io/telco/assets/catalog/dev-redmi-note-14-green-1200.jpg,https://d-telco.github.io/telco/assets/catalog/dev-redmi-note-14-green-400.jpg,https://d-telco.github.io/telco/assets/catalog/dev-redmi-note-14-green-1600.jpg,128 GB,Green,unisex,,D·TELCO Shop
43,249.66,249.66,dev-redmi-note-14-256gb-black,dev-redmi-note-14,Redmi Note 14 256 GB Black,https://d-telco.github.io/telco/assets/catalog/dev-redmi-note-14-black-1200.jpg,https://d-telco.github.io/telco/assets/catalog/dev-redmi-note-14-black-400.jpg,https://d-telco.github.io/telco/assets/catalog/dev-redmi-note-14-black-1600.jpg,256 GB,Black,unisex,,D·TELCO Shop
9,249.66,249.66,dev-redmi-note-14-256gb-green,dev-redmi-note-14,Redmi Note 14 256 GB Green,https://d-telco.github.io/telco/assets/catalog/dev-redmi-note-14-green-1200.jpg,https://d-telco.github.io/telco/assets/catalog/dev-redmi-note-14-green-400.jpg,https://d-telco.github.io/telco/assets/catalog/dev-redmi-note-14-green-1600.jpg,256 GB,Green,unisex,,D·TELCO Shop
0,279.00,279.00,dev-redmi-note-14-pro-128gb-black,dev-redmi-note-14-pro,Redmi Note 14 Pro 128 GB Black,https://d-telco.github.io/telco/assets/catalog/dev-redmi-note-14-pro-black-1200.jpg,https://d-telco.github.io/telco/assets/catalog/dev-redmi-note-14-pro-black-400.jpg,https://d-telco.github.io/telco/assets/catalog/dev-redmi-note-14-pro-black-1600.jpg,128 GB,Black,unisex,,D·TELCO Shop
16,279.00,279.00,dev-redmi-note-14-pro-128gb-blue,dev-redmi-note-14-pro,Redmi Note 14 Pro 128 GB Blue,https://d-telco.github.io/telco/assets/catalog/dev-redmi-note-14-pro-blue-1200.jpg,https://d-telco.github.io/telco/assets/catalog/dev-redmi-note-14-pro-blue-400.jpg,https://d-telco.github.io/telco/assets/catalog/dev-redmi-note-14-pro-blue-1600.jpg,128 GB,Blue,unisex,,D·TELCO Shop
0,318.06,318.06,dev-redmi-note-14-pro-256gb-black,dev-redmi-note-14-pro,Redmi Note 14 Pro 256 GB Black,https://d-telco.github.io/telco/assets/catalog/dev-redmi-note-14-pro-black-1200.jpg,https://d-telco.github.io/telco/assets/catalog/dev-redmi-note-14-pro-black-400.jpg,https://d-telco.github.io/telco/assets/catalog/dev-redmi-note-14-pro-black-1600.jpg,256 GB,Black,unisex,,D·TELCO Shop
8,318.06,318.06,dev-redmi-note-14-pro-256gb-blue,dev-redmi-note-14-pro,Redmi Note 14 Pro 256 GB Blue,https://d-telco.github.io/telco/assets/catalog/dev-redmi-note-14-pro-blue-1200.jpg,https://d-telco.github.io/telco/assets/catalog/dev-redmi-note-14-pro-blue-400.jpg,https://d-telco.github.io/telco/assets/catalog/dev-redmi-note-14-pro-blue-1600.jpg,256 GB,Blue,unisex,,D·TELCO Shop
16,349.00,349.00,dev-redmi-note-14-pro-plus-256gb-black,dev-redmi-note-14-pro-plus,Redmi Note 14 Pro+ 256 GB Black,https://d-telco.github.io/telco/assets/catalog/dev-redmi-note-14-pro-plus-black-1200.jpg,https://d-telco.github.io/telco/assets/catalog/dev-redmi-note-14-pro-plus-black-400.jpg,https://d-telco.github.io/telco/assets/catalog/dev-redmi-note-14-pro-plus-black-1600.jpg,256 GB,Black,unisex,,D·TELCO Shop
20,349.00,349.00,dev-redmi-note-14-pro-plus-256gb-purple,dev-redmi-note-14-pro-plus,Redmi Note 14 Pro+ 256 GB Purple,https://d-telco.github.io/telco/assets/catalog/dev-redmi-note-14-pro-plus-purple-1200.jpg,https://d-telco.github.io/telco/assets/catalog/dev-redmi-note-14-pro-plus-purple-400.jpg,https://d-telco.github.io/telco/assets/catalog/dev-redmi-note-14-pro-plus-purple-1600.jpg,256 GB,Purple,unisex,,D·TELCO Shop
2,397.86,397.86,dev-redmi-note-14-pro-plus-512gb-black,dev-redmi-note-14-pro-plus,Redmi Note 14 Pro+ 512 GB Black,https://d-telco.github.io/telco/assets/catalog/dev-redmi-note-14-pro-plus-black-1200.jpg,https://d-telco.github.io/telco/assets/catalog/dev-redmi-note-14-pro-plus-black-400.jpg,https://d-telco.github.io/telco/assets/catalog/dev-redmi-note-14-pro-plus-black-1600.jpg,512 GB,Black,unisex,,D·TELCO Shop
6,397.86,397.86,dev-redmi-note-14-pro-plus-512gb-purple,dev-redmi-note-14-pro-plus,Redmi Note 14 Pro+ 512 GB Purple,https://d-telco.github.io/telco/assets/catalog/dev-redmi-note-14-pro-plus-purple-1200.jpg,https://d-telco.github.io/telco/assets/catalog/dev-redmi-note-14-pro-plus-purple-400.jpg,https://d-telco.github.io/telco/assets/catalog/dev-redmi-note-14-pro-plus-purple-1600.jpg,512 GB,Purple,unisex,,D·TELCO Shop
3,279.00,279.00,dev-redmi-pad-pro-128gb-green,dev-redmi-pad-pro,Redmi Pad Pro 128 GB Green,https://d-telco.github.io/telco/assets/catalog/dev-redmi-pad-pro-green-1200.jpg,https://d-telco.github.io/telco/assets/catalog/dev-redmi-pad-pro-green-400.jpg,https://d-telco.github.io/telco/assets/catalog/dev-redmi-pad-pro-green-1600.jpg,128 GB,Green,unisex,,D·TELCO Shop
4,279.00,279.00,dev-redmi-pad-pro-128gb-grey,dev-redmi-pad-pro,Redmi Pad Pro 128 GB Grey,https://d-telco.github.io/telco/assets/catalog/dev-redmi-pad-pro-grey-1200.jpg,https://d-telco.github.io/telco/assets/catalog/dev-redmi-pad-pro-grey-400.jpg,https://d-telco.github.io/telco/assets/catalog/dev-redmi-pad-pro-grey-1600.jpg,128 GB,Grey,unisex,,D·TELCO Shop
4,318.06,318.06,dev-redmi-pad-pro-256gb-green,dev-redmi-pad-pro,Redmi Pad Pro 256 GB Green,https://d-telco.github.io/telco/assets/catalog/dev-redmi-pad-pro-green-1200.jpg,https://d-telco.github.io/telco/assets/catalog/dev-redmi-pad-pro-green-400.jpg,https://d-telco.github.io/telco/assets/catalog/dev-redmi-pad-pro-green-1600.jpg,256 GB,Green,unisex,,D·TELCO Shop
0,318.06,318.06,dev-redmi-pad-pro-256gb-grey,dev-redmi-pad-pro,Redmi Pad Pro 256 GB Grey,https://d-telco.github.io/telco/assets/catalog/dev-redmi-pad-pro-grey-1200.jpg,https://d-telco.github.io/telco/assets/catalog/dev-redmi-pad-pro-grey-400.jpg,https://d-telco.github.io/telco/assets/catalog/dev-redmi-pad-pro-grey-1600.jpg,256 GB,Grey,unisex,,D·TELCO Shop
48,129.00,129.00,dev-router-4g-home-onesize-white,dev-router-4g-home,4G Home Router One size White,https://d-telco.github.io/telco/assets/catalog/dev-router-4g-home-white-1200.jpg,https://d-telco.github.io/telco/assets/catalog/dev-router-4g-home-white-400.jpg,https://d-telco.github.io/telco/assets/catalog/dev-router-4g-home-white-1600.jpg,One size,White,unisex,,D·TELCO Shop
2,249.00,249.00,dev-router-5g-home-onesize-white,dev-router-5g-home,5G Home Router One size White,https://d-telco.github.io/telco/assets/catalog/dev-router-5g-home-white-1200.jpg,https://d-telco.github.io/telco/assets/catalog/dev-router-5g-home-white-400.jpg,https://d-telco.github.io/telco/assets/catalog/dev-router-5g-home-white-1600.jpg,One size,White,unisex,,D·TELCO Shop
1,149.00,149.00,dev-router-wifi6-hub-onesize-white,dev-router-wifi6-hub,Wi-Fi 6 Home Hub One size White,https://d-telco.github.io/telco/assets/catalog/dev-router-wifi6-hub-white-1200.jpg,https://d-telco.github.io/telco/assets/catalog/dev-router-wifi6-hub-white-400.jpg,https://d-telco.github.io/telco/assets/catalog/dev-router-wifi6-hub-white-1600.jpg,One size,White,unisex,,D·TELCO Shop
2,219.00,219.00,dev-router-wifi7-hub-onesize-black,dev-router-wifi7-hub,Wi-Fi 7 Home Hub One size Black,https://d-telco.github.io/telco/assets/catalog/dev-router-wifi7-hub-black-1200.jpg,https://d-telco.github.io/telco/assets/catalog/dev-router-wifi7-hub-black-400.jpg,https://d-telco.github.io/telco/assets/catalog/dev-router-wifi7-hub-black-1600.jpg,One size,Black,unisex,,D·TELCO Shop
3,219.00,219.00,dev-router-wifi7-hub-onesize-white,dev-router-wifi7-hub,Wi-Fi 7 Home Hub One size White,https://d-telco.github.io/telco/assets/catalog/dev-router-wifi7-hub-white-1200.jpg,https://d-telco.github.io/telco/assets/catalog/dev-router-wifi7-hub-white-400.jpg,https://d-telco.github.io/telco/assets/catalog/dev-router-wifi7-hub-white-1600.jpg,One size,White,unisex,,D·TELCO Shop
29,399.00,399.00,dev-xiaomi-14t-128gb-black,dev-xiaomi-14t,Xiaomi 14T 128 GB Black,https://d-telco.github.io/telco/assets/catalog/dev-xiaomi-14t-black-1200.jpg,https://d-telco.github.io/telco/assets/catalog/dev-xiaomi-14t-black-400.jpg,https://d-telco.github.io/telco/assets/catalog/dev-xiaomi-14t-black-1600.jpg,128 GB,Black,unisex,,D·TELCO Shop
7,399.00,399.00,dev-xiaomi-14t-128gb-lemon,dev-xiaomi-14t,Xiaomi 14T 128 GB Lemon,https://d-telco.github.io/telco/assets/catalog/dev-xiaomi-14t-lemon-1200.jpg,https://d-telco.github.io/telco/assets/catalog/dev-xiaomi-14t-lemon-400.jpg,https://d-telco.github.io/telco/assets/catalog/dev-xiaomi-14t-lemon-1600.jpg,128 GB,Lemon,unisex,,D·TELCO Shop
11,454.86,454.86,dev-xiaomi-14t-256gb-black,dev-xiaomi-14t,Xiaomi 14T 256 GB Black,https://d-telco.github.io/telco/assets/catalog/dev-xiaomi-14t-black-1200.jpg,https://d-telco.github.io/telco/assets/catalog/dev-xiaomi-14t-black-400.jpg,https://d-telco.github.io/telco/assets/catalog/dev-xiaomi-14t-black-1600.jpg,256 GB,Black,unisex,,D·TELCO Shop
7,454.86,454.86,dev-xiaomi-14t-256gb-lemon,dev-xiaomi-14t,Xiaomi 14T 256 GB Lemon,https://d-telco.github.io/telco/assets/catalog/dev-xiaomi-14t-lemon-1200.jpg,https://d-telco.github.io/telco/assets/catalog/dev-xiaomi-14t-lemon-400.jpg,https://d-telco.github.io/telco/assets/catalog/dev-xiaomi-14t-lemon-1600.jpg,256 GB,Lemon,unisex,,D·TELCO Shop
6,699.00,699.00,dev-xiaomi-15-128gb-black,dev-xiaomi-15,Xiaomi 15 128 GB Black,https://d-telco.github.io/telco/assets/catalog/dev-xiaomi-15-black-1200.jpg,https://d-telco.github.io/telco/assets/catalog/dev-xiaomi-15-black-400.jpg,https://d-telco.github.io/telco/assets/catalog/dev-xiaomi-15-black-1600.jpg,128 GB,Black,unisex,,D·TELCO Shop
14,699.00,699.00,dev-xiaomi-15-128gb-green,dev-xiaomi-15,Xiaomi 15 128 GB Green,https://d-telco.github.io/telco/assets/catalog/dev-xiaomi-15-green-1200.jpg,https://d-telco.github.io/telco/assets/catalog/dev-xiaomi-15-green-400.jpg,https://d-telco.github.io/telco/assets/catalog/dev-xiaomi-15-green-1600.jpg,128 GB,Green,unisex,,D·TELCO Shop
17,699.00,699.00,dev-xiaomi-15-128gb-white,dev-xiaomi-15,Xiaomi 15 128 GB White,https://d-telco.github.io/telco/assets/catalog/dev-xiaomi-15-white-1200.jpg,https://d-telco.github.io/telco/assets/catalog/dev-xiaomi-15-white-400.jpg,https://d-telco.github.io/telco/assets/catalog/dev-xiaomi-15-white-1600.jpg,128 GB,White,unisex,,D·TELCO Shop
8,796.86,796.86,dev-xiaomi-15-256gb-black,dev-xiaomi-15,Xiaomi 15 256 GB Black,https://d-telco.github.io/telco/assets/catalog/dev-xiaomi-15-black-1200.jpg,https://d-telco.github.io/telco/assets/catalog/dev-xiaomi-15-black-400.jpg,https://d-telco.github.io/telco/assets/catalog/dev-xiaomi-15-black-1600.jpg,256 GB,Black,unisex,,D·TELCO Shop
10,796.86,796.86,dev-xiaomi-15-256gb-green,dev-xiaomi-15,Xiaomi 15 256 GB Green,https://d-telco.github.io/telco/assets/catalog/dev-xiaomi-15-green-1200.jpg,https://d-telco.github.io/telco/assets/catalog/dev-xiaomi-15-green-400.jpg,https://d-telco.github.io/telco/assets/catalog/dev-xiaomi-15-green-1600.jpg,256 GB,Green,unisex,,D·TELCO Shop
0,796.86,796.86,dev-xiaomi-15-256gb-white,dev-xiaomi-15,Xiaomi 15 256 GB White,https://d-telco.github.io/telco/assets/catalog/dev-xiaomi-15-white-1200.jpg,https://d-telco.github.io/telco/assets/catalog/dev-xiaomi-15-white-400.jpg,https://d-telco.github.io/telco/assets/catalog/dev-xiaomi-15-white-1600.jpg,256 GB,White,unisex,,D·TELCO Shop
4,899.00,899.00,dev-xiaomi-15-pro-256gb-black,dev-xiaomi-15-pro,Xiaomi 15 Pro 256 GB Black,https://d-telco.github.io/telco/assets/catalog/dev-xiaomi-15-pro-black-1200.jpg,https://d-telco.github.io/telco/assets/catalog/dev-xiaomi-15-pro-black-400.jpg,https://d-telco.github.io/telco/assets/catalog/dev-xiaomi-15-pro-black-1600.jpg,256 GB,Black,unisex,,D·TELCO Shop
16,899.00,899.00,dev-xiaomi-15-pro-256gb-green,dev-xiaomi-15-pro,Xiaomi 15 Pro 256 GB Green,https://d-telco.github.io/telco/assets/catalog/dev-xiaomi-15-pro-green-1200.jpg,https://d-telco.github.io/telco/assets/catalog/dev-xiaomi-15-pro-green-400.jpg,https://d-telco.github.io/telco/assets/catalog/dev-xiaomi-15-pro-green-1600.jpg,256 GB,Green,unisex,,D·TELCO Shop
8,1024.86,1024.86,dev-xiaomi-15-pro-512gb-black,dev-xiaomi-15-pro,Xiaomi 15 Pro 512 GB Black,https://d-telco.github.io/telco/assets/catalog/dev-xiaomi-15-pro-black-1200.jpg,https://d-telco.github.io/telco/assets/catalog/dev-xiaomi-15-pro-black-400.jpg,https://d-telco.github.io/telco/assets/catalog/dev-xiaomi-15-pro-black-1600.jpg,512 GB,Black,unisex,,D·TELCO Shop
15,1024.86,1024.86,dev-xiaomi-15-pro-512gb-green,dev-xiaomi-15-pro,Xiaomi 15 Pro 512 GB Green,https://d-telco.github.io/telco/assets/catalog/dev-xiaomi-15-pro-green-1200.jpg,https://d-telco.github.io/telco/assets/catalog/dev-xiaomi-15-pro-green-400.jpg,https://d-telco.github.io/telco/assets/catalog/dev-xiaomi-15-pro-green-1600.jpg,512 GB,Green,unisex,,D·TELCO Shop
15,1099.00,1099.00,dev-xiaomi-15-ultra-256gb-black,dev-xiaomi-15-ultra,Xiaomi 15 Ultra 256 GB Black,https://d-telco.github.io/telco/assets/catalog/dev-xiaomi-15-ultra-black-1200.jpg,https://d-telco.github.io/telco/assets/catalog/dev-xiaomi-15-ultra-black-400.jpg,https://d-telco.github.io/telco/assets/catalog/dev-xiaomi-15-ultra-black-1600.jpg,256 GB,Black,unisex,,D·TELCO Shop
24,1099.00,1099.00,dev-xiaomi-15-ultra-256gb-silver,dev-xiaomi-15-ultra,Xiaomi 15 Ultra 256 GB Silver,https://d-telco.github.io/telco/assets/catalog/dev-xiaomi-15-ultra-silver-1200.jpg,https://d-telco.github.io/telco/assets/catalog/dev-xiaomi-15-ultra-silver-400.jpg,https://d-telco.github.io/telco/assets/catalog/dev-xiaomi-15-ultra-silver-1600.jpg,256 GB,Silver,unisex,,D·TELCO Shop
44,1099.00,1099.00,dev-xiaomi-15-ultra-256gb-white,dev-xiaomi-15-ultra,Xiaomi 15 Ultra 256 GB White,https://d-telco.github.io/telco/assets/catalog/dev-xiaomi-15-ultra-white-1200.jpg,https://d-telco.github.io/telco/assets/catalog/dev-xiaomi-15-ultra-white-400.jpg,https://d-telco.github.io/telco/assets/catalog/dev-xiaomi-15-ultra-white-1600.jpg,256 GB,White,unisex,,D·TELCO Shop
3,1252.86,1252.86,dev-xiaomi-15-ultra-512gb-black,dev-xiaomi-15-ultra,Xiaomi 15 Ultra 512 GB Black,https://d-telco.github.io/telco/assets/catalog/dev-xiaomi-15-ultra-black-1200.jpg,https://d-telco.github.io/telco/assets/catalog/dev-xiaomi-15-ultra-black-400.jpg,https://d-telco.github.io/telco/assets/catalog/dev-xiaomi-15-ultra-black-1600.jpg,512 GB,Black,unisex,,D·TELCO Shop
23,1252.86,1252.86,dev-xiaomi-15-ultra-512gb-silver,dev-xiaomi-15-ultra,Xiaomi 15 Ultra 512 GB Silver,https://d-telco.github.io/telco/assets/catalog/dev-xiaomi-15-ultra-silver-1200.jpg,https://d-telco.github.io/telco/assets/catalog/dev-xiaomi-15-ultra-silver-400.jpg,https://d-telco.github.io/telco/assets/catalog/dev-xiaomi-15-ultra-silver-1600.jpg,512 GB,Silver,unisex,,D·TELCO Shop
21,1252.86,1252.86,dev-xiaomi-15-ultra-512gb-white,dev-xiaomi-15-ultra,Xiaomi 15 Ultra 512 GB White,https://d-telco.github.io/telco/assets/catalog/dev-xiaomi-15-ultra-white-1200.jpg,https://d-telco.github.io/telco/assets/catalog/dev-xiaomi-15-ultra-white-400.jpg,https://d-telco.github.io/telco/assets/catalog/dev-xiaomi-15-ultra-white-1600.jpg,512 GB,White,unisex,,D·TELCO Shop
15,499.00,499.00,dev-xiaomi-15t-128gb-blue,dev-xiaomi-15t,Xiaomi 15T 128 GB Blue,https://d-telco.github.io/telco/assets/catalog/dev-xiaomi-15t-blue-1200.jpg,https://d-telco.github.io/telco/assets/catalog/dev-xiaomi-15t-blue-400.jpg,https://d-telco.github.io/telco/assets/catalog/dev-xiaomi-15t-blue-1600.jpg,128 GB,Blue,unisex,,D·TELCO Shop
7,499.00,499.00,dev-xiaomi-15t-128gb-grey,dev-xiaomi-15t,Xiaomi 15T 128 GB Grey,https://d-telco.github.io/telco/assets/catalog/dev-xiaomi-15t-grey-1200.jpg,https://d-telco.github.io/telco/assets/catalog/dev-xiaomi-15t-grey-400.jpg,https://d-telco.github.io/telco/assets/catalog/dev-xiaomi-15t-grey-1600.jpg,128 GB,Grey,unisex,,D·TELCO Shop
1,499.00,499.00,dev-xiaomi-15t-128gb-rose,dev-xiaomi-15t,Xiaomi 15T 128 GB Rose,https://d-telco.github.io/telco/assets/catalog/dev-xiaomi-15t-rose-1200.jpg,https://d-telco.github.io/telco/assets/catalog/dev-xiaomi-15t-rose-400.jpg,https://d-telco.github.io/telco/assets/catalog/dev-xiaomi-15t-rose-1600.jpg,128 GB,Rose,unisex,,D·TELCO Shop
0,568.86,568.86,dev-xiaomi-15t-256gb-blue,dev-xiaomi-15t,Xiaomi 15T 256 GB Blue,https://d-telco.github.io/telco/assets/catalog/dev-xiaomi-15t-blue-1200.jpg,https://d-telco.github.io/telco/assets/catalog/dev-xiaomi-15t-blue-400.jpg,https://d-telco.github.io/telco/assets/catalog/dev-xiaomi-15t-blue-1600.jpg,256 GB,Blue,unisex,,D·TELCO Shop
4,568.86,568.86,dev-xiaomi-15t-256gb-grey,dev-xiaomi-15t,Xiaomi 15T 256 GB Grey,https://d-telco.github.io/telco/assets/catalog/dev-xiaomi-15t-grey-1200.jpg,https://d-telco.github.io/telco/assets/catalog/dev-xiaomi-15t-grey-400.jpg,https://d-telco.github.io/telco/assets/catalog/dev-xiaomi-15t-grey-1600.jpg,256 GB,Grey,unisex,,D·TELCO Shop
20,568.86,568.86,dev-xiaomi-15t-256gb-rose,dev-xiaomi-15t,Xiaomi 15T 256 GB Rose,https://d-telco.github.io/telco/assets/catalog/dev-xiaomi-15t-rose-1200.jpg,https://d-telco.github.io/telco/assets/catalog/dev-xiaomi-15t-rose-400.jpg,https://d-telco.github.io/telco/assets/catalog/dev-xiaomi-15t-rose-1600.jpg,256 GB,Rose,unisex,,D·TELCO Shop
6,649.00,649.00,dev-xiaomi-15t-pro-256gb-blue,dev-xiaomi-15t-pro,Xiaomi 15T Pro 256 GB Blue,https://d-telco.github.io/telco/assets/catalog/dev-xiaomi-15t-pro-blue-1200.jpg,https://d-telco.github.io/telco/assets/catalog/dev-xiaomi-15t-pro-blue-400.jpg,https://d-telco.github.io/telco/assets/catalog/dev-xiaomi-15t-pro-blue-1600.jpg,256 GB,Blue,unisex,,D·TELCO Shop
24,649.00,649.00,dev-xiaomi-15t-pro-256gb-grey,dev-xiaomi-15t-pro,Xiaomi 15T Pro 256 GB Grey,https://d-telco.github.io/telco/assets/catalog/dev-xiaomi-15t-pro-grey-1200.jpg,https://d-telco.github.io/telco/assets/catalog/dev-xiaomi-15t-pro-grey-400.jpg,https://d-telco.github.io/telco/assets/catalog/dev-xiaomi-15t-pro-grey-1600.jpg,256 GB,Grey,unisex,,D·TELCO Shop
15,739.86,739.86,dev-xiaomi-15t-pro-512gb-blue,dev-xiaomi-15t-pro,Xiaomi 15T Pro 512 GB Blue,https://d-telco.github.io/telco/assets/catalog/dev-xiaomi-15t-pro-blue-1200.jpg,https://d-telco.github.io/telco/assets/catalog/dev-xiaomi-15t-pro-blue-400.jpg,https://d-telco.github.io/telco/assets/catalog/dev-xiaomi-15t-pro-blue-1600.jpg,512 GB,Blue,unisex,,D·TELCO Shop
9,739.86,739.86,dev-xiaomi-15t-pro-512gb-grey,dev-xiaomi-15t-pro,Xiaomi 15T Pro 512 GB Grey,https://d-telco.github.io/telco/assets/catalog/dev-xiaomi-15t-pro-grey-1200.jpg,https://d-telco.github.io/telco/assets/catalog/dev-xiaomi-15t-pro-grey-400.jpg,https://d-telco.github.io/telco/assets/catalog/dev-xiaomi-15t-pro-grey-1600.jpg,512 GB,Grey,unisex,,D·TELCO Shop
10,49.00,49.00,dev-xiaomi-smart-band-10-onesize-black,dev-xiaomi-smart-band-10,Xiaomi Smart Band 10 One size Black,https://d-telco.github.io/telco/assets/catalog/dev-xiaomi-smart-band-10-black-1200.jpg,https://d-telco.github.io/telco/assets/catalog/dev-xiaomi-smart-band-10-black-400.jpg,https://d-telco.github.io/telco/assets/catalog/dev-xiaomi-smart-band-10-black-1600.jpg,One size,Black,unisex,,D·TELCO Shop
13,49.00,49.00,dev-xiaomi-smart-band-10-onesize-silver,dev-xiaomi-smart-band-10,Xiaomi Smart Band 10 One size Silver,https://d-telco.github.io/telco/assets/catalog/dev-xiaomi-smart-band-10-silver-1200.jpg,https://d-telco.github.io/telco/assets/catalog/dev-xiaomi-smart-band-10-silver-400.jpg,https://d-telco.github.io/telco/assets/catalog/dev-xiaomi-smart-band-10-silver-1600.jpg,One size,Silver,unisex,,D·TELCO Shop
9999,2.99,2.99,esim-new,esim-new,New eSIM,https://d-telco.github.io/telco/assets/catalog/esim-new-1200.jpg,https://d-telco.github.io/telco/assets/catalog/esim-new-400.jpg,https://d-telco.github.io/telco/assets/catalog/esim-new-1600.jpg,,,,,D·TELCO
9999,0.00,0.00,esim-swap,esim-swap,Switch your number to eSIM,https://d-telco.github.io/telco/assets/catalog/esim-swap-1200.jpg,https://d-telco.github.io/telco/assets/catalog/esim-swap-400.jpg,https://d-telco.github.io/telco/assets/catalog/esim-swap-1600.jpg,,,,,D·TELCO
9999,19.99,19.99,fixed-fiber-100,fixed-fiber-100,D·TELCO Fiber 100 Mbps,https://d-telco.github.io/telco/assets/catalog/fixed-fiber-100-1200.jpg,https://d-telco.github.io/telco/assets/catalog/fixed-fiber-100-400.jpg,https://d-telco.github.io/telco/assets/catalog/fixed-fiber-100-1600.jpg,100 Mbps,,,,D·TELCO
9999,54.99,54.99,fixed-fiber-1000,fixed-fiber-1000,D·TELCO Fiber 1 Gbps,https://d-telco.github.io/telco/assets/catalog/fixed-fiber-1000-1200.jpg,https://d-telco.github.io/telco/assets/catalog/fixed-fiber-1000-400.jpg,https://d-telco.github.io/telco/assets/catalog/fixed-fiber-1000-1600.jpg,1000 Mbps,,,,D·TELCO
9999,29.99,29.99,fixed-fiber-300,fixed-fiber-300,D·TELCO Fiber 300 Mbps,https://d-telco.github.io/telco/assets/catalog/fixed-fiber-300-1200.jpg,https://d-telco.github.io/telco/assets/catalog/fixed-fiber-300-400.jpg,https://d-telco.github.io/telco/assets/catalog/fixed-fiber-300-1600.jpg,300 Mbps,,,,D·TELCO
9999,39.99,39.99,fixed-fiber-500,fixed-fiber-500,D·TELCO Fiber 500 Mbps,https://d-telco.github.io/telco/assets/catalog/fixed-fiber-500-1200.jpg,https://d-telco.github.io/telco/assets/catalog/fixed-fiber-500-400.jpg,https://d-telco.github.io/telco/assets/catalog/fixed-fiber-500-1600.jpg,500 Mbps,,,,D·TELCO
9999,10.00,10.00,fixed-wifi-10,fixed-wifi-10,D·TELCO Wi-Fi 10,https://d-telco.github.io/telco/assets/catalog/fixed-wifi-10-1200.jpg,https://d-telco.github.io/telco/assets/catalog/fixed-wifi-10-400.jpg,https://d-telco.github.io/telco/assets/catalog/fixed-wifi-10-1600.jpg,10 GB / 30 days,,,,D·TELCO
9999,100.00,100.00,fixed-wifi-100,fixed-wifi-100,D·TELCO Wi-Fi 100,https://d-telco.github.io/telco/assets/catalog/fixed-wifi-100-1200.jpg,https://d-telco.github.io/telco/assets/catalog/fixed-wifi-100-400.jpg,https://d-telco.github.io/telco/assets/catalog/fixed-wifi-100-1600.jpg,100 GB / 30 days,,,,D·TELCO
9999,150.00,150.00,fixed-wifi-150,fixed-wifi-150,D·TELCO Wi-Fi 150,https://d-telco.github.io/telco/assets/catalog/fixed-wifi-150-1200.jpg,https://d-telco.github.io/telco/assets/catalog/fixed-wifi-150-400.jpg,https://d-telco.github.io/telco/assets/catalog/fixed-wifi-150-1600.jpg,150 GB / 30 days,,,,D·TELCO
9999,175.00,175.00,fixed-wifi-175,fixed-wifi-175,D·TELCO Wi-Fi 175,https://d-telco.github.io/telco/assets/catalog/fixed-wifi-175-1200.jpg,https://d-telco.github.io/telco/assets/catalog/fixed-wifi-175-400.jpg,https://d-telco.github.io/telco/assets/catalog/fixed-wifi-175-1600.jpg,175 GB / 30 days,,,,D·TELCO
9999,25.00,25.00,fixed-wifi-25,fixed-wifi-25,D·TELCO Wi-Fi 25,https://d-telco.github.io/telco/assets/catalog/fixed-wifi-25-1200.jpg,https://d-telco.github.io/telco/assets/catalog/fixed-wifi-25-400.jpg,https://d-telco.github.io/telco/assets/catalog/fixed-wifi-25-1600.jpg,25 GB / 30 days,,,,D·TELCO
9999,5.00,5.00,fixed-wifi-5,fixed-wifi-5,D·TELCO Wi-Fi 5,https://d-telco.github.io/telco/assets/catalog/fixed-wifi-5-1200.jpg,https://d-telco.github.io/telco/assets/catalog/fixed-wifi-5-400.jpg,https://d-telco.github.io/telco/assets/catalog/fixed-wifi-5-1600.jpg,5 GB / 30 days,,,,D·TELCO
9999,50.00,50.00,fixed-wifi-50,fixed-wifi-50,D·TELCO Wi-Fi 50,https://d-telco.github.io/telco/assets/catalog/fixed-wifi-50-1200.jpg,https://d-telco.github.io/telco/assets/catalog/fixed-wifi-50-400.jpg,https://d-telco.github.io/telco/assets/catalog/fixed-wifi-50-1600.jpg,50 GB / 30 days,,,,D·TELCO
9999,75.00,75.00,fixed-wifi-75,fixed-wifi-75,D·TELCO Wi-Fi 75,https://d-telco.github.io/telco/assets/catalog/fixed-wifi-75-1200.jpg,https://d-telco.github.io/telco/assets/catalog/fixed-wifi-75-400.jpg,https://d-telco.github.io/telco/assets/catalog/fixed-wifi-75-1600.jpg,75 GB / 30 days,,,,D·TELCO
9999,1.99,1.99,number-099,number-099,099 prefix number,https://d-telco.github.io/telco/assets/catalog/number-099-1200.jpg,https://d-telco.github.io/telco/assets/catalog/number-099-400.jpg,https://d-telco.github.io/telco/assets/catalog/number-099-1600.jpg,,,,,D·TELCO
9999,19.99,19.99,number-lovely-bronze,number-lovely-bronze,Lovely number Bronze,https://d-telco.github.io/telco/assets/catalog/number-lovely-bronze-1200.jpg,https://d-telco.github.io/telco/assets/catalog/number-lovely-bronze-400.jpg,https://d-telco.github.io/telco/assets/catalog/number-lovely-bronze-1600.jpg,,,,,D·TELCO
9999,149.99,149.99,number-lovely-gold,number-lovely-gold,Lovely number Gold,https://d-telco.github.io/telco/assets/catalog/number-lovely-gold-1200.jpg,https://d-telco.github.io/telco/assets/catalog/number-lovely-gold-400.jpg,https://d-telco.github.io/telco/assets/catalog/number-lovely-gold-1600.jpg,,,,,D·TELCO
9999,499.99,499.99,number-lovely-platinum,number-lovely-platinum,Lovely number Platinum,https://d-telco.github.io/telco/assets/catalog/number-lovely-platinum-1200.jpg,https://d-telco.github.io/telco/assets/catalog/number-lovely-platinum-400.jpg,https://d-telco.github.io/telco/assets/catalog/number-lovely-platinum-1600.jpg,,,,,D·TELCO
9999,49.99,49.99,number-lovely-silver,number-lovely-silver,Lovely number Silver,https://d-telco.github.io/telco/assets/catalog/number-lovely-silver-1200.jpg,https://d-telco.github.io/telco/assets/catalog/number-lovely-silver-400.jpg,https://d-telco.github.io/telco/assets/catalog/number-lovely-silver-1600.jpg,,,,,D·TELCO
9999,0.00,0.00,number-mnp,number-mnp,"Keep your number, move to D-TELCO",https://d-telco.github.io/telco/assets/catalog/number-mnp-1200.jpg,https://d-telco.github.io/telco/assets/catalog/number-mnp-400.jpg,https://d-telco.github.io/telco/assets/catalog/number-mnp-1600.jpg,,,,,D·TELCO
9999,2.99,2.99,pack-ai-talk,pack-ai-talk,AI Talk,https://d-telco.github.io/telco/assets/catalog/pack-ai-talk-1200.jpg,https://d-telco.github.io/telco/assets/catalog/pack-ai-talk-400.jpg,https://d-telco.github.io/telco/assets/catalog/pack-ai-talk-1600.jpg,1 GB / 28 days,,,,D·TELCO
9999,0.00,0.00,pack-free-ai,pack-free-ai,Free AI 1 GB,https://d-telco.github.io/telco/assets/catalog/pack-free-ai-1200.jpg,https://d-telco.github.io/telco/assets/catalog/pack-free-ai-400.jpg,https://d-telco.github.io/telco/assets/catalog/pack-free-ai-1600.jpg,1 GB / 28 days,,,,D·TELCO
9999,12.99,12.99,pack-net-10gb-28d,pack-net-10gb-28d,10 GB monthly (10 GB / 28 days),https://d-telco.github.io/telco/assets/catalog/pack-net-10gb-28d-1200.jpg,https://d-telco.github.io/telco/assets/catalog/pack-net-10gb-28d-400.jpg,https://d-telco.github.io/telco/assets/catalog/pack-net-10gb-28d-1600.jpg,10 GB / 28 days,,,,D·TELCO
9999,8.99,8.99,pack-net-10gb-7d,pack-net-10gb-7d,10 GB weekly (10 GB / 7 days),https://d-telco.github.io/telco/assets/catalog/pack-net-10gb-7d-1200.jpg,https://d-telco.github.io/telco/assets/catalog/pack-net-10gb-7d-400.jpg,https://d-telco.github.io/telco/assets/catalog/pack-net-10gb-7d-1600.jpg,10 GB / 7 days,,,,D·TELCO
9999,1.29,1.29,pack-net-1gb-1d,pack-net-1gb-1d,1 GB daily (1 GB / 1 days),https://d-telco.github.io/telco/assets/catalog/pack-net-1gb-1d-1200.jpg,https://d-telco.github.io/telco/assets/catalog/pack-net-1gb-1d-400.jpg,https://d-telco.github.io/telco/assets/catalog/pack-net-1gb-1d-1600.jpg,1 GB / 1 days,,,,D·TELCO
9999,3.49,3.49,pack-net-1gb-28d,pack-net-1gb-28d,1 GB monthly (1 GB / 28 days),https://d-telco.github.io/telco/assets/catalog/pack-net-1gb-28d-1200.jpg,https://d-telco.github.io/telco/assets/catalog/pack-net-1gb-28d-400.jpg,https://d-telco.github.io/telco/assets/catalog/pack-net-1gb-28d-1600.jpg,1 GB / 28 days,,,,D·TELCO
9999,2.49,2.49,pack-net-1gb-7d,pack-net-1gb-7d,1 GB weekly (1 GB / 7 days),https://d-telco.github.io/telco/assets/catalog/pack-net-1gb-7d-1200.jpg,https://d-telco.github.io/telco/assets/catalog/pack-net-1gb-7d-400.jpg,https://d-telco.github.io/telco/assets/catalog/pack-net-1gb-7d-1600.jpg,1 GB / 7 days,,,,D·TELCO
9999,18.99,18.99,pack-net-20gb-28d,pack-net-20gb-28d,20 GB monthly (20 GB / 28 days),https://d-telco.github.io/telco/assets/catalog/pack-net-20gb-28d-1200.jpg,https://d-telco.github.io/telco/assets/catalog/pack-net-20gb-28d-400.jpg,https://d-telco.github.io/telco/assets/catalog/pack-net-20gb-28d-1600.jpg,20 GB / 28 days,,,,D·TELCO
9999,1.99,1.99,pack-net-2gb-1d,pack-net-2gb-1d,2 GB daily (2 GB / 1 days),https://d-telco.github.io/telco/assets/catalog/pack-net-2gb-1d-1200.jpg,https://d-telco.github.io/telco/assets/catalog/pack-net-2gb-1d-400.jpg,https://d-telco.github.io/telco/assets/catalog/pack-net-2gb-1d-1600.jpg,2 GB / 1 days,,,,D·TELCO
9999,6.49,6.49,pack-net-3gb-28d,pack-net-3gb-28d,3 GB monthly (3 GB / 28 days),https://d-telco.github.io/telco/assets/catalog/pack-net-3gb-28d-1200.jpg,https://d-telco.github.io/telco/assets/catalog/pack-net-3gb-28d-400.jpg,https://d-telco.github.io/telco/assets/catalog/pack-net-3gb-28d-1600.jpg,3 GB / 28 days,,,,D·TELCO
9999,4.49,4.49,pack-net-3gb-7d,pack-net-3gb-7d,3 GB weekly (3 GB / 7 days),https://d-telco.github.io/telco/assets/catalog/pack-net-3gb-7d-1200.jpg,https://d-telco.github.io/telco/assets/catalog/pack-net-3gb-7d-400.jpg,https://d-telco.github.io/telco/assets/catalog/pack-net-3gb-7d-1600.jpg,3 GB / 7 days,,,,D·TELCO
9999,0.79,0.79,pack-net-500mb-1d,pack-net-500mb-1d,500 MB daily (0.5 GB / 1 days),https://d-telco.github.io/telco/assets/catalog/pack-net-500mb-1d-1200.jpg,https://d-telco.github.io/telco/assets/catalog/pack-net-500mb-1d-400.jpg,https://d-telco.github.io/telco/assets/catalog/pack-net-500mb-1d-1600.jpg,0.5 GB / 1 days,,,,D·TELCO
9999,1.99,1.99,pack-net-500mb-28d,pack-net-500mb-28d,500 MB monthly (0.5 GB / 28 days),https://d-telco.github.io/telco/assets/catalog/pack-net-500mb-28d-1200.jpg,https://d-telco.github.io/telco/assets/catalog/pack-net-500mb-28d-400.jpg,https://d-telco.github.io/telco/assets/catalog/pack-net-500mb-28d-1600.jpg,0.5 GB / 28 days,,,,D·TELCO
9999,8.99,8.99,pack-net-5gb-28d,pack-net-5gb-28d,5 GB monthly (5 GB / 28 days),https://d-telco.github.io/telco/assets/catalog/pack-net-5gb-28d-1200.jpg,https://d-telco.github.io/telco/assets/catalog/pack-net-5gb-28d-400.jpg,https://d-telco.github.io/telco/assets/catalog/pack-net-5gb-28d-1600.jpg,5 GB / 28 days,,,,D·TELCO
9999,5.99,5.99,pack-net-5gb-7d,pack-net-5gb-7d,5 GB weekly (5 GB / 7 days),https://d-telco.github.io/telco/assets/catalog/pack-net-5gb-7d-1200.jpg,https://d-telco.github.io/telco/assets/catalog/pack-net-5gb-7d-400.jpg,https://d-telco.github.io/telco/assets/catalog/pack-net-5gb-7d-1600.jpg,5 GB / 7 days,,,,D·TELCO
9999,0.99,0.99,pack-net-night-1d,pack-net-night-1d,Unlimited night,https://d-telco.github.io/telco/assets/catalog/pack-net-night-1d-1200.jpg,https://d-telco.github.io/telco/assets/catalog/pack-net-night-1d-400.jpg,https://d-telco.github.io/telco/assets/catalog/pack-net-night-1d-1600.jpg,1 days,,,,D·TELCO
9999,29.99,29.99,pack-net-unlimited-20,pack-net-unlimited-20,Unlimited 20 Mbps,https://d-telco.github.io/telco/assets/catalog/pack-net-unlimited-20-1200.jpg,https://d-telco.github.io/telco/assets/catalog/pack-net-unlimited-20-400.jpg,https://d-telco.github.io/telco/assets/catalog/pack-net-unlimited-20-1600.jpg,20 Mbps / 28 days,,,,D·TELCO
9999,19.99,19.99,pack-net-unlimited-5,pack-net-unlimited-5,Unlimited 5 Mbps,https://d-telco.github.io/telco/assets/catalog/pack-net-unlimited-5-1200.jpg,https://d-telco.github.io/telco/assets/catalog/pack-net-unlimited-5-400.jpg,https://d-telco.github.io/telco/assets/catalog/pack-net-unlimited-5-1600.jpg,5 Mbps / 28 days,,,,D·TELCO
9999,39.99,39.99,pack-net-unlimited-max,pack-net-unlimited-max,Unlimited full speed,https://d-telco.github.io/telco/assets/catalog/pack-net-unlimited-max-1200.jpg,https://d-telco.github.io/telco/assets/catalog/pack-net-unlimited-max-400.jpg,https://d-telco.github.io/telco/assets/catalog/pack-net-unlimited-max-1600.jpg,100 Mbps / 28 days,,,,D·TELCO
9999,1.99,1.99,pack-social-1gb,pack-social-1gb,Social 1 GB,https://d-telco.github.io/telco/assets/catalog/pack-social-1gb-1200.jpg,https://d-telco.github.io/telco/assets/catalog/pack-social-1gb-400.jpg,https://d-telco.github.io/telco/assets/catalog/pack-social-1gb-1600.jpg,1 GB / 28 days,,,,D·TELCO
9999,3.99,3.99,pack-social-3gb,pack-social-3gb,Social 3 GB,https://d-telco.github.io/telco/assets/catalog/pack-social-3gb-1200.jpg,https://d-telco.github.io/telco/assets/catalog/pack-social-3gb-400.jpg,https://d-telco.github.io/telco/assets/catalog/pack-social-3gb-1600.jpg,3 GB / 28 days,,,,D·TELCO
9999,5.49,5.49,pack-social-5gb,pack-social-5gb,Social 5 GB,https://d-telco.github.io/telco/assets/catalog/pack-social-5gb-1200.jpg,https://d-telco.github.io/telco/assets/catalog/pack-social-5gb-400.jpg,https://d-telco.github.io/telco/assets/catalog/pack-social-5gb-1600.jpg,5 GB / 28 days,,,,D·TELCO
9999,4.49,4.49,pack-youtube,pack-youtube,YouTube pack,https://d-telco.github.io/telco/assets/catalog/pack-youtube-1200.jpg,https://d-telco.github.io/telco/assets/catalog/pack-youtube-400.jpg,https://d-telco.github.io/telco/assets/catalog/pack-youtube-1600.jpg,5 GB / 28 days,,,,D·TELCO
9999,9.99,9.99,plan-archive-birinci,plan-archive-birinci,Birinci,https://d-telco.github.io/telco/assets/catalog/plan-archive-birinci-1200.jpg,https://d-telco.github.io/telco/assets/catalog/plan-archive-birinci-400.jpg,https://d-telco.github.io/telco/assets/catalog/plan-archive-birinci-1600.jpg,,,,,D·TELCO
9999,12.99,12.99,plan-archive-daimonline,plan-archive-daimonline,DaimOnline,https://d-telco.github.io/telco/assets/catalog/plan-archive-daimonline-1200.jpg,https://d-telco.github.io/telco/assets/catalog/plan-archive-daimonline-400.jpg,https://d-telco.github.io/telco/assets/catalog/plan-archive-daimonline-1600.jpg,,,,,D·TELCO
9999,6.99,6.99,plan-archive-ilk,plan-archive-ilk,Ilk,https://d-telco.github.io/telco/assets/catalog/plan-archive-ilk-1200.jpg,https://d-telco.github.io/telco/assets/catalog/plan-archive-ilk-400.jpg,https://d-telco.github.io/telco/assets/catalog/plan-archive-ilk-1600.jpg,,,,,D·TELCO
9999,4.99,4.99,plan-archive-sade,plan-archive-sade,Sade,https://d-telco.github.io/telco/assets/catalog/plan-archive-sade-1200.jpg,https://d-telco.github.io/telco/assets/catalog/plan-archive-sade-400.jpg,https://d-telco.github.io/telco/assets/catalog/plan-archive-sade-1600.jpg,,,,,D·TELCO
9999,11.99,11.99,plan-go-11-99,plan-go-11-99,GO 11.99,https://d-telco.github.io/telco/assets/catalog/plan-go-11-99-1200.jpg,https://d-telco.github.io/telco/assets/catalog/plan-go-11-99-400.jpg,https://d-telco.github.io/telco/assets/catalog/plan-go-11-99-1600.jpg,,,,,D·TELCO
9999,17.99,17.99,plan-go-17-99,plan-go-17-99,GO 17.99,https://d-telco.github.io/telco/assets/catalog/plan-go-17-99-1200.jpg,https://d-telco.github.io/telco/assets/catalog/plan-go-17-99-400.jpg,https://d-telco.github.io/telco/assets/catalog/plan-go-17-99-1600.jpg,,,,,D·TELCO
9999,29.99,29.99,plan-go-29-99,plan-go-29-99,GO 29.99,https://d-telco.github.io/telco/assets/catalog/plan-go-29-99-1200.jpg,https://d-telco.github.io/telco/assets/catalog/plan-go-29-99-400.jpg,https://d-telco.github.io/telco/assets/catalog/plan-go-29-99-1600.jpg,,,,,D·TELCO
9999,3.99,3.99,plan-go-3-99,plan-go-3-99,GO 3.99,https://d-telco.github.io/telco/assets/catalog/plan-go-3-99-1200.jpg,https://d-telco.github.io/telco/assets/catalog/plan-go-3-99-400.jpg,https://d-telco.github.io/telco/assets/catalog/plan-go-3-99-1600.jpg,,,,,D·TELCO
9999,59.99,59.99,plan-go-59-99,plan-go-59-99,GO 59.99,https://d-telco.github.io/telco/assets/catalog/plan-go-59-99-1200.jpg,https://d-telco.github.io/telco/assets/catalog/plan-go-59-99-400.jpg,https://d-telco.github.io/telco/assets/catalog/plan-go-59-99-1600.jpg,,,,,D·TELCO
9999,7.99,7.99,plan-go-7-99,plan-go-7-99,GO 7.99,https://d-telco.github.io/telco/assets/catalog/plan-go-7-99-1200.jpg,https://d-telco.github.io/telco/assets/catalog/plan-go-7-99-400.jpg,https://d-telco.github.io/telco/assets/catalog/plan-go-7-99-1600.jpg,,,,,D·TELCO
9999,89.99,89.99,plan-go-89-99,plan-go-89-99,GO 89.99,https://d-telco.github.io/telco/assets/catalog/plan-go-89-99-1200.jpg,https://d-telco.github.io/telco/assets/catalog/plan-go-89-99-400.jpg,https://d-telco.github.io/telco/assets/catalog/plan-go-89-99-1600.jpg,,,,,D·TELCO
9999,19.99,19.99,plan-go-pro-19-99,plan-go-pro-19-99,GO Pro 19.99,https://d-telco.github.io/telco/assets/catalog/plan-go-pro-19-99-1200.jpg,https://d-telco.github.io/telco/assets/catalog/plan-go-pro-19-99-400.jpg,https://d-telco.github.io/telco/assets/catalog/plan-go-pro-19-99-1600.jpg,,,,,D·TELCO
9999,34.99,34.99,plan-go-pro-34-99,plan-go-pro-34-99,GO Pro 34.99,https://d-telco.github.io/telco/assets/catalog/plan-go-pro-34-99-1200.jpg,https://d-telco.github.io/telco/assets/catalog/plan-go-pro-34-99-400.jpg,https://d-telco.github.io/telco/assets/catalog/plan-go-pro-34-99-1600.jpg,,,,,D·TELCO
9999,49.99,49.99,plan-go-pro-49-99,plan-go-pro-49-99,GO Pro 49.99,https://d-telco.github.io/telco/assets/catalog/plan-go-pro-49-99-1200.jpg,https://d-telco.github.io/telco/assets/catalog/plan-go-pro-49-99-400.jpg,https://d-telco.github.io/telco/assets/catalog/plan-go-pro-49-99-1600.jpg,,,,,D·TELCO
9999,79.99,79.99,plan-go-pro-79-99,plan-go-pro-79-99,GO Pro 79.99,https://d-telco.github.io/telco/assets/catalog/plan-go-pro-79-99-1200.jpg,https://d-telco.github.io/telco/assets/catalog/plan-go-pro-79-99-400.jpg,https://d-telco.github.io/telco/assets/catalog/plan-go-pro-79-99-1600.jpg,,,,,D·TELCO
9999,13.00,13.00,plan-klass-13,plan-klass-13,Klass 13,https://d-telco.github.io/telco/assets/catalog/plan-klass-13-1200.jpg,https://d-telco.github.io/telco/assets/catalog/plan-klass-13-400.jpg,https://d-telco.github.io/telco/assets/catalog/plan-klass-13-1600.jpg,,,,,D·TELCO
9999,13.00,11.70,plan-klass-13-postpaid-12m,plan-klass-13-postpaid,"Klass 13 Postpaid, 12 months",https://d-telco.github.io/telco/assets/catalog/plan-klass-13-postpaid-1200.jpg,https://d-telco.github.io/telco/assets/catalog/plan-klass-13-postpaid-400.jpg,https://d-telco.github.io/telco/assets/catalog/plan-klass-13-postpaid-1600.jpg,12 months,,,,D·TELCO
9999,13.00,10.66,plan-klass-13-postpaid-24m,plan-klass-13-postpaid,"Klass 13 Postpaid, 24 months",https://d-telco.github.io/telco/assets/catalog/plan-klass-13-postpaid-1200.jpg,https://d-telco.github.io/telco/assets/catalog/plan-klass-13-postpaid-400.jpg,https://d-telco.github.io/telco/assets/catalog/plan-klass-13-postpaid-1600.jpg,24 months,,,,D·TELCO
9999,13.00,13.00,plan-klass-13-postpaid-nocontract,plan-klass-13-postpaid,"Klass 13 Postpaid, No contract",https://d-telco.github.io/telco/assets/catalog/plan-klass-13-postpaid-1200.jpg,https://d-telco.github.io/telco/assets/catalog/plan-klass-13-postpaid-400.jpg,https://d-telco.github.io/telco/assets/catalog/plan-klass-13-postpaid-1600.jpg,No contract,,,,D·TELCO
9999,19.00,19.00,plan-klass-19,plan-klass-19,Klass 19,https://d-telco.github.io/telco/assets/catalog/plan-klass-19-1200.jpg,https://d-telco.github.io/telco/assets/catalog/plan-klass-19-400.jpg,https://d-telco.github.io/telco/assets/catalog/plan-klass-19-1600.jpg,,,,,D·TELCO
9999,19.00,17.10,plan-klass-19-postpaid-12m,plan-klass-19-postpaid,"Klass 19 Postpaid, 12 months",https://d-telco.github.io/telco/assets/catalog/plan-klass-19-postpaid-1200.jpg,https://d-telco.github.io/telco/assets/catalog/plan-klass-19-postpaid-400.jpg,https://d-telco.github.io/telco/assets/catalog/plan-klass-19-postpaid-1600.jpg,12 months,,,,D·TELCO
9999,19.00,15.58,plan-klass-19-postpaid-24m,plan-klass-19-postpaid,"Klass 19 Postpaid, 24 months",https://d-telco.github.io/telco/assets/catalog/plan-klass-19-postpaid-1200.jpg,https://d-telco.github.io/telco/assets/catalog/plan-klass-19-postpaid-400.jpg,https://d-telco.github.io/telco/assets/catalog/plan-klass-19-postpaid-1600.jpg,24 months,,,,D·TELCO
9999,19.00,19.00,plan-klass-19-postpaid-nocontract,plan-klass-19-postpaid,"Klass 19 Postpaid, No contract",https://d-telco.github.io/telco/assets/catalog/plan-klass-19-postpaid-1200.jpg,https://d-telco.github.io/telco/assets/catalog/plan-klass-19-postpaid-400.jpg,https://d-telco.github.io/telco/assets/catalog/plan-klass-19-postpaid-1600.jpg,No contract,,,,D·TELCO
9999,31.00,31.00,plan-klass-31,plan-klass-31,Klass 31,https://d-telco.github.io/telco/assets/catalog/plan-klass-31-1200.jpg,https://d-telco.github.io/telco/assets/catalog/plan-klass-31-400.jpg,https://d-telco.github.io/telco/assets/catalog/plan-klass-31-1600.jpg,,,,,D·TELCO
9999,31.00,27.90,plan-klass-31-postpaid-12m,plan-klass-31-postpaid,"Klass 31 Postpaid, 12 months",https://d-telco.github.io/telco/assets/catalog/plan-klass-31-postpaid-1200.jpg,https://d-telco.github.io/telco/assets/catalog/plan-klass-31-postpaid-400.jpg,https://d-telco.github.io/telco/assets/catalog/plan-klass-31-postpaid-1600.jpg,12 months,,,,D·TELCO
9999,31.00,25.42,plan-klass-31-postpaid-24m,plan-klass-31-postpaid,"Klass 31 Postpaid, 24 months",https://d-telco.github.io/telco/assets/catalog/plan-klass-31-postpaid-1200.jpg,https://d-telco.github.io/telco/assets/catalog/plan-klass-31-postpaid-400.jpg,https://d-telco.github.io/telco/assets/catalog/plan-klass-31-postpaid-1600.jpg,24 months,,,,D·TELCO
9999,31.00,31.00,plan-klass-31-postpaid-nocontract,plan-klass-31-postpaid,"Klass 31 Postpaid, No contract",https://d-telco.github.io/telco/assets/catalog/plan-klass-31-postpaid-1200.jpg,https://d-telco.github.io/telco/assets/catalog/plan-klass-31-postpaid-400.jpg,https://d-telco.github.io/telco/assets/catalog/plan-klass-31-postpaid-1600.jpg,No contract,,,,D·TELCO
9999,50.00,45.00,plan-klass-50-postpaid-12m,plan-klass-50-postpaid,"Klass 50 Postpaid, 12 months",https://d-telco.github.io/telco/assets/catalog/plan-klass-50-postpaid-1200.jpg,https://d-telco.github.io/telco/assets/catalog/plan-klass-50-postpaid-400.jpg,https://d-telco.github.io/telco/assets/catalog/plan-klass-50-postpaid-1600.jpg,12 months,,,,D·TELCO
9999,50.00,41.00,plan-klass-50-postpaid-24m,plan-klass-50-postpaid,"Klass 50 Postpaid, 24 months",https://d-telco.github.io/telco/assets/catalog/plan-klass-50-postpaid-1200.jpg,https://d-telco.github.io/telco/assets/catalog/plan-klass-50-postpaid-400.jpg,https://d-telco.github.io/telco/assets/catalog/plan-klass-50-postpaid-1600.jpg,24 months,,,,D·TELCO
9999,50.00,50.00,plan-klass-50-postpaid-nocontract,plan-klass-50-postpaid,"Klass 50 Postpaid, No contract",https://d-telco.github.io/telco/assets/catalog/plan-klass-50-postpaid-1200.jpg,https://d-telco.github.io/telco/assets/catalog/plan-klass-50-postpaid-400.jpg,https://d-telco.github.io/telco/assets/catalog/plan-klass-50-postpaid-1600.jpg,No contract,,,,D·TELCO
9999,55.00,55.00,plan-klass-55,plan-klass-55,Klass 55,https://d-telco.github.io/telco/assets/catalog/plan-klass-55-1200.jpg,https://d-telco.github.io/telco/assets/catalog/plan-klass-55-400.jpg,https://d-telco.github.io/telco/assets/catalog/plan-klass-55-1600.jpg,,,,,D·TELCO
9999,55.00,49.50,plan-klass-55-postpaid-12m,plan-klass-55-postpaid,"Klass 55 Postpaid, 12 months",https://d-telco.github.io/telco/assets/catalog/plan-klass-55-postpaid-1200.jpg,https://d-telco.github.io/telco/assets/catalog/plan-klass-55-postpaid-400.jpg,https://d-telco.github.io/telco/assets/catalog/plan-klass-55-postpaid-1600.jpg,12 months,,,,D·TELCO
9999,55.00,45.10,plan-klass-55-postpaid-24m,plan-klass-55-postpaid,"Klass 55 Postpaid, 24 months",https://d-telco.github.io/telco/assets/catalog/plan-klass-55-postpaid-1200.jpg,https://d-telco.github.io/telco/assets/catalog/plan-klass-55-postpaid-400.jpg,https://d-telco.github.io/telco/assets/catalog/plan-klass-55-postpaid-1600.jpg,24 months,,,,D·TELCO
9999,55.00,55.00,plan-klass-55-postpaid-nocontract,plan-klass-55-postpaid,"Klass 55 Postpaid, No contract",https://d-telco.github.io/telco/assets/catalog/plan-klass-55-postpaid-1200.jpg,https://d-telco.github.io/telco/assets/catalog/plan-klass-55-postpaid-400.jpg,https://d-telco.github.io/telco/assets/catalog/plan-klass-55-postpaid-1600.jpg,No contract,,,,D·TELCO
9999,8.00,8.00,plan-klass-8,plan-klass-8,Klass 8,https://d-telco.github.io/telco/assets/catalog/plan-klass-8-1200.jpg,https://d-telco.github.io/telco/assets/catalog/plan-klass-8-400.jpg,https://d-telco.github.io/telco/assets/catalog/plan-klass-8-1600.jpg,,,,,D·TELCO
9999,8.00,7.20,plan-klass-8-postpaid-12m,plan-klass-8-postpaid,"Klass 8 Postpaid, 12 months",https://d-telco.github.io/telco/assets/catalog/plan-klass-8-postpaid-1200.jpg,https://d-telco.github.io/telco/assets/catalog/plan-klass-8-postpaid-400.jpg,https://d-telco.github.io/telco/assets/catalog/plan-klass-8-postpaid-1600.jpg,12 months,,,,D·TELCO
9999,8.00,6.56,plan-klass-8-postpaid-24m,plan-klass-8-postpaid,"Klass 8 Postpaid, 24 months",https://d-telco.github.io/telco/assets/catalog/plan-klass-8-postpaid-1200.jpg,https://d-telco.github.io/telco/assets/catalog/plan-klass-8-postpaid-400.jpg,https://d-telco.github.io/telco/assets/catalog/plan-klass-8-postpaid-1600.jpg,24 months,,,,D·TELCO
9999,8.00,8.00,plan-klass-8-postpaid-nocontract,plan-klass-8-postpaid,"Klass 8 Postpaid, No contract",https://d-telco.github.io/telco/assets/catalog/plan-klass-8-postpaid-1200.jpg,https://d-telco.github.io/telco/assets/catalog/plan-klass-8-postpaid-400.jpg,https://d-telco.github.io/telco/assets/catalog/plan-klass-8-postpaid-1600.jpg,No contract,,,,D·TELCO
9999,5.99,5.99,plan-star-3gb,plan-star-3gb,Star 3 GB,https://d-telco.github.io/telco/assets/catalog/plan-star-3gb-1200.jpg,https://d-telco.github.io/telco/assets/catalog/plan-star-3gb-400.jpg,https://d-telco.github.io/telco/assets/catalog/plan-star-3gb-1600.jpg,,,,,D·TELCO
9999,8.99,8.99,plan-star-5gb,plan-star-5gb,Star 5 GB,https://d-telco.github.io/telco/assets/catalog/plan-star-5gb-1200.jpg,https://d-telco.github.io/telco/assets/catalog/plan-star-5gb-400.jpg,https://d-telco.github.io/telco/assets/catalog/plan-star-5gb-1600.jpg,,,,,D·TELCO
9999,11.99,11.99,plan-star-7gb,plan-star-7gb,Star 7 GB,https://d-telco.github.io/telco/assets/catalog/plan-star-7gb-1200.jpg,https://d-telco.github.io/telco/assets/catalog/plan-star-7gb-400.jpg,https://d-telco.github.io/telco/assets/catalog/plan-star-7gb-1600.jpg,,,,,D·TELCO
9999,14.99,14.99,plan-star-9gb,plan-star-9gb,Star 9 GB,https://d-telco.github.io/telco/assets/catalog/plan-star-9gb-1200.jpg,https://d-telco.github.io/telco/assets/catalog/plan-star-9gb-400.jpg,https://d-telco.github.io/telco/assets/catalog/plan-star-9gb-1600.jpg,,,,,D·TELCO
9999,19.99,19.99,plan-star-pro-17gb,plan-star-pro-17gb,Star Pro 17 GB,https://d-telco.github.io/telco/assets/catalog/plan-star-pro-17gb-1200.jpg,https://d-telco.github.io/telco/assets/catalog/plan-star-pro-17gb-400.jpg,https://d-telco.github.io/telco/assets/catalog/plan-star-pro-17gb-1600.jpg,,,,,D·TELCO
9999,27.99,27.99,plan-star-pro-27gb,plan-star-pro-27gb,Star Pro 27 GB,https://d-telco.github.io/telco/assets/catalog/plan-star-pro-27gb-1200.jpg,https://d-telco.github.io/telco/assets/catalog/plan-star-pro-27gb-400.jpg,https://d-telco.github.io/telco/assets/catalog/plan-star-pro-27gb-1600.jpg,,,,,D·TELCO
9999,37.99,37.99,plan-star-pro-40gb,plan-star-pro-40gb,Star Pro 40 GB,https://d-telco.github.io/telco/assets/catalog/plan-star-pro-40gb-1200.jpg,https://d-telco.github.io/telco/assets/catalog/plan-star-pro-40gb-400.jpg,https://d-telco.github.io/telco/assets/catalog/plan-star-pro-40gb-1600.jpg,,,,,D·TELCO
9999,49.99,49.99,plan-star-pro-60gb,plan-star-pro-60gb,Star Pro 60 GB,https://d-telco.github.io/telco/assets/catalog/plan-star-pro-60gb-1200.jpg,https://d-telco.github.io/telco/assets/catalog/plan-star-pro-60gb-400.jpg,https://d-telco.github.io/telco/assets/catalog/plan-star-pro-60gb-1600.jpg,,,,,D·TELCO
9999,64.99,64.99,plan-star-pro-80gb,plan-star-pro-80gb,Star Pro 80 GB,https://d-telco.github.io/telco/assets/catalog/plan-star-pro-80gb-1200.jpg,https://d-telco.github.io/telco/assets/catalog/plan-star-pro-80gb-400.jpg,https://d-telco.github.io/telco/assets/catalog/plan-star-pro-80gb-1600.jpg,,,,,D·TELCO
9999,69.99,69.99,roam-allin-europe-14d,roam-allin-europe-14d,"Europe all in one, 14 days",https://d-telco.github.io/telco/assets/catalog/roam-allin-europe-14d-1200.jpg,https://d-telco.github.io/telco/assets/catalog/roam-allin-europe-14d-400.jpg,https://d-telco.github.io/telco/assets/catalog/roam-allin-europe-14d-1600.jpg,Europe / 14 days,,,,D·TELCO
9999,41.99,41.99,roam-allin-europe-7d,roam-allin-europe-7d,"Europe all in one, 7 days",https://d-telco.github.io/telco/assets/catalog/roam-allin-europe-7d-1200.jpg,https://d-telco.github.io/telco/assets/catalog/roam-allin-europe-7d-400.jpg,https://d-telco.github.io/telco/assets/catalog/roam-allin-europe-7d-1600.jpg,Europe / 7 days,,,,D·TELCO
9999,49.99,49.99,roam-allin-tr-cis-14d,roam-allin-tr-cis-14d,"Turkiye and CIS all in one, 14 days",https://d-telco.github.io/telco/assets/catalog/roam-allin-tr-cis-14d-1200.jpg,https://d-telco.github.io/telco/assets/catalog/roam-allin-tr-cis-14d-400.jpg,https://d-telco.github.io/telco/assets/catalog/roam-allin-tr-cis-14d-1600.jpg,Turkiye and CIS / 14 days,,,,D·TELCO
9999,29.99,29.99,roam-allin-tr-cis-7d,roam-allin-tr-cis-7d,"Turkiye and CIS all in one, 7 days",https://d-telco.github.io/telco/assets/catalog/roam-allin-tr-cis-7d-1200.jpg,https://d-telco.github.io/telco/assets/catalog/roam-allin-tr-cis-7d-400.jpg,https://d-telco.github.io/telco/assets/catalog/roam-allin-tr-cis-7d-1600.jpg,Turkiye and CIS / 7 days,,,,D·TELCO
9999,99.98,99.98,roam-allin-world-14d,roam-allin-world-14d,"World all in one, 14 days",https://d-telco.github.io/telco/assets/catalog/roam-allin-world-14d-1200.jpg,https://d-telco.github.io/telco/assets/catalog/roam-allin-world-14d-400.jpg,https://d-telco.github.io/telco/assets/catalog/roam-allin-world-14d-1600.jpg,World / 14 days,,,,D·TELCO
9999,59.98,59.98,roam-allin-world-7d,roam-allin-world-7d,"World all in one, 7 days",https://d-telco.github.io/telco/assets/catalog/roam-allin-world-7d-1200.jpg,https://d-telco.github.io/telco/assets/catalog/roam-allin-world-7d-400.jpg,https://d-telco.github.io/telco/assets/catalog/roam-allin-world-7d-1600.jpg,World / 7 days,,,,D·TELCO
9999,31.99,31.99,roam-call-120,roam-call-120,120 roaming minutes,https://d-telco.github.io/telco/assets/catalog/roam-call-120-1200.jpg,https://d-telco.github.io/telco/assets/catalog/roam-call-120-400.jpg,https://d-telco.github.io/telco/assets/catalog/roam-call-120-1600.jpg,Any zone / 30 days,,,,D·TELCO
9999,9.99,9.99,roam-call-30,roam-call-30,30 roaming minutes,https://d-telco.github.io/telco/assets/catalog/roam-call-30-1200.jpg,https://d-telco.github.io/telco/assets/catalog/roam-call-30-400.jpg,https://d-telco.github.io/telco/assets/catalog/roam-call-30-1600.jpg,Any zone / 30 days,,,,D·TELCO
9999,69.99,69.99,roam-call-300,roam-call-300,300 roaming minutes,https://d-telco.github.io/telco/assets/catalog/roam-call-300-1200.jpg,https://d-telco.github.io/telco/assets/catalog/roam-call-300-400.jpg,https://d-telco.github.io/telco/assets/catalog/roam-call-300-1600.jpg,Any zone / 30 days,,,,D·TELCO
9999,17.99,17.99,roam-call-60,roam-call-60,60 roaming minutes,https://d-telco.github.io/telco/assets/catalog/roam-call-60-1200.jpg,https://d-telco.github.io/telco/assets/catalog/roam-call-60-400.jpg,https://d-telco.github.io/telco/assets/catalog/roam-call-60-1600.jpg,Any zone / 30 days,,,,D·TELCO
9999,17.90,17.90,roam-europe-1gb-14d,roam-europe-1gb,"Europe roaming 1 GB, 14 days",https://d-telco.github.io/telco/assets/catalog/roam-europe-1gb-1200.jpg,https://d-telco.github.io/telco/assets/catalog/roam-europe-1gb-400.jpg,https://d-telco.github.io/telco/assets/catalog/roam-europe-1gb-1600.jpg,Europe / 14 days,,,,D·TELCO
9999,11.19,11.19,roam-europe-1gb-7d,roam-europe-1gb,"Europe roaming 1 GB, 7 days",https://d-telco.github.io/telco/assets/catalog/roam-europe-1gb-1200.jpg,https://d-telco.github.io/telco/assets/catalog/roam-europe-1gb-400.jpg,https://d-telco.github.io/telco/assets/catalog/roam-europe-1gb-1600.jpg,Europe / 7 days,,,,D·TELCO
9999,40.30,40.30,roam-europe-3gb-14d,roam-europe-3gb,"Europe roaming 3 GB, 14 days",https://d-telco.github.io/telco/assets/catalog/roam-europe-3gb-1200.jpg,https://d-telco.github.io/telco/assets/catalog/roam-europe-3gb-400.jpg,https://d-telco.github.io/telco/assets/catalog/roam-europe-3gb-1600.jpg,Europe / 14 days,,,,D·TELCO
9999,25.19,25.19,roam-europe-3gb-7d,roam-europe-3gb,"Europe roaming 3 GB, 7 days",https://d-telco.github.io/telco/assets/catalog/roam-europe-3gb-1200.jpg,https://d-telco.github.io/telco/assets/catalog/roam-europe-3gb-400.jpg,https://d-telco.github.io/telco/assets/catalog/roam-europe-3gb-1600.jpg,Europe / 7 days,,,,D·TELCO
9999,11.18,11.18,roam-europe-500mb-14d,roam-europe-500mb,"Europe roaming 500 MB, 14 days",https://d-telco.github.io/telco/assets/catalog/roam-europe-500mb-1200.jpg,https://d-telco.github.io/telco/assets/catalog/roam-europe-500mb-400.jpg,https://d-telco.github.io/telco/assets/catalog/roam-europe-500mb-1600.jpg,Europe / 14 days,,,,D·TELCO
9999,6.99,6.99,roam-europe-500mb-7d,roam-europe-500mb,"Europe roaming 500 MB, 7 days",https://d-telco.github.io/telco/assets/catalog/roam-europe-500mb-1200.jpg,https://d-telco.github.io/telco/assets/catalog/roam-europe-500mb-400.jpg,https://d-telco.github.io/telco/assets/catalog/roam-europe-500mb-1600.jpg,Europe / 7 days,,,,D·TELCO
9999,55.98,55.98,roam-europe-5gb-14d,roam-europe-5gb,"Europe roaming 5 GB, 14 days",https://d-telco.github.io/telco/assets/catalog/roam-europe-5gb-1200.jpg,https://d-telco.github.io/telco/assets/catalog/roam-europe-5gb-400.jpg,https://d-telco.github.io/telco/assets/catalog/roam-europe-5gb-1600.jpg,Europe / 14 days,,,,D·TELCO
9999,34.99,34.99,roam-europe-5gb-7d,roam-europe-5gb,"Europe roaming 5 GB, 7 days",https://d-telco.github.io/telco/assets/catalog/roam-europe-5gb-1200.jpg,https://d-telco.github.io/telco/assets/catalog/roam-europe-5gb-400.jpg,https://d-telco.github.io/telco/assets/catalog/roam-europe-5gb-1600.jpg,Europe / 7 days,,,,D·TELCO
9999,15.99,15.99,roam-sms-100,roam-sms-100,100 roaming SMS,https://d-telco.github.io/telco/assets/catalog/roam-sms-100-1200.jpg,https://d-telco.github.io/telco/assets/catalog/roam-sms-100-400.jpg,https://d-telco.github.io/telco/assets/catalog/roam-sms-100-1600.jpg,Any zone / 30 days,,,,D·TELCO
9999,3.99,3.99,roam-sms-20,roam-sms-20,20 roaming SMS,https://d-telco.github.io/telco/assets/catalog/roam-sms-20-1200.jpg,https://d-telco.github.io/telco/assets/catalog/roam-sms-20-400.jpg,https://d-telco.github.io/telco/assets/catalog/roam-sms-20-1600.jpg,Any zone / 30 days,,,,D·TELCO
9999,8.99,8.99,roam-sms-50,roam-sms-50,50 roaming SMS,https://d-telco.github.io/telco/assets/catalog/roam-sms-50-1200.jpg,https://d-telco.github.io/telco/assets/catalog/roam-sms-50-400.jpg,https://d-telco.github.io/telco/assets/catalog/roam-sms-50-1600.jpg,Any zone / 30 days,,,,D·TELCO
9999,12.78,12.78,roam-tr-cis-1gb-14d,roam-tr-cis-1gb,"Turkiye and CIS roaming 1 GB, 14 days",https://d-telco.github.io/telco/assets/catalog/roam-tr-cis-1gb-1200.jpg,https://d-telco.github.io/telco/assets/catalog/roam-tr-cis-1gb-400.jpg,https://d-telco.github.io/telco/assets/catalog/roam-tr-cis-1gb-1600.jpg,Turkiye and CIS / 14 days,,,,D·TELCO
9999,7.99,7.99,roam-tr-cis-1gb-7d,roam-tr-cis-1gb,"Turkiye and CIS roaming 1 GB, 7 days",https://d-telco.github.io/telco/assets/catalog/roam-tr-cis-1gb-1200.jpg,https://d-telco.github.io/telco/assets/catalog/roam-tr-cis-1gb-400.jpg,https://d-telco.github.io/telco/assets/catalog/roam-tr-cis-1gb-1600.jpg,Turkiye and CIS / 7 days,,,,D·TELCO
9999,28.78,28.78,roam-tr-cis-3gb-14d,roam-tr-cis-3gb,"Turkiye and CIS roaming 3 GB, 14 days",https://d-telco.github.io/telco/assets/catalog/roam-tr-cis-3gb-1200.jpg,https://d-telco.github.io/telco/assets/catalog/roam-tr-cis-3gb-400.jpg,https://d-telco.github.io/telco/assets/catalog/roam-tr-cis-3gb-1600.jpg,Turkiye and CIS / 14 days,,,,D·TELCO
9999,17.99,17.99,roam-tr-cis-3gb-7d,roam-tr-cis-3gb,"Turkiye and CIS roaming 3 GB, 7 days",https://d-telco.github.io/telco/assets/catalog/roam-tr-cis-3gb-1200.jpg,https://d-telco.github.io/telco/assets/catalog/roam-tr-cis-3gb-400.jpg,https://d-telco.github.io/telco/assets/catalog/roam-tr-cis-3gb-1600.jpg,Turkiye and CIS / 7 days,,,,D·TELCO
9999,7.98,7.98,roam-tr-cis-500mb-14d,roam-tr-cis-500mb,"Turkiye and CIS roaming 500 MB, 14 days",https://d-telco.github.io/telco/assets/catalog/roam-tr-cis-500mb-1200.jpg,https://d-telco.github.io/telco/assets/catalog/roam-tr-cis-500mb-400.jpg,https://d-telco.github.io/telco/assets/catalog/roam-tr-cis-500mb-1600.jpg,Turkiye and CIS / 14 days,,,,D·TELCO
9999,4.99,4.99,roam-tr-cis-500mb-7d,roam-tr-cis-500mb,"Turkiye and CIS roaming 500 MB, 7 days",https://d-telco.github.io/telco/assets/catalog/roam-tr-cis-500mb-1200.jpg,https://d-telco.github.io/telco/assets/catalog/roam-tr-cis-500mb-400.jpg,https://d-telco.github.io/telco/assets/catalog/roam-tr-cis-500mb-1600.jpg,Turkiye and CIS / 7 days,,,,D·TELCO
9999,39.98,39.98,roam-tr-cis-5gb-14d,roam-tr-cis-5gb,"Turkiye and CIS roaming 5 GB, 14 days",https://d-telco.github.io/telco/assets/catalog/roam-tr-cis-5gb-1200.jpg,https://d-telco.github.io/telco/assets/catalog/roam-tr-cis-5gb-400.jpg,https://d-telco.github.io/telco/assets/catalog/roam-tr-cis-5gb-1600.jpg,Turkiye and CIS / 14 days,,,,D·TELCO
9999,24.99,24.99,roam-tr-cis-5gb-7d,roam-tr-cis-5gb,"Turkiye and CIS roaming 5 GB, 7 days",https://d-telco.github.io/telco/assets/catalog/roam-tr-cis-5gb-1200.jpg,https://d-telco.github.io/telco/assets/catalog/roam-tr-cis-5gb-400.jpg,https://d-telco.github.io/telco/assets/catalog/roam-tr-cis-5gb-1600.jpg,Turkiye and CIS / 7 days,,,,D·TELCO
9999,12.99,12.99,roam-travelsim-georgia,roam-travelsim,TravelSIM for Georgia,https://d-telco.github.io/telco/assets/catalog/roam-travelsim-1200.jpg,https://d-telco.github.io/telco/assets/catalog/roam-travelsim-400.jpg,https://d-telco.github.io/telco/assets/catalog/roam-travelsim-1600.jpg,Georgia,,,,D·TELCO
9999,12.99,12.99,roam-travelsim-germany,roam-travelsim,TravelSIM for Germany,https://d-telco.github.io/telco/assets/catalog/roam-travelsim-1200.jpg,https://d-telco.github.io/telco/assets/catalog/roam-travelsim-400.jpg,https://d-telco.github.io/telco/assets/catalog/roam-travelsim-1600.jpg,Germany,,,,D·TELCO
9999,12.99,12.99,roam-travelsim-turkiye,roam-travelsim,TravelSIM for Turkiye,https://d-telco.github.io/telco/assets/catalog/roam-travelsim-1200.jpg,https://d-telco.github.io/telco/assets/catalog/roam-travelsim-400.jpg,https://d-telco.github.io/telco/assets/catalog/roam-travelsim-1600.jpg,Turkiye,,,,D·TELCO
9999,12.99,12.99,roam-travelsim-united-arab-emirates,roam-travelsim,TravelSIM for United Arab Emirates,https://d-telco.github.io/telco/assets/catalog/roam-travelsim-1200.jpg,https://d-telco.github.io/telco/assets/catalog/roam-travelsim-400.jpg,https://d-telco.github.io/telco/assets/catalog/roam-travelsim-1600.jpg,United Arab Emirates,,,,D·TELCO
9999,12.99,12.99,roam-travelsim-united-kingdom,roam-travelsim,TravelSIM for United Kingdom,https://d-telco.github.io/telco/assets/catalog/roam-travelsim-1200.jpg,https://d-telco.github.io/telco/assets/catalog/roam-travelsim-400.jpg,https://d-telco.github.io/telco/assets/catalog/roam-travelsim-1600.jpg,United Kingdom,,,,D·TELCO
9999,12.99,12.99,roam-travelsim-united-states,roam-travelsim,TravelSIM for United States,https://d-telco.github.io/telco/assets/catalog/roam-travelsim-1200.jpg,https://d-telco.github.io/telco/assets/catalog/roam-travelsim-400.jpg,https://d-telco.github.io/telco/assets/catalog/roam-travelsim-1600.jpg,United States,,,,D·TELCO
9999,25.57,25.57,roam-world-1gb-14d,roam-world-1gb,"World roaming 1 GB, 14 days",https://d-telco.github.io/telco/assets/catalog/roam-world-1gb-1200.jpg,https://d-telco.github.io/telco/assets/catalog/roam-world-1gb-400.jpg,https://d-telco.github.io/telco/assets/catalog/roam-world-1gb-1600.jpg,World / 14 days,,,,D·TELCO
9999,15.98,15.98,roam-world-1gb-7d,roam-world-1gb,"World roaming 1 GB, 7 days",https://d-telco.github.io/telco/assets/catalog/roam-world-1gb-1200.jpg,https://d-telco.github.io/telco/assets/catalog/roam-world-1gb-400.jpg,https://d-telco.github.io/telco/assets/catalog/roam-world-1gb-1600.jpg,World / 7 days,,,,D·TELCO
9999,57.57,57.57,roam-world-3gb-14d,roam-world-3gb,"World roaming 3 GB, 14 days",https://d-telco.github.io/telco/assets/catalog/roam-world-3gb-1200.jpg,https://d-telco.github.io/telco/assets/catalog/roam-world-3gb-400.jpg,https://d-telco.github.io/telco/assets/catalog/roam-world-3gb-1600.jpg,World / 14 days,,,,D·TELCO
9999,35.98,35.98,roam-world-3gb-7d,roam-world-3gb,"World roaming 3 GB, 7 days",https://d-telco.github.io/telco/assets/catalog/roam-world-3gb-1200.jpg,https://d-telco.github.io/telco/assets/catalog/roam-world-3gb-400.jpg,https://d-telco.github.io/telco/assets/catalog/roam-world-3gb-1600.jpg,World / 7 days,,,,D·TELCO
9999,15.97,15.97,roam-world-500mb-14d,roam-world-500mb,"World roaming 500 MB, 14 days",https://d-telco.github.io/telco/assets/catalog/roam-world-500mb-1200.jpg,https://d-telco.github.io/telco/assets/catalog/roam-world-500mb-400.jpg,https://d-telco.github.io/telco/assets/catalog/roam-world-500mb-1600.jpg,World / 14 days,,,,D·TELCO
9999,9.98,9.98,roam-world-500mb-7d,roam-world-500mb,"World roaming 500 MB, 7 days",https://d-telco.github.io/telco/assets/catalog/roam-world-500mb-1200.jpg,https://d-telco.github.io/telco/assets/catalog/roam-world-500mb-400.jpg,https://d-telco.github.io/telco/assets/catalog/roam-world-500mb-1600.jpg,World / 7 days,,,,D·TELCO
9999,79.97,79.97,roam-world-5gb-14d,roam-world-5gb,"World roaming 5 GB, 14 days",https://d-telco.github.io/telco/assets/catalog/roam-world-5gb-1200.jpg,https://d-telco.github.io/telco/assets/catalog/roam-world-5gb-400.jpg,https://d-telco.github.io/telco/assets/catalog/roam-world-5gb-1600.jpg,World / 14 days,,,,D·TELCO
9999,49.98,49.98,roam-world-5gb-7d,roam-world-5gb,"World roaming 5 GB, 7 days",https://d-telco.github.io/telco/assets/catalog/roam-world-5gb-1200.jpg,https://d-telco.github.io/telco/assets/catalog/roam-world-5gb-400.jpg,https://d-telco.github.io/telco/assets/catalog/roam-world-5gb-1600.jpg,World / 7 days,,,,D·TELCO
9999,6.99,6.99,sim-4g-5gb,sim-4g-5gb,4G SIM with 5 GB,https://d-telco.github.io/telco/assets/catalog/sim-4g-5gb-1200.jpg,https://d-telco.github.io/telco/assets/catalog/sim-4g-5gb-400.jpg,https://d-telco.github.io/telco/assets/catalog/sim-4g-5gb-1600.jpg,,,,,D·TELCO
9999,2.99,2.99,sim-physical,sim-physical,Physical SIM,https://d-telco.github.io/telco/assets/catalog/sim-physical-1200.jpg,https://d-telco.github.io/telco/assets/catalog/sim-physical-400.jpg,https://d-telco.github.io/telco/assets/catalog/sim-physical-1600.jpg,,,,,D·TELCO
9999,0.00,0.00,svc-be-my-guest,svc-be-my-guest,Be My Guest,https://d-telco.github.io/telco/assets/catalog/svc-be-my-guest-1200.jpg,https://d-telco.github.io/telco/assets/catalog/svc-be-my-guest-400.jpg,https://d-telco.github.io/telco/assets/catalog/svc-be-my-guest-1600.jpg,,,,,D·TELCO
9999,0.79,0.79,svc-call-divert,svc-call-divert,Call Divert,https://d-telco.github.io/telco/assets/catalog/svc-call-divert-1200.jpg,https://d-telco.github.io/telco/assets/catalog/svc-call-divert-400.jpg,https://d-telco.github.io/telco/assets/catalog/svc-call-divert-1600.jpg,,,,,D·TELCO
9999,0.00,0.00,svc-call-sms-barring,svc-call-sms-barring,Call and SMS barring,https://d-telco.github.io/telco/assets/catalog/svc-call-sms-barring-1200.jpg,https://d-telco.github.io/telco/assets/catalog/svc-call-sms-barring-400.jpg,https://d-telco.github.io/telco/assets/catalog/svc-call-sms-barring-1600.jpg,,,,,D·TELCO
9999,0.00,0.00,svc-call-waiting,svc-call-waiting,Call Waiting,https://d-telco.github.io/telco/assets/catalog/svc-call-waiting-1200.jpg,https://d-telco.github.io/telco/assets/catalog/svc-call-waiting-400.jpg,https://d-telco.github.io/telco/assets/catalog/svc-call-waiting-1600.jpg,,,,,D·TELCO
9999,1.99,1.99,svc-caller-tunes,svc-caller-tunes,Caller Tunes,https://d-telco.github.io/telco/assets/catalog/svc-caller-tunes-1200.jpg,https://d-telco.github.io/telco/assets/catalog/svc-caller-tunes-400.jpg,https://d-telco.github.io/telco/assets/catalog/svc-caller-tunes-1600.jpg,,,,,D·TELCO
9999,1.49,1.49,svc-conference-call,svc-conference-call,Conference call,https://d-telco.github.io/telco/assets/catalog/svc-conference-call-1200.jpg,https://d-telco.github.io/telco/assets/catalog/svc-conference-call-400.jpg,https://d-telco.github.io/telco/assets/catalog/svc-conference-call-1600.jpg,,,,,D·TELCO
9999,0.99,0.99,svc-dialing-rule,svc-dialing-rule,The dialing rule,https://d-telco.github.io/telco/assets/catalog/svc-dialing-rule-1200.jpg,https://d-telco.github.io/telco/assets/catalog/svc-dialing-rule-400.jpg,https://d-telco.github.io/telco/assets/catalog/svc-dialing-rule-1600.jpg,,,,,D·TELCO
9999,1.29,1.29,svc-hidden-number,svc-hidden-number,Hidden Number,https://d-telco.github.io/telco/assets/catalog/svc-hidden-number-1200.jpg,https://d-telco.github.io/telco/assets/catalog/svc-hidden-number-400.jpg,https://d-telco.github.io/telco/assets/catalog/svc-hidden-number-1600.jpg,,,,,D·TELCO
9999,0.00,0.00,svc-i-am-back,svc-i-am-back,I Am Back,https://d-telco.github.io/telco/assets/catalog/svc-i-am-back-1200.jpg,https://d-telco.github.io/telco/assets/catalog/svc-i-am-back-400.jpg,https://d-telco.github.io/telco/assets/catalog/svc-i-am-back-1600.jpg,,,,,D·TELCO
9999,0.00,0.00,svc-i-called-you,svc-i-called-you,I Called You,https://d-telco.github.io/telco/assets/catalog/svc-i-called-you-1200.jpg,https://d-telco.github.io/telco/assets/catalog/svc-i-called-you-400.jpg,https://d-telco.github.io/telco/assets/catalog/svc-i-called-you-1600.jpg,,,,,D·TELCO
9999,0.00,0.00,svc-owner-of-my-number,svc-owner-of-my-number,Owner of my number,https://d-telco.github.io/telco/assets/catalog/svc-owner-of-my-number-1200.jpg,https://d-telco.github.io/telco/assets/catalog/svc-owner-of-my-number-400.jpg,https://d-telco.github.io/telco/assets/catalog/svc-owner-of-my-number-1600.jpg,,,,,D·TELCO
9999,0.99,0.99,svc-voice-mail,svc-voice-mail,Voice Mail,https://d-telco.github.io/telco/assets/catalog/svc-voice-mail-1200.jpg,https://d-telco.github.io/telco/assets/catalog/svc-voice-mail-400.jpg,https://d-telco.github.io/telco/assets/catalog/svc-voice-mail-1600.jpg,,,,,D·TELCO
