publish_date,is_active,stock_count,price,discounted_price,product_id,title,description,category_path,brand,link,mobile_web_link,android_deep_link,ios_deep_link,image_link,small_image_link,large_image_link,store_name,parent_id,trans_title,tags
16-03-2026 16:23,TRUE,9999,74.99,74.99,bundle-converge-1000,Fiber 1 Gbps with Klass 31,"Home and mobile on one bill, at a lower price than apart",Bundles>Convergence,D·TELCO,https://d-telco.github.io/telco/product.html?id=bundle-converge-1000,https://d-telco.github.io/telco/product.html?id=bundle-converge-1000,dtelco://product/bundle-converge-1000,https://d-telco.github.io/telco/product.html?id=bundle-converge-1000,https://d-telco.github.io/telco/assets/catalog/bundle-converge-1000-1200.jpg,https://d-telco.github.io/telco/assets/catalog/bundle-converge-1000-400.jpg,https://d-telco.github.io/telco/assets/catalog/bundle-converge-1000-1600.jpg,D·TELCO,,Fiber 1 Gbps with Klass 31,"bundle,convergence,demo-data"
04-03-2026 13:01,TRUE,9999,44.99,44.99,bundle-converge-300,Fiber 300 with Klass 19,"Home and mobile on one bill, at a lower price than apart",Bundles>Convergence,D·TELCO,https://d-telco.github.io/telco/product.html?id=bundle-converge-300,https://d-telco.github.io/telco/product.html?id=bundle-converge-300,dtelco://product/bundle-converge-300,https://d-telco.github.io/telco/product.html?id=bundle-converge-300,https://d-telco.github.io/telco/assets/catalog/bundle-converge-300-1200.jpg,https://d-telco.github.io/telco/assets/catalog/bundle-converge-300-400.jpg,https://d-telco.github.io/telco/assets/catalog/bundle-converge-300-1600.jpg,D·TELCO,,Fiber 300 with Klass 19,"bundle,convergence,demo-data"
07-04-2025 14:09,TRUE,9999,465.00,465.00,bundle-galaxy-a56-go-17-99,Galaxy A56 with GO 17.99,"Galaxy A56 with GO 17.99, with 12 months of included data on the plan",Bundles>Device plus plan,D·TELCO,https://d-telco.github.io/telco/product.html?id=bundle-galaxy-a56-go-17-99,https://d-telco.github.io/telco/product.html?id=bundle-galaxy-a56-go-17-99,dtelco://product/bundle-galaxy-a56-go-17-99,https://d-telco.github.io/telco/product.html?id=bundle-galaxy-a56-go-17-99,https://d-telco.github.io/telco/assets/catalog/bundle-galaxy-a56-go-17-99-1200.jpg,https://d-telco.github.io/telco/assets/catalog/bundle-galaxy-a56-go-17-99-400.jpg,https://d-telco.github.io/telco/assets/catalog/bundle-galaxy-a56-go-17-99-1600.jpg,D·TELCO,,Galaxy A56 with GO 17.99,"bundle,bundle-member:bundle-galaxy-a56-go-17-99,instalment-18m,demo-data"
08-01-2026 17:46,TRUE,9999,869.00,869.00,bundle-galaxy-s25-klass-19,Galaxy S25 with Klass 19,"Galaxy S25 with Klass 19, with 18 months of included data on the plan",Bundles>Device plus plan,D·TELCO,https://d-telco.github.io/telco/product.html?id=bundle-galaxy-s25-klass-19,https://d-telco.github.io/telco/product.html?id=bundle-galaxy-s25-klass-19,dtelco://product/bundle-galaxy-s25-klass-19,https://d-telco.github.io/telco/product.html?id=bundle-galaxy-s25-klass-19,https://d-telco.github.io/telco/assets/catalog/bundle-galaxy-s25-klass-19-1200.jpg,https://d-telco.github.io/telco/assets/catalog/bundle-galaxy-s25-klass-19-400.jpg,https://d-telco.github.io/telco/assets/catalog/bundle-galaxy-s25-klass-19-1600.jpg,D·TELCO,,Galaxy S25 with Klass 19,"bundle,bundle-member:bundle-galaxy-s25-klass-19,instalment-18m,demo-data"
19-05-2026 11:19,TRUE,9999,1329.00,1329.00,bundle-galaxy-s25-ultra-klass-55,Galaxy S25 Ultra with Klass 55,"Galaxy S25 Ultra with Klass 55, with 18 months of included data on the plan",Bundles>Device plus plan,D·TELCO,https://d-telco.github.io/telco/product.html?id=bundle-galaxy-s25-ultra-klass-55,https://d-telco.github.io/telco/product.html?id=bundle-galaxy-s25-ultra-klass-55,dtelco://product/bundle-galaxy-s25-ultra-klass-55,https://d-telco.github.io/telco/product.html?id=bundle-galaxy-s25-ultra-klass-55,https://d-telco.github.io/telco/assets/catalog/bundle-galaxy-s25-ultra-klass-55-1200.jpg,https://d-telco.github.io/telco/assets/catalog/bundle-galaxy-s25-ultra-klass-55-400.jpg,https://d-telco.github.io/telco/assets/catalog/bundle-galaxy-s25-ultra-klass-55-1600.jpg,D·TELCO,,Galaxy S25 Ultra with Klass 55,"bundle,bundle-member:bundle-galaxy-s25-ultra-klass-55,instalment-18m,demo-data"
16-01-2026 16:09,TRUE,9999,819.00,819.00,bundle-iphone-16-go-29-99,iPhone 16 with GO 29.99,"iPhone 16 with GO 29.99, with 12 months of included data on the plan",Bundles>Device plus plan,D·TELCO,https://d-telco.github.io/telco/product.html?id=bundle-iphone-16-go-29-99,https://d-telco.github.io/telco/product.html?id=bundle-iphone-16-go-29-99,dtelco://product/bundle-iphone-16-go-29-99,https://d-telco.github.io/telco/product.html?id=bundle-iphone-16-go-29-99,https://d-telco.github.io/telco/assets/catalog/bundle-iphone-16-go-29-99-1200.jpg,https://d-telco.github.io/telco/assets/catalog/bundle-iphone-16-go-29-99-400.jpg,https://d-telco.github.io/telco/assets/catalog/bundle-iphone-16-go-29-99-1600.jpg,D·TELCO,,iPhone 16 with GO 29.99,"bundle,bundle-member:bundle-iphone-16-go-29-99,instalment-18m,demo-data"
19-05-2025 13:32,TRUE,9999,615.00,615.00,bundle-iphone-16e-go-17-99,iPhone 16e with GO 17.99,"iPhone 16e with GO 17.99, with 12 months of included data on the plan",Bundles>Device plus plan,D·TELCO,https://d-telco.github.io/telco/product.html?id=bundle-iphone-16e-go-17-99,https://d-telco.github.io/telco/product.html?id=bundle-iphone-16e-go-17-99,dtelco://product/bundle-iphone-16e-go-17-99,https://d-telco.github.io/telco/product.html?id=bundle-iphone-16e-go-17-99,https://d-telco.github.io/telco/assets/catalog/bundle-iphone-16e-go-17-99-1200.jpg,https://d-telco.github.io/telco/assets/catalog/bundle-iphone-16e-go-17-99-400.jpg,https://d-telco.github.io/telco/assets/catalog/bundle-iphone-16e-go-17-99-1600.jpg,D·TELCO,,iPhone 16e with GO 17.99,"bundle,bundle-member:bundle-iphone-16e-go-17-99,instalment-18m,demo-data"
16-06-2026 10:27,TRUE,9999,969.00,969.00,bundle-iphone-17-klass-19,iPhone 17 with Klass 19,"iPhone 17 with Klass 19, with 18 months of included data on the plan",Bundles>Device plus plan,D·TELCO,https://d-telco.github.io/telco/product.html?id=bundle-iphone-17-klass-19,https://d-telco.github.io/telco/product.html?id=bundle-iphone-17-klass-19,dtelco://product/bundle-iphone-17-klass-19,https://d-telco.github.io/telco/product.html?id=bundle-iphone-17-klass-19,https://d-telco.github.io/telco/assets/catalog/bundle-iphone-17-klass-19-1200.jpg,https://d-telco.github.io/telco/assets/catalog/bundle-iphone-17-klass-19-400.jpg,https://d-telco.github.io/telco/assets/catalog/bundle-iphone-17-klass-19-1600.jpg,D·TELCO,,iPhone 17 with Klass 19,"bundle,bundle-member:bundle-iphone-17-klass-19,instalment-18m,demo-data"
13-06-2025 11:41,TRUE,9999,1279.00,1279.00,bundle-iphone-17-pro-klass-31,iPhone 17 Pro with Klass 31,"iPhone 17 Pro with Klass 31, with 18 months of included data on the plan",Bundles>Device plus plan,D·TELCO,https://d-telco.github.io/telco/product.html?id=bundle-iphone-17-pro-klass-31,https://d-telco.github.io/telco/product.html?id=bundle-iphone-17-pro-klass-31,dtelco://product/bundle-iphone-17-pro-klass-31,https://d-telco.github.io/telco/product.html?id=bundle-iphone-17-pro-klass-31,https://d-telco.github.io/telco/assets/catalog/bundle-iphone-17-pro-klass-31-1200.jpg,https://d-telco.github.io/telco/assets/catalog/bundle-iphone-17-pro-klass-31-400.jpg,https://d-telco.github.io/telco/assets/catalog/bundle-iphone-17-pro-klass-31-1600.jpg,D·TELCO,,iPhone 17 Pro with Klass 31,"bundle,bundle-member:bundle-iphone-17-pro-klass-31,instalment-18m,demo-data"
07-03-2026 10:00,TRUE,9999,819.00,819.00,bundle-pixel-10-go-29-99,Pixel 10 with GO 29.99,"Pixel 10 with GO 29.99, with 12 months of included data on the plan",Bundles>Device plus plan,D·TELCO,https://d-telco.github.io/telco/product.html?id=bundle-pixel-10-go-29-99,https://d-telco.github.io/telco/product.html?id=bundle-pixel-10-go-29-99,dtelco://product/bundle-pixel-10-go-29-99,https://d-telco.github.io/telco/product.html?id=bundle-pixel-10-go-29-99,https://d-telco.github.io/telco/assets/catalog/bundle-pixel-10-go-29-99-1200.jpg,https://d-telco.github.io/telco/assets/catalog/bundle-pixel-10-go-29-99-400.jpg,https://d-telco.github.io/telco/assets/catalog/bundle-pixel-10-go-29-99-1600.jpg,D·TELCO,,Pixel 10 with GO 29.99,"bundle,bundle-member:bundle-pixel-10-go-29-99,instalment-18m,demo-data"
01-12-2025 17:32,TRUE,9999,1029.00,1029.00,bundle-pixel-10-pro-klass-31,Pixel 10 Pro with Klass 31,"Pixel 10 Pro with Klass 31, with 18 months of included data on the plan",Bundles>Device plus plan,D·TELCO,https://d-telco.github.io/telco/product.html?id=bundle-pixel-10-pro-klass-31,https://d-telco.github.io/telco/product.html?id=bundle-pixel-10-pro-klass-31,dtelco://product/bundle-pixel-10-pro-klass-31,https://d-telco.github.io/telco/product.html?id=bundle-pixel-10-pro-klass-31,https://d-telco.github.io/telco/assets/catalog/bundle-pixel-10-pro-klass-31-1200.jpg,https://d-telco.github.io/telco/assets/catalog/bundle-pixel-10-pro-klass-31-400.jpg,https://d-telco.github.io/telco/assets/catalog/bundle-pixel-10-pro-klass-31-1600.jpg,D·TELCO,,Pixel 10 Pro with Klass 31,"bundle,bundle-member:bundle-pixel-10-pro-klass-31,instalment-18m,demo-data"
31-12-2025 17:37,TRUE,9999,229.00,229.00,bundle-redmi-note-14-go-11-99,Redmi Note 14 with GO 11.99,"Redmi Note 14 with GO 11.99, with 12 months of included data on the plan",Bundles>Device plus plan,D·TELCO,https://d-telco.github.io/telco/product.html?id=bundle-redmi-note-14-go-11-99,https://d-telco.github.io/telco/product.html?id=bundle-redmi-note-14-go-11-99,dtelco://product/bundle-redmi-note-14-go-11-99,https://d-telco.github.io/telco/product.html?id=bundle-redmi-note-14-go-11-99,https://d-telco.github.io/telco/assets/catalog/bundle-redmi-note-14-go-11-99-1200.jpg,https://d-telco.github.io/telco/assets/catalog/bundle-redmi-note-14-go-11-99-400.jpg,https://d-telco.github.io/telco/assets/catalog/bundle-redmi-note-14-go-11-99-1600.jpg,D·TELCO,,Redmi Note 14 with GO 11.99,"bundle,bundle-member:bundle-redmi-note-14-go-11-99,instalment-18m,demo-data"
26-01-2026 15:31,TRUE,9999,34.00,34.00,bundle-family-2,Family 2 lines,"2 lines on one bill, each on Family terms",Bundles>Family,D·TELCO,https://d-telco.github.io/telco/product.html?id=bundle-family-2,https://d-telco.github.io/telco/product.html?id=bundle-family-2,dtelco://product/bundle-family-2,https://d-telco.github.io/telco/product.html?id=bundle-family-2,https://d-telco.github.io/telco/assets/catalog/bundle-family-2-1200.jpg,https://d-telco.github.io/telco/assets/catalog/bundle-family-2-400.jpg,https://d-telco.github.io/telco/assets/catalog/bundle-family-2-1600.jpg,D·TELCO,,Family 2 lines,"bundle,family,demo-data"
30-08-2025 13:05,TRUE,9999,48.00,48.00,bundle-family-3,Family 3 lines,"3 lines on one bill, each on Family terms",Bundles>Family,D·TELCO,https://d-telco.github.io/telco/product.html?id=bundle-family-3,https://d-telco.github.io/telco/product.html?id=bundle-family-3,dtelco://product/bundle-family-3,https://d-telco.github.io/telco/product.html?id=bundle-family-3,https://d-telco.github.io/telco/assets/catalog/bundle-family-3-1200.jpg,https://d-telco.github.io/telco/assets/catalog/bundle-family-3-400.jpg,https://d-telco.github.io/telco/assets/catalog/bundle-family-3-1600.jpg,D·TELCO,,Family 3 lines,"bundle,family,demo-data"
23-05-2026 15:45,TRUE,9999,60.00,60.00,bundle-family-4,Family 4 lines,"4 lines on one bill, each on Family terms",Bundles>Family,D·TELCO,https://d-telco.github.io/telco/product.html?id=bundle-family-4,https://d-telco.github.io/telco/product.html?id=bundle-family-4,dtelco://product/bundle-family-4,https://d-telco.github.io/telco/product.html?id=bundle-family-4,https://d-telco.github.io/telco/assets/catalog/bundle-family-4-1200.jpg,https://d-telco.github.io/telco/assets/catalog/bundle-family-4-400.jpg,https://d-telco.github.io/telco/assets/catalog/bundle-family-4-1600.jpg,D·TELCO,,Family 4 lines,"bundle,family,demo-data"
08-03-2026 17:34,TRUE,9999,49.99,49.99,bundle-travel-europe,GO 29.99 with Europe 3 GB roaming,A plan and the roaming pack that fits the trip,Bundles>Travel,D·TELCO,https://d-telco.github.io/telco/product.html?id=bundle-travel-europe,https://d-telco.github.io/telco/product.html?id=bundle-travel-europe,dtelco://product/bundle-travel-europe,https://d-telco.github.io/telco/product.html?id=bundle-travel-europe,https://d-telco.github.io/telco/assets/catalog/bundle-travel-europe-1200.jpg,https://d-telco.github.io/telco/assets/catalog/bundle-travel-europe-400.jpg,https://d-telco.github.io/telco/assets/catalog/bundle-travel-europe-1600.jpg,D·TELCO,,GO 29.99 with Europe 3 GB roaming,"bundle,travel,demo-data"
27-09-2025 09:00,TRUE,9999,59.99,59.99,bundle-travel-world,Klass 31 with World 3 GB roaming,A plan and the roaming pack that fits the trip,Bundles>Travel,D·TELCO,https://d-telco.github.io/telco/product.html?id=bundle-travel-world,https://d-telco.github.io/telco/product.html?id=bundle-travel-world,dtelco://product/bundle-travel-world,https://d-telco.github.io/telco/product.html?id=bundle-travel-world,https://d-telco.github.io/telco/assets/catalog/bundle-travel-world-1200.jpg,https://d-telco.github.io/telco/assets/catalog/bundle-travel-world-400.jpg,https://d-telco.github.io/telco/assets/catalog/bundle-travel-world-1600.jpg,D·TELCO,,Klass 31 with World 3 GB roaming,"bundle,travel,demo-data"
16-05-2025 13:39,TRUE,17,99.00,99.00,dev-home-mesh,Mesh Wi-Fi node,Mesh Wi-Fi node for a D·TELCO home line.,Home>Devices,D·TELCO,https://d-telco.github.io/telco/product.html?id=dev-home-mesh,https://d-telco.github.io/telco/product.html?id=dev-home-mesh,dtelco://product/dev-home-mesh,https://d-telco.github.io/telco/product.html?id=dev-home-mesh,https://d-telco.github.io/telco/assets/catalog/dev-home-mesh-1200.jpg,https://d-telco.github.io/telco/assets/catalog/dev-home-mesh-400.jpg,https://d-telco.github.io/telco/assets/catalog/dev-home-mesh-1600.jpg,D·TELCO Shop,,Mesh Wi-Fi node,"device,home,demo-data"
18-04-2025 13:43,TRUE,39,79.00,79.00,dev-home-ont,Fiber ONT terminal,Fiber ONT terminal for a D·TELCO home line.,Home>Devices,D·TELCO,https://d-telco.github.io/telco/product.html?id=dev-home-ont,https://d-telco.github.io/telco/product.html?id=dev-home-ont,dtelco://product/dev-home-ont,https://d-telco.github.io/telco/product.html?id=dev-home-ont,https://d-telco.github.io/telco/assets/catalog/dev-home-ont-1200.jpg,https://d-telco.github.io/telco/assets/catalog/dev-home-ont-400.jpg,https://d-telco.github.io/telco/assets/catalog/dev-home-ont-1600.jpg,D·TELCO Shop,,Fiber ONT terminal,"device,home,demo-data"
17-06-2026 18:05,TRUE,23,69.00,69.00,dev-home-tvbox,D·TELCO TV box,D·TELCO TV box for a D·TELCO home line.,Home>Devices,D·TELCO,https://d-telco.github.io/telco/product.html?id=dev-home-tvbox,https://d-telco.github.io/telco/product.html?id=dev-home-tvbox,dtelco://product/dev-home-tvbox,https://d-telco.github.io/telco/product.html?id=dev-home-tvbox,https://d-telco.github.io/telco/assets/catalog/dev-home-tvbox-1200.jpg,https://d-telco.github.io/telco/assets/catalog/dev-home-tvbox-400.jpg,https://d-telco.github.io/telco/assets/catalog/dev-home-tvbox-1600.jpg,D·TELCO Shop,,D·TELCO TV box,"device,home,demo-data"
15-04-2025 10:34,TRUE,9999,19.99,19.99,fixed-fiber-100,D·TELCO Fiber 100 Mbps,"Fiber to the home at 100 Mbps, unlimited data, billed monthly",Home>Fiber,D·TELCO,https://d-telco.github.io/telco/product.html?id=fixed-fiber-100,https://d-telco.github.io/telco/product.html?id=fixed-fiber-100,dtelco://product/fixed-fiber-100,https://d-telco.github.io/telco/product.html?id=fixed-fiber-100,https://d-telco.github.io/telco/assets/catalog/fixed-fiber-100-1200.jpg,https://d-telco.github.io/telco/assets/catalog/fixed-fiber-100-400.jpg,https://d-telco.github.io/telco/assets/catalog/fixed-fiber-100-1600.jpg,D·TELCO,,D·TELCO Fiber 100 Mbps,"fixed,fiber,demo-data"
01-04-2025 17:57,TRUE,9999,54.99,54.99,fixed-fiber-1000,D·TELCO Fiber 1 Gbps,"Fiber to the home at 1000 Mbps, unlimited data, billed monthly",Home>Fiber,D·TELCO,https://d-telco.github.io/telco/product.html?id=fixed-fiber-1000,https://d-telco.github.io/telco/product.html?id=fixed-fiber-1000,dtelco://product/fixed-fiber-1000,https://d-telco.github.io/telco/product.html?id=fixed-fiber-1000,https://d-telco.github.io/telco/assets/catalog/fixed-fiber-1000-1200.jpg,https://d-telco.github.io/telco/assets/catalog/fixed-fiber-1000-400.jpg,https://d-telco.github.io/telco/assets/catalog/fixed-fiber-1000-1600.jpg,D·TELCO,,D·TELCO Fiber 1 Gbps,"fixed,fiber,demo-data"
07-01-2026 13:22,TRUE,9999,29.99,29.99,fixed-fiber-300,D·TELCO Fiber 300 Mbps,"Fiber to the home at 300 Mbps, unlimited data, billed monthly",Home>Fiber,D·TELCO,https://d-telco.github.io/telco/product.html?id=fixed-fiber-300,https://d-telco.github.io/telco/product.html?id=fixed-fiber-300,dtelco://product/fixed-fiber-300,https://d-telco.github.io/telco/product.html?id=fixed-fiber-300,https://d-telco.github.io/telco/assets/catalog/fixed-fiber-300-1200.jpg,https://d-telco.github.io/telco/assets/catalog/fixed-fiber-300-400.jpg,https://d-telco.github.io/telco/assets/catalog/fixed-fiber-300-1600.jpg,D·TELCO,,D·TELCO Fiber 300 Mbps,"fixed,fiber,demo-data"
12-02-2026 11:37,TRUE,9999,39.99,39.99,fixed-fiber-500,D·TELCO Fiber 500 Mbps,"Fiber to the home at 500 Mbps, unlimited data, billed monthly",Home>Fiber,D·TELCO,https://d-telco.github.io/telco/product.html?id=fixed-fiber-500,https://d-telco.github.io/telco/product.html?id=fixed-fiber-500,dtelco://product/fixed-fiber-500,https://d-telco.github.io/telco/product.html?id=fixed-fiber-500,https://d-telco.github.io/telco/assets/catalog/fixed-fiber-500-1200.jpg,https://d-telco.github.io/telco/assets/catalog/fixed-fiber-500-400.jpg,https://d-telco.github.io/telco/assets/catalog/fixed-fiber-500-1600.jpg,D·TELCO,,D·TELCO Fiber 500 Mbps,"fixed,fiber,demo-data"
02-05-2025 10:28,TRUE,9999,10.00,10.00,fixed-wifi-10,D·TELCO Wi-Fi 10,"10 GB of D·TELCO Wi-Fi, valid 30 days",Home>Wi-Fi packages,D·TELCO,https://d-telco.github.io/telco/product.html?id=fixed-wifi-10,https://d-telco.github.io/telco/product.html?id=fixed-wifi-10,dtelco://product/fixed-wifi-10,https://d-telco.github.io/telco/product.html?id=fixed-wifi-10,https://d-telco.github.io/telco/assets/catalog/fixed-wifi-10-1200.jpg,https://d-telco.github.io/telco/assets/catalog/fixed-wifi-10-400.jpg,https://d-telco.github.io/telco/assets/catalog/fixed-wifi-10-1600.jpg,D·TELCO,,D·TELCO Wi-Fi 10,"fixed,wifi,demo-data"
08-02-2026 11:46,TRUE,9999,100.00,100.00,fixed-wifi-100,D·TELCO Wi-Fi 100,"100 GB of D·TELCO Wi-Fi, valid 30 days",Home>Wi-Fi packages,D·TELCO,https://d-telco.github.io/telco/product.html?id=fixed-wifi-100,https://d-telco.github.io/telco/product.html?id=fixed-wifi-100,dtelco://product/fixed-wifi-100,https://d-telco.github.io/telco/product.html?id=fixed-wifi-100,https://d-telco.github.io/telco/assets/catalog/fixed-wifi-100-1200.jpg,https://d-telco.github.io/telco/assets/catalog/fixed-wifi-100-400.jpg,https://d-telco.github.io/telco/assets/catalog/fixed-wifi-100-1600.jpg,D·TELCO,,D·TELCO Wi-Fi 100,"fixed,wifi,demo-data"
26-11-2025 10:40,TRUE,9999,150.00,150.00,fixed-wifi-150,D·TELCO Wi-Fi 150,"150 GB of D·TELCO Wi-Fi, valid 30 days",Home>Wi-Fi packages,D·TELCO,https://d-telco.github.io/telco/product.html?id=fixed-wifi-150,https://d-telco.github.io/telco/product.html?id=fixed-wifi-150,dtelco://product/fixed-wifi-150,https://d-telco.github.io/telco/product.html?id=fixed-wifi-150,https://d-telco.github.io/telco/assets/catalog/fixed-wifi-150-1200.jpg,https://d-telco.github.io/telco/assets/catalog/fixed-wifi-150-400.jpg,https://d-telco.github.io/telco/assets/catalog/fixed-wifi-150-1600.jpg,D·TELCO,,D·TELCO Wi-Fi 150,"fixed,wifi,demo-data"
07-06-2026 11:11,TRUE,9999,175.00,175.00,fixed-wifi-175,D·TELCO Wi-Fi 175,"175 GB of D·TELCO Wi-Fi, valid 30 days",Home>Wi-Fi packages,D·TELCO,https://d-telco.github.io/telco/product.html?id=fixed-wifi-175,https://d-telco.github.io/telco/product.html?id=fixed-wifi-175,dtelco://product/fixed-wifi-175,https://d-telco.github.io/telco/product.html?id=fixed-wifi-175,https://d-telco.github.io/telco/assets/catalog/fixed-wifi-175-1200.jpg,https://d-telco.github.io/telco/assets/catalog/fixed-wifi-175-400.jpg,https://d-telco.github.io/telco/assets/catalog/fixed-wifi-175-1600.jpg,D·TELCO,,D·TELCO Wi-Fi 175,"fixed,wifi,demo-data"
10-08-2025 13:23,TRUE,9999,25.00,25.00,fixed-wifi-25,D·TELCO Wi-Fi 25,"25 GB of D·TELCO Wi-Fi, valid 30 days",Home>Wi-Fi packages,D·TELCO,https://d-telco.github.io/telco/product.html?id=fixed-wifi-25,https://d-telco.github.io/telco/product.html?id=fixed-wifi-25,dtelco://product/fixed-wifi-25,https://d-telco.github.io/telco/product.html?id=fixed-wifi-25,https://d-telco.github.io/telco/assets/catalog/fixed-wifi-25-1200.jpg,https://d-telco.github.io/telco/assets/catalog/fixed-wifi-25-400.jpg,https://d-telco.github.io/telco/assets/catalog/fixed-wifi-25-1600.jpg,D·TELCO,,D·TELCO Wi-Fi 25,"fixed,wifi,demo-data"
28-04-2026 10:41,TRUE,9999,5.00,5.00,fixed-wifi-5,D·TELCO Wi-Fi 5,"5 GB of D·TELCO Wi-Fi, valid 30 days",Home>Wi-Fi packages,D·TELCO,https://d-telco.github.io/telco/product.html?id=fixed-wifi-5,https://d-telco.github.io/telco/product.html?id=fixed-wifi-5,dtelco://product/fixed-wifi-5,https://d-telco.github.io/telco/product.html?id=fixed-wifi-5,https://d-telco.github.io/telco/assets/catalog/fixed-wifi-5-1200.jpg,https://d-telco.github.io/telco/assets/catalog/fixed-wifi-5-400.jpg,https://d-telco.github.io/telco/assets/catalog/fixed-wifi-5-1600.jpg,D·TELCO,,D·TELCO Wi-Fi 5,"fixed,wifi,demo-data"
10-06-2025 11:25,TRUE,9999,50.00,50.00,fixed-wifi-50,D·TELCO Wi-Fi 50,"50 GB of D·TELCO Wi-Fi, valid 30 days",Home>Wi-Fi packages,D·TELCO,https://d-telco.github.io/telco/product.html?id=fixed-wifi-50,https://d-telco.github.io/telco/product.html?id=fixed-wifi-50,dtelco://product/fixed-wifi-50,https://d-telco.github.io/telco/product.html?id=fixed-wifi-50,https://d-telco.github.io/telco/assets/catalog/fixed-wifi-50-1200.jpg,https://d-telco.github.io/telco/assets/catalog/fixed-wifi-50-400.jpg,https://d-telco.github.io/telco/assets/catalog/fixed-wifi-50-1600.jpg,D·TELCO,,D·TELCO Wi-Fi 50,"fixed,wifi,demo-data"
20-12-2025 15:29,TRUE,9999,75.00,75.00,fixed-wifi-75,D·TELCO Wi-Fi 75,"75 GB of D·TELCO Wi-Fi, valid 30 days",Home>Wi-Fi packages,D·TELCO,https://d-telco.github.io/telco/product.html?id=fixed-wifi-75,https://d-telco.github.io/telco/product.html?id=fixed-wifi-75,dtelco://product/fixed-wifi-75,https://d-telco.github.io/telco/product.html?id=fixed-wifi-75,https://d-telco.github.io/telco/assets/catalog/fixed-wifi-75-1200.jpg,https://d-telco.github.io/telco/assets/catalog/fixed-wifi-75-400.jpg,https://d-telco.github.io/telco/assets/catalog/fixed-wifi-75-1600.jpg,D·TELCO,,D·TELCO Wi-Fi 75,"fixed,wifi,demo-data"
14-08-2025 16:28,TRUE,9999,15.99,15.99,addon-intl-120,120 international minutes,"120 minutes international, 28 days",Mobile>Add-ons>Minutes,D·TELCO,https://d-telco.github.io/telco/product.html?id=addon-intl-120,https://d-telco.github.io/telco/product.html?id=addon-intl-120,dtelco://product/addon-intl-120,https://d-telco.github.io/telco/product.html?id=addon-intl-120,https://d-telco.github.io/telco/assets/catalog/addon-intl-120-1200.jpg,https://d-telco.github.io/telco/assets/catalog/addon-intl-120-400.jpg,https://d-telco.github.io/telco/assets/catalog/addon-intl-120-1600.jpg,D·TELCO,,120 international minutes,"addon,minutes,international,demo-data"
18-02-2026 15:44,TRUE,9999,4.99,4.99,addon-intl-30,30 international minutes,"30 minutes international, 28 days",Mobile>Add-ons>Minutes,D·TELCO,https://d-telco.github.io/telco/product.html?id=addon-intl-30,https://d-telco.github.io/telco/product.html?id=addon-intl-30,dtelco://product/addon-intl-30,https://d-telco.github.io/telco/product.html?id=addon-intl-30,https://d-telco.github.io/telco/assets/catalog/addon-intl-30-1200.jpg,https://d-telco.github.io/telco/assets/catalog/addon-intl-30-400.jpg,https://d-telco.github.io/telco/assets/catalog/addon-intl-30-1600.jpg,D·TELCO,,30 international minutes,"addon,minutes,international,demo-data"
08-11-2025 15:14,TRUE,9999,34.99,34.99,addon-intl-300,300 international minutes,"300 minutes international, 28 days",Mobile>Add-ons>Minutes,D·TELCO,https://d-telco.github.io/telco/product.html?id=addon-intl-300,https://d-telco.github.io/telco/product.html?id=addon-intl-300,dtelco://product/addon-intl-300,https://d-telco.github.io/telco/product.html?id=addon-intl-300,https://d-telco.github.io/telco/assets/catalog/addon-intl-300-1200.jpg,https://d-telco.github.io/telco/assets/catalog/addon-intl-300-400.jpg,https://d-telco.github.io/telco/assets/catalog/addon-intl-300-1600.jpg,D·TELCO,,300 international minutes,"addon,minutes,international,demo-data"
15-04-2026 17:06,TRUE,9999,8.99,8.99,addon-intl-60,60 international minutes,"60 minutes international, 28 days",Mobile>Add-ons>Minutes,D·TELCO,https://d-telco.github.io/telco/product.html?id=addon-intl-60,https://d-telco.github.io/telco/product.html?id=addon-intl-60,dtelco://product/addon-intl-60,https://d-telco.github.io/telco/product.html?id=addon-intl-60,https://d-telco.github.io/telco/assets/catalog/addon-intl-60-1200.jpg,https://d-telco.github.io/telco/assets/catalog/addon-intl-60-400.jpg,https://d-telco.github.io/telco/assets/catalog/addon-intl-60-1600.jpg,D·TELCO,,60 international minutes,"addon,minutes,international,demo-data"
16-06-2025 10:39,TRUE,9999,1.49,1.49,addon-min-100,100 national minutes,"100 minutes national, 28 days",Mobile>Add-ons>Minutes,D·TELCO,https://d-telco.github.io/telco/product.html?id=addon-min-100,https://d-telco.github.io/telco/product.html?id=addon-min-100,dtelco://product/addon-min-100,https://d-telco.github.io/telco/product.html?id=addon-min-100,https://d-telco.github.io/telco/assets/catalog/addon-min-100-1200.jpg,https://d-telco.github.io/telco/assets/catalog/addon-min-100-400.jpg,https://d-telco.github.io/telco/assets/catalog/addon-min-100-1600.jpg,D·TELCO,,100 national minutes,"addon,minutes,national,demo-data"
19-08-2025 14:49,TRUE,9999,3.49,3.49,addon-min-300,300 national minutes,"300 minutes national, 28 days",Mobile>Add-ons>Minutes,D·TELCO,https://d-telco.github.io/telco/product.html?id=addon-min-300,https://d-telco.github.io/telco/product.html?id=addon-min-300,dtelco://product/addon-min-300,https://d-telco.github.io/telco/product.html?id=addon-min-300,https://d-telco.github.io/telco/assets/catalog/addon-min-300-1200.jpg,https://d-telco.github.io/telco/assets/catalog/addon-min-300-400.jpg,https://d-telco.github.io/telco/assets/catalog/addon-min-300-1600.jpg,D·TELCO,,300 national minutes,"addon,minutes,national,demo-data"
11-03-2025 13:01,TRUE,9999,5.99,5.99,addon-min-600,600 national minutes,"600 minutes national, 28 days",Mobile>Add-ons>Minutes,D·TELCO,https://d-telco.github.io/telco/product.html?id=addon-min-600,https://d-telco.github.io/telco/product.html?id=addon-min-600,dtelco://product/addon-min-600,https://d-telco.github.io/telco/product.html?id=addon-min-600,https://d-telco.github.io/telco/assets/catalog/addon-min-600-1200.jpg,https://d-telco.github.io/telco/assets/catalog/addon-min-600-400.jpg,https://d-telco.github.io/telco/assets/catalog/addon-min-600-1600.jpg,D·TELCO,,600 national minutes,"addon,minutes,national,demo-data"
02-04-2026 11:01,TRUE,9999,9.99,9.99,addon-min-unl,Unlimited national minutes,"unlimited minutes national, 28 days",Mobile>Add-ons>Minutes,D·TELCO,https://d-telco.github.io/telco/product.html?id=addon-min-unl,https://d-telco.github.io/telco/product.html?id=addon-min-unl,dtelco://product/addon-min-unl,https://d-telco.github.io/telco/product.html?id=addon-min-unl,https://d-telco.github.io/telco/assets/catalog/addon-min-unl-1200.jpg,https://d-telco.github.io/telco/assets/catalog/addon-min-unl-400.jpg,https://d-telco.github.io/telco/assets/catalog/addon-min-unl-1600.jpg,D·TELCO,,Unlimited national minutes,"addon,minutes,national,demo-data"
28-05-2026 11:31,TRUE,9999,2.99,2.99,addon-5g,5G access,"5G access on your line, 2.99 per month",Mobile>Add-ons>Network,D·TELCO,https://d-telco.github.io/telco/product.html?id=addon-5g,https://d-telco.github.io/telco/product.html?id=addon-5g,dtelco://product/addon-5g,https://d-telco.github.io/telco/product.html?id=addon-5g,https://d-telco.github.io/telco/assets/catalog/addon-5g-1200.jpg,https://d-telco.github.io/telco/assets/catalog/addon-5g-400.jpg,https://d-telco.github.io/telco/assets/catalog/addon-5g-1600.jpg,D·TELCO,,5G access,"addon,network,paid,demo-data"
06-02-2026 15:26,TRUE,9999,0.00,0.00,addon-balance-notify,Balance notification,"Balance notification on your line, free of charge",Mobile>Add-ons>Network,D·TELCO,https://d-telco.github.io/telco/product.html?id=addon-balance-notify,https://d-telco.github.io/telco/product.html?id=addon-balance-notify,dtelco://product/addon-balance-notify,https://d-telco.github.io/telco/product.html?id=addon-balance-notify,https://d-telco.github.io/telco/assets/catalog/addon-balance-notify-1200.jpg,https://d-telco.github.io/telco/assets/catalog/addon-balance-notify-400.jpg,https://d-telco.github.io/telco/assets/catalog/addon-balance-notify-1600.jpg,D·TELCO,,Balance notification,"addon,network,free,demo-data"
11-06-2026 13:13,TRUE,9999,0.00,0.00,addon-volte,VoLTE,"VoLTE on your line, free of charge",Mobile>Add-ons>Network,D·TELCO,https://d-telco.github.io/telco/product.html?id=addon-volte,https://d-telco.github.io/telco/product.html?id=addon-volte,dtelco://product/addon-volte,https://d-telco.github.io/telco/product.html?id=addon-volte,https://d-telco.github.io/telco/assets/catalog/addon-volte-1200.jpg,https://d-telco.github.io/telco/assets/catalog/addon-volte-400.jpg,https://d-telco.github.io/telco/assets/catalog/addon-volte-1600.jpg,D·TELCO,,VoLTE,"addon,network,free,demo-data"
17-12-2025 16:35,TRUE,9999,0.00,0.00,addon-vowifi,VoWiFi,"VoWiFi on your line, free of charge",Mobile>Add-ons>Network,D·TELCO,https://d-telco.github.io/telco/product.html?id=addon-vowifi,https://d-telco.github.io/telco/product.html?id=addon-vowifi,dtelco://product/addon-vowifi,https://d-telco.github.io/telco/product.html?id=addon-vowifi,https://d-telco.github.io/telco/assets/catalog/addon-vowifi-1200.jpg,https://d-telco.github.io/telco/assets/catalog/addon-vowifi-400.jpg,https://d-telco.github.io/telco/assets/catalog/addon-vowifi-1600.jpg,D·TELCO,,VoWiFi,"addon,network,free,demo-data"
16-09-2025 09:31,TRUE,9999,4.99,4.99,addon-sms-1000,1000 SMS,"1000 SMS countrywide, 28 days",Mobile>Add-ons>SMS,D·TELCO,https://d-telco.github.io/telco/product.html?id=addon-sms-1000,https://d-telco.github.io/telco/product.html?id=addon-sms-1000,dtelco://product/addon-sms-1000,https://d-telco.github.io/telco/product.html?id=addon-sms-1000,https://d-telco.github.io/telco/assets/catalog/addon-sms-1000-1200.jpg,https://d-telco.github.io/telco/assets/catalog/addon-sms-1000-400.jpg,https://d-telco.github.io/telco/assets/catalog/addon-sms-1000-1600.jpg,D·TELCO,,1000 SMS,"addon,sms,demo-data"
24-07-2026 15:03,TRUE,9999,1.19,1.19,addon-sms-150,150 SMS,"150 SMS countrywide, 28 days",Mobile>Add-ons>SMS,D·TELCO,https://d-telco.github.io/telco/product.html?id=addon-sms-150,https://d-telco.github.io/telco/product.html?id=addon-sms-150,dtelco://product/addon-sms-150,https://d-telco.github.io/telco/product.html?id=addon-sms-150,https://d-telco.github.io/telco/assets/catalog/addon-sms-150-1200.jpg,https://d-telco.github.io/telco/assets/catalog/addon-sms-150-400.jpg,https://d-telco.github.io/telco/assets/catalog/addon-sms-150-1600.jpg,D·TELCO,,150 SMS,"addon,sms,demo-data"
06-11-2025 09:38,TRUE,9999,1.79,1.79,addon-sms-250,250 SMS,"250 SMS countrywide, 28 days",Mobile>Add-ons>SMS,D·TELCO,https://d-telco.github.io/telco/product.html?id=addon-sms-250,https://d-telco.github.io/telco/product.html?id=addon-sms-250,dtelco://product/addon-sms-250,https://d-telco.github.io/telco/product.html?id=addon-sms-250,https://d-telco.github.io/telco/assets/catalog/addon-sms-250-1200.jpg,https://d-telco.github.io/telco/assets/catalog/addon-sms-250-400.jpg,https://d-telco.github.io/telco/assets/catalog/addon-sms-250-1600.jpg,D·TELCO,,250 SMS,"addon,sms,demo-data"
10-07-2026 16:19,TRUE,9999,0.49,0.49,addon-sms-50,50 SMS,"50 SMS countrywide, 28 days",Mobile>Add-ons>SMS,D·TELCO,https://d-telco.github.io/telco/product.html?id=addon-sms-50,https://d-telco.github.io/telco/product.html?id=addon-sms-50,dtelco://product/addon-sms-50,https://d-telco.github.io/telco/product.html?id=addon-sms-50,https://d-telco.github.io/telco/assets/catalog/addon-sms-50-1200.jpg,https://d-telco.github.io/telco/assets/catalog/addon-sms-50-400.jpg,https://d-telco.github.io/telco/assets/catalog/addon-sms-50-1600.jpg,D·TELCO,,50 SMS,"addon,sms,demo-data"
04-02-2026 09:14,TRUE,9999,2.99,2.99,addon-sms-500,500 SMS,"500 SMS countrywide, 28 days",Mobile>Add-ons>SMS,D·TELCO,https://d-telco.github.io/telco/product.html?id=addon-sms-500,https://d-telco.github.io/telco/product.html?id=addon-sms-500,dtelco://product/addon-sms-500,https://d-telco.github.io/telco/product.html?id=addon-sms-500,https://d-telco.github.io/telco/assets/catalog/addon-sms-500-1200.jpg,https://d-telco.github.io/telco/assets/catalog/addon-sms-500-400.jpg,https://d-telco.github.io/telco/assets/catalog/addon-sms-500-1600.jpg,D·TELCO,,500 SMS,"addon,sms,demo-data"
10-06-2025 09:14,TRUE,9999,1.29,1.29,pack-net-1gb-1d,1 GB daily,"1 GB, 1 days",Mobile>Internet>Daily,D·TELCO,https://d-telco.github.io/telco/product.html?id=pack-net-1gb-1d,https://d-telco.github.io/telco/product.html?id=pack-net-1gb-1d,dtelco://product/pack-net-1gb-1d,https://d-telco.github.io/telco/product.html?id=pack-net-1gb-1d,https://d-telco.github.io/telco/assets/catalog/pack-net-1gb-1d-1200.jpg,https://d-telco.github.io/telco/assets/catalog/pack-net-1gb-1d-400.jpg,https://d-telco.github.io/telco/assets/catalog/pack-net-1gb-1d-1600.jpg,D·TELCO,,1 GB daily,"internet,daily,demo-data"
27-03-2025 11:33,TRUE,9999,1.99,1.99,pack-net-2gb-1d,2 GB daily,"2 GB, 1 days",Mobile>Internet>Daily,D·TELCO,https://d-telco.github.io/telco/product.html?id=pack-net-2gb-1d,https://d-telco.github.io/telco/product.html?id=pack-net-2gb-1d,dtelco://product/pack-net-2gb-1d,https://d-telco.github.io/telco/product.html?id=pack-net-2gb-1d,https://d-telco.github.io/telco/assets/catalog/pack-net-2gb-1d-1200.jpg,https://d-telco.github.io/telco/assets/catalog/pack-net-2gb-1d-400.jpg,https://d-telco.github.io/telco/assets/catalog/pack-net-2gb-1d-1600.jpg,D·TELCO,,2 GB daily,"internet,daily,demo-data"
04-07-2026 14:57,TRUE,9999,0.79,0.79,pack-net-500mb-1d,500 MB daily,"0.5 GB, 1 days",Mobile>Internet>Daily,D·TELCO,https://d-telco.github.io/telco/product.html?id=pack-net-500mb-1d,https://d-telco.github.io/telco/product.html?id=pack-net-500mb-1d,dtelco://product/pack-net-500mb-1d,https://d-telco.github.io/telco/product.html?id=pack-net-500mb-1d,https://d-telco.github.io/telco/assets/catalog/pack-net-500mb-1d-1200.jpg,https://d-telco.github.io/telco/assets/catalog/pack-net-500mb-1d-400.jpg,https://d-telco.github.io/telco/assets/catalog/pack-net-500mb-1d-1600.jpg,D·TELCO,,500 MB daily,"internet,daily,demo-data"
18-03-2025 12:11,TRUE,9999,0.99,0.99,pack-net-night-1d,Unlimited night,"Unlimited data overnight, 1 days",Mobile>Internet>Daily,D·TELCO,https://d-telco.github.io/telco/product.html?id=pack-net-night-1d,https://d-telco.github.io/telco/product.html?id=pack-net-night-1d,dtelco://product/pack-net-night-1d,https://d-telco.github.io/telco/product.html?id=pack-net-night-1d,https://d-telco.github.io/telco/assets/catalog/pack-net-night-1d-1200.jpg,https://d-telco.github.io/telco/assets/catalog/pack-net-night-1d-400.jpg,https://d-telco.github.io/telco/assets/catalog/pack-net-night-1d-1600.jpg,D·TELCO,,Unlimited night,"internet,daily,demo-data"
28-05-2026 09:04,TRUE,9999,12.99,12.99,pack-net-10gb-28d,10 GB monthly,"10 GB, 28 days",Mobile>Internet>Monthly,D·TELCO,https://d-telco.github.io/telco/product.html?id=pack-net-10gb-28d,https://d-telco.github.io/telco/product.html?id=pack-net-10gb-28d,dtelco://product/pack-net-10gb-28d,https://d-telco.github.io/telco/product.html?id=pack-net-10gb-28d,https://d-telco.github.io/telco/assets/catalog/pack-net-10gb-28d-1200.jpg,https://d-telco.github.io/telco/assets/catalog/pack-net-10gb-28d-400.jpg,https://d-telco.github.io/telco/assets/catalog/pack-net-10gb-28d-1600.jpg,D·TELCO,,10 GB monthly,"internet,monthly,demo-data"
03-01-2026 10:31,TRUE,9999,3.49,3.49,pack-net-1gb-28d,1 GB monthly,"1 GB, 28 days",Mobile>Internet>Monthly,D·TELCO,https://d-telco.github.io/telco/product.html?id=pack-net-1gb-28d,https://d-telco.github.io/telco/product.html?id=pack-net-1gb-28d,dtelco://product/pack-net-1gb-28d,https://d-telco.github.io/telco/product.html?id=pack-net-1gb-28d,https://d-telco.github.io/telco/assets/catalog/pack-net-1gb-28d-1200.jpg,https://d-telco.github.io/telco/assets/catalog/pack-net-1gb-28d-400.jpg,https://d-telco.github.io/telco/assets/catalog/pack-net-1gb-28d-1600.jpg,D·TELCO,,1 GB monthly,"internet,monthly,demo-data"
25-11-2025 09:34,TRUE,9999,18.99,18.99,pack-net-20gb-28d,20 GB monthly,"20 GB, 28 days",Mobile>Internet>Monthly,D·TELCO,https://d-telco.github.io/telco/product.html?id=pack-net-20gb-28d,https://d-telco.github.io/telco/product.html?id=pack-net-20gb-28d,dtelco://product/pack-net-20gb-28d,https://d-telco.github.io/telco/product.html?id=pack-net-20gb-28d,https://d-telco.github.io/telco/assets/catalog/pack-net-20gb-28d-1200.jpg,https://d-telco.github.io/telco/assets/catalog/pack-net-20gb-28d-400.jpg,https://d-telco.github.io/telco/assets/catalog/pack-net-20gb-28d-1600.jpg,D·TELCO,,20 GB monthly,"internet,monthly,demo-data"
02-06-2025 09:35,TRUE,9999,6.49,6.49,pack-net-3gb-28d,3 GB monthly,"3 GB, 28 days",Mobile>Internet>Monthly,D·TELCO,https://d-telco.github.io/telco/product.html?id=pack-net-3gb-28d,https://d-telco.github.io/telco/product.html?id=pack-net-3gb-28d,dtelco://product/pack-net-3gb-28d,https://d-telco.github.io/telco/product.html?id=pack-net-3gb-28d,https://d-telco.github.io/telco/assets/catalog/pack-net-3gb-28d-1200.jpg,https://d-telco.github.io/telco/assets/catalog/pack-net-3gb-28d-400.jpg,https://d-telco.github.io/telco/assets/catalog/pack-net-3gb-28d-1600.jpg,D·TELCO,,3 GB monthly,"internet,monthly,demo-data"
07-07-2026 16:38,TRUE,9999,1.99,1.99,pack-net-500mb-28d,500 MB monthly,"0.5 GB, 28 days",Mobile>Internet>Monthly,D·TELCO,https://d-telco.github.io/telco/product.html?id=pack-net-500mb-28d,https://d-telco.github.io/telco/product.html?id=pack-net-500mb-28d,dtelco://product/pack-net-500mb-28d,https://d-telco.github.io/telco/product.html?id=pack-net-500mb-28d,https://d-telco.github.io/telco/assets/catalog/pack-net-500mb-28d-1200.jpg,https://d-telco.github.io/telco/assets/catalog/pack-net-500mb-28d-400.jpg,https://d-telco.github.io/telco/assets/catalog/pack-net-500mb-28d-1600.jpg,D·TELCO,,500 MB monthly,"internet,monthly,demo-data"
22-03-2026 13:39,TRUE,9999,8.99,8.99,pack-net-5gb-28d,5 GB monthly,"5 GB, 28 days",Mobile>Internet>Monthly,D·TELCO,https://d-telco.github.io/telco/product.html?id=pack-net-5gb-28d,https://d-telco.github.io/telco/product.html?id=pack-net-5gb-28d,dtelco://product/pack-net-5gb-28d,https://d-telco.github.io/telco/product.html?id=pack-net-5gb-28d,https://d-telco.github.io/telco/assets/catalog/pack-net-5gb-28d-1200.jpg,https://d-telco.github.io/telco/assets/catalog/pack-net-5gb-28d-400.jpg,https://d-telco.github.io/telco/assets/catalog/pack-net-5gb-28d-1600.jpg,D·TELCO,,5 GB monthly,"internet,monthly,demo-data"
25-02-2026 09:13,TRUE,9999,2.99,2.99,pack-ai-talk,AI Talk,"1 GB for AI Talk, 28 days",Mobile>Internet>Social and AI,D·TELCO,https://d-telco.github.io/telco/product.html?id=pack-ai-talk,https://d-telco.github.io/telco/product.html?id=pack-ai-talk,dtelco://product/pack-ai-talk,https://d-telco.github.io/telco/product.html?id=pack-ai-talk,https://d-telco.github.io/telco/assets/catalog/pack-ai-talk-1200.jpg,https://d-telco.github.io/telco/assets/catalog/pack-ai-talk-400.jpg,https://d-telco.github.io/telco/assets/catalog/pack-ai-talk-1600.jpg,D·TELCO,,AI Talk,"internet,social,paid,demo-data"
23-03-2025 11:01,TRUE,9999,0.00,0.00,pack-free-ai,Free AI 1 GB,"1 GB for ChatGPT, Claude, Perplexity, DeepSeek, 28 days, free of charge",Mobile>Internet>Social and AI,D·TELCO,https://d-telco.github.io/telco/product.html?id=pack-free-ai,https://d-telco.github.io/telco/product.html?id=pack-free-ai,dtelco://product/pack-free-ai,https://d-telco.github.io/telco/product.html?id=pack-free-ai,https://d-telco.github.io/telco/assets/catalog/pack-free-ai-1200.jpg,https://d-telco.github.io/telco/assets/catalog/pack-free-ai-400.jpg,https://d-telco.github.io/telco/assets/catalog/pack-free-ai-1600.jpg,D·TELCO,,Free AI 1 GB,"internet,social,free,demo-data"
24-04-2025 17:10,TRUE,9999,1.99,1.99,pack-social-1gb,Social 1 GB,"1 GB for Facebook, Instagram, 28 days",Mobile>Internet>Social and AI,D·TELCO,https://d-telco.github.io/telco/product.html?id=pack-social-1gb,https://d-telco.github.io/telco/product.html?id=pack-social-1gb,dtelco://product/pack-social-1gb,https://d-telco.github.io/telco/product.html?id=pack-social-1gb,https://d-telco.github.io/telco/assets/catalog/pack-social-1gb-1200.jpg,https://d-telco.github.io/telco/assets/catalog/pack-social-1gb-400.jpg,https://d-telco.github.io/telco/assets/catalog/pack-social-1gb-1600.jpg,D·TELCO,,Social 1 GB,"internet,social,paid,demo-data"
09-05-2026 17:11,TRUE,9999,3.99,3.99,pack-social-3gb,Social 3 GB,"3 GB for Facebook, Instagram, TikTok, 28 days",Mobile>Internet>Social and AI,D·TELCO,https://d-telco.github.io/telco/product.html?id=pack-social-3gb,https://d-telco.github.io/telco/product.html?id=pack-social-3gb,dtelco://product/pack-social-3gb,https://d-telco.github.io/telco/product.html?id=pack-social-3gb,https://d-telco.github.io/telco/assets/catalog/pack-social-3gb-1200.jpg,https://d-telco.github.io/telco/assets/catalog/pack-social-3gb-400.jpg,https://d-telco.github.io/telco/assets/catalog/pack-social-3gb-1600.jpg,D·TELCO,,Social 3 GB,"internet,social,paid,demo-data"
30-10-2025 10:05,TRUE,9999,5.49,5.49,pack-social-5gb,Social 5 GB,"5 GB for Facebook, Instagram, TikTok, X, 28 days",Mobile>Internet>Social and AI,D·TELCO,https://d-telco.github.io/telco/product.html?id=pack-social-5gb,https://d-telco.github.io/telco/product.html?id=pack-social-5gb,dtelco://product/pack-social-5gb,https://d-telco.github.io/telco/product.html?id=pack-social-5gb,https://d-telco.github.io/telco/assets/catalog/pack-social-5gb-1200.jpg,https://d-telco.github.io/telco/assets/catalog/pack-social-5gb-400.jpg,https://d-telco.github.io/telco/assets/catalog/pack-social-5gb-1600.jpg,D·TELCO,,Social 5 GB,"internet,social,paid,demo-data"
17-04-2026 15:00,TRUE,9999,4.49,4.49,pack-youtube,YouTube pack,"5 GB for YouTube, 28 days",Mobile>Internet>Social and AI,D·TELCO,https://d-telco.github.io/telco/product.html?id=pack-youtube,https://d-telco.github.io/telco/product.html?id=pack-youtube,dtelco://product/pack-youtube,https://d-telco.github.io/telco/product.html?id=pack-youtube,https://d-telco.github.io/telco/assets/catalog/pack-youtube-1200.jpg,https://d-telco.github.io/telco/assets/catalog/pack-youtube-400.jpg,https://d-telco.github.io/telco/assets/catalog/pack-youtube-1600.jpg,D·TELCO,,YouTube pack,"internet,social,paid,demo-data"
07-06-2026 16:30,TRUE,9999,29.99,29.99,pack-net-unlimited-20,Unlimited 20 Mbps,"Unlimited data at up to 20 Mbps, 28 days",Mobile>Internet>Unlimited,D·TELCO,https://d-telco.github.io/telco/product.html?id=pack-net-unlimited-20,https://d-telco.github.io/telco/product.html?id=pack-net-unlimited-20,dtelco://product/pack-net-unlimited-20,https://d-telco.github.io/telco/product.html?id=pack-net-unlimited-20,https://d-telco.github.io/telco/assets/catalog/pack-net-unlimited-20-1200.jpg,https://d-telco.github.io/telco/assets/catalog/pack-net-unlimited-20-400.jpg,https://d-telco.github.io/telco/assets/catalog/pack-net-unlimited-20-1600.jpg,D·TELCO,,Unlimited 20 Mbps,"internet,unlimited,demo-data"
30-07-2025 09:45,TRUE,9999,19.99,19.99,pack-net-unlimited-5,Unlimited 5 Mbps,"Unlimited data at up to 5 Mbps, 28 days",Mobile>Internet>Unlimited,D·TELCO,https://d-telco.github.io/telco/product.html?id=pack-net-unlimited-5,https://d-telco.github.io/telco/product.html?id=pack-net-unlimited-5,dtelco://product/pack-net-unlimited-5,https://d-telco.github.io/telco/product.html?id=pack-net-unlimited-5,https://d-telco.github.io/telco/assets/catalog/pack-net-unlimited-5-1200.jpg,https://d-telco.github.io/telco/assets/catalog/pack-net-unlimited-5-400.jpg,https://d-telco.github.io/telco/assets/catalog/pack-net-unlimited-5-1600.jpg,D·TELCO,,Unlimited 5 Mbps,"internet,unlimited,demo-data"
04-12-2025 15:11,TRUE,9999,39.99,39.99,pack-net-unlimited-max,Unlimited full speed,"Unlimited data at up to 100 Mbps, 28 days",Mobile>Internet>Unlimited,D·TELCO,https://d-telco.github.io/telco/product.html?id=pack-net-unlimited-max,https://d-telco.github.io/telco/product.html?id=pack-net-unlimited-max,dtelco://product/pack-net-unlimited-max,https://d-telco.github.io/telco/product.html?id=pack-net-unlimited-max,https://d-telco.github.io/telco/assets/catalog/pack-net-unlimited-max-1200.jpg,https://d-telco.github.io/telco/assets/catalog/pack-net-unlimited-max-400.jpg,https://d-telco.github.io/telco/assets/catalog/pack-net-unlimited-max-1600.jpg,D·TELCO,,Unlimited full speed,"internet,unlimited,demo-data"
13-05-2026 11:30,TRUE,9999,8.99,8.99,pack-net-10gb-7d,10 GB weekly,"10 GB, 7 days",Mobile>Internet>Weekly,D·TELCO,https://d-telco.github.io/telco/product.html?id=pack-net-10gb-7d,https://d-telco.github.io/telco/product.html?id=pack-net-10gb-7d,dtelco://product/pack-net-10gb-7d,https://d-telco.github.io/telco/product.html?id=pack-net-10gb-7d,https://d-telco.github.io/telco/assets/catalog/pack-net-10gb-7d-1200.jpg,https://d-telco.github.io/telco/assets/catalog/pack-net-10gb-7d-400.jpg,https://d-telco.github.io/telco/assets/catalog/pack-net-10gb-7d-1600.jpg,D·TELCO,,10 GB weekly,"internet,weekly,demo-data"
04-05-2025 13:48,TRUE,9999,2.49,2.49,pack-net-1gb-7d,1 GB weekly,"1 GB, 7 days",Mobile>Internet>Weekly,D·TELCO,https://d-telco.github.io/telco/product.html?id=pack-net-1gb-7d,https://d-telco.github.io/telco/product.html?id=pack-net-1gb-7d,dtelco://product/pack-net-1gb-7d,https://d-telco.github.io/telco/product.html?id=pack-net-1gb-7d,https://d-telco.github.io/telco/assets/catalog/pack-net-1gb-7d-1200.jpg,https://d-telco.github.io/telco/assets/catalog/pack-net-1gb-7d-400.jpg,https://d-telco.github.io/telco/assets/catalog/pack-net-1gb-7d-1600.jpg,D·TELCO,,1 GB weekly,"internet,weekly,demo-data"
28-06-2026 17:06,TRUE,9999,4.49,4.49,pack-net-3gb-7d,3 GB weekly,"3 GB, 7 days",Mobile>Internet>Weekly,D·TELCO,https://d-telco.github.io/telco/product.html?id=pack-net-3gb-7d,https://d-telco.github.io/telco/product.html?id=pack-net-3gb-7d,dtelco://product/pack-net-3gb-7d,https://d-telco.github.io/telco/product.html?id=pack-net-3gb-7d,https://d-telco.github.io/telco/assets/catalog/pack-net-3gb-7d-1200.jpg,https://d-telco.github.io/telco/assets/catalog/pack-net-3gb-7d-400.jpg,https://d-telco.github.io/telco/assets/catalog/pack-net-3gb-7d-1600.jpg,D·TELCO,,3 GB weekly,"internet,weekly,demo-data"
16-06-2025 09:02,TRUE,9999,5.99,5.99,pack-net-5gb-7d,5 GB weekly,"5 GB, 7 days",Mobile>Internet>Weekly,D·TELCO,https://d-telco.github.io/telco/product.html?id=pack-net-5gb-7d,https://d-telco.github.io/telco/product.html?id=pack-net-5gb-7d,dtelco://product/pack-net-5gb-7d,https://d-telco.github.io/telco/product.html?id=pack-net-5gb-7d,https://d-telco.github.io/telco/assets/catalog/pack-net-5gb-7d-1200.jpg,https://d-telco.github.io/telco/assets/catalog/pack-net-5gb-7d-400.jpg,https://d-telco.github.io/telco/assets/catalog/pack-net-5gb-7d-1600.jpg,D·TELCO,,5 GB weekly,"internet,weekly,demo-data"
22-04-2026 16:08,TRUE,9999,2.99,2.99,esim-new,New eSIM,New eSIM on the D·TELCO network,Mobile>Numbers and SIM,D·TELCO,https://d-telco.github.io/telco/product.html?id=esim-new,https://d-telco.github.io/telco/product.html?id=esim-new,dtelco://product/esim-new,https://d-telco.github.io/telco/product.html?id=esim-new,https://d-telco.github.io/telco/assets/catalog/esim-new-1200.jpg,https://d-telco.github.io/telco/assets/catalog/esim-new-400.jpg,https://d-telco.github.io/telco/assets/catalog/esim-new-1600.jpg,D·TELCO,,New eSIM,"esim,esim-capable,demo-data"
05-02-2026 16:30,TRUE,9999,0.00,0.00,esim-swap,Switch your number to eSIM,Switch your number to eSIM on the D·TELCO network,Mobile>Numbers and SIM,D·TELCO,https://d-telco.github.io/telco/product.html?id=esim-swap,https://d-telco.github.io/telco/product.html?id=esim-swap,dtelco://product/esim-swap,https://d-telco.github.io/telco/product.html?id=esim-swap,https://d-telco.github.io/telco/assets/catalog/esim-swap-1200.jpg,https://d-telco.github.io/telco/assets/catalog/esim-swap-400.jpg,https://d-telco.github.io/telco/assets/catalog/esim-swap-1600.jpg,D·TELCO,,Switch your number to eSIM,"esim,esim-capable,demo-data"
03-07-2025 09:48,TRUE,9999,1.99,1.99,number-099,099 prefix number,099 prefix number on the D·TELCO network,Mobile>Numbers and SIM,D·TELCO,https://d-telco.github.io/telco/product.html?id=number-099,https://d-telco.github.io/telco/product.html?id=number-099,dtelco://product/number-099,https://d-telco.github.io/telco/product.html?id=number-099,https://d-telco.github.io/telco/assets/catalog/number-099-1200.jpg,https://d-telco.github.io/telco/assets/catalog/number-099-400.jpg,https://d-telco.github.io/telco/assets/catalog/number-099-1600.jpg,D·TELCO,,099 prefix number,"number,demo-data"
28-07-2025 16:37,TRUE,9999,19.99,19.99,number-lovely-bronze,Lovely number Bronze,Lovely number Bronze on the D·TELCO network,Mobile>Numbers and SIM,D·TELCO,https://d-telco.github.io/telco/product.html?id=number-lovely-bronze,https://d-telco.github.io/telco/product.html?id=number-lovely-bronze,dtelco://product/number-lovely-bronze,https://d-telco.github.io/telco/product.html?id=number-lovely-bronze,https://d-telco.github.io/telco/assets/catalog/number-lovely-bronze-1200.jpg,https://d-telco.github.io/telco/assets/catalog/number-lovely-bronze-400.jpg,https://d-telco.github.io/telco/assets/catalog/number-lovely-bronze-1600.jpg,D·TELCO,,Lovely number Bronze,"number,demo-data"
07-06-2026 16:46,TRUE,9999,149.99,149.99,number-lovely-gold,Lovely number Gold,Lovely number Gold on the D·TELCO network,Mobile>Numbers and SIM,D·TELCO,https://d-telco.github.io/telco/product.html?id=number-lovely-gold,https://d-telco.github.io/telco/product.html?id=number-lovely-gold,dtelco://product/number-lovely-gold,https://d-telco.github.io/telco/product.html?id=number-lovely-gold,https://d-telco.github.io/telco/assets/catalog/number-lovely-gold-1200.jpg,https://d-telco.github.io/telco/assets/catalog/number-lovely-gold-400.jpg,https://d-telco.github.io/telco/assets/catalog/number-lovely-gold-1600.jpg,D·TELCO,,Lovely number Gold,"number,demo-data"
03-06-2025 14:39,TRUE,9999,499.99,499.99,number-lovely-platinum,Lovely number Platinum,Lovely number Platinum on the D·TELCO network,Mobile>Numbers and SIM,D·TELCO,https://d-telco.github.io/telco/product.html?id=number-lovely-platinum,https://d-telco.github.io/telco/product.html?id=number-lovely-platinum,dtelco://product/number-lovely-platinum,https://d-telco.github.io/telco/product.html?id=number-lovely-platinum,https://d-telco.github.io/telco/assets/catalog/number-lovely-platinum-1200.jpg,https://d-telco.github.io/telco/assets/catalog/number-lovely-platinum-400.jpg,https://d-telco.github.io/telco/assets/catalog/number-lovely-platinum-1600.jpg,D·TELCO,,Lovely number Platinum,"number,demo-data"
20-03-2025 16:55,TRUE,9999,49.99,49.99,number-lovely-silver,Lovely number Silver,Lovely number Silver on the D·TELCO network,Mobile>Numbers and SIM,D·TELCO,https://d-telco.github.io/telco/product.html?id=number-lovely-silver,https://d-telco.github.io/telco/product.html?id=number-lovely-silver,dtelco://product/number-lovely-silver,https://d-telco.github.io/telco/product.html?id=number-lovely-silver,https://d-telco.github.io/telco/assets/catalog/number-lovely-silver-1200.jpg,https://d-telco.github.io/telco/assets/catalog/number-lovely-silver-400.jpg,https://d-telco.github.io/telco/assets/catalog/number-lovely-silver-1600.jpg,D·TELCO,,Lovely number Silver,"number,demo-data"
14-06-2025 09:56,TRUE,9999,0.00,0.00,number-mnp,"Keep your number, move to D-TELCO","Keep your number, move to D-TELCO on the D·TELCO network",Mobile>Numbers and SIM,D·TELCO,https://d-telco.github.io/telco/product.html?id=number-mnp,https://d-telco.github.io/telco/product.html?id=number-mnp,dtelco://product/number-mnp,https://d-telco.github.io/telco/product.html?id=number-mnp,https://d-telco.github.io/telco/assets/catalog/number-mnp-1200.jpg,https://d-telco.github.io/telco/assets/catalog/number-mnp-400.jpg,https://d-telco.github.io/telco/assets/catalog/number-mnp-1600.jpg,D·TELCO,,"Keep your number, move to D-TELCO","number,demo-data"
30-06-2025 09:44,TRUE,9999,6.99,6.99,sim-4g-5gb,4G SIM with 5 GB,4G SIM with 5 GB on the D·TELCO network,Mobile>Numbers and SIM,D·TELCO,https://d-telco.github.io/telco/product.html?id=sim-4g-5gb,https://d-telco.github.io/telco/product.html?id=sim-4g-5gb,dtelco://product/sim-4g-5gb,https://d-telco.github.io/telco/product.html?id=sim-4g-5gb,https://d-telco.github.io/telco/assets/catalog/sim-4g-5gb-1200.jpg,https://d-telco.github.io/telco/assets/catalog/sim-4g-5gb-400.jpg,https://d-telco.github.io/telco/assets/catalog/sim-4g-5gb-1600.jpg,D·TELCO,,4G SIM with 5 GB,"sim,demo-data"
16-02-2026 09:58,TRUE,9999,2.99,2.99,sim-physical,Physical SIM,Physical SIM on the D·TELCO network,Mobile>Numbers and SIM,D·TELCO,https://d-telco.github.io/telco/product.html?id=sim-physical,https://d-telco.github.io/telco/product.html?id=sim-physical,dtelco://product/sim-physical,https://d-telco.github.io/telco/product.html?id=sim-physical,https://d-telco.github.io/telco/assets/catalog/sim-physical-1200.jpg,https://d-telco.github.io/telco/assets/catalog/sim-physical-400.jpg,https://d-telco.github.io/telco/assets/catalog/sim-physical-1600.jpg,D·TELCO,,Physical SIM,"sim,demo-data"
25-07-2025 14:53,FALSE,9999,9.99,9.99,plan-archive-birinci,Birinci,"4 GB, 240 min, 120 SMS, 30 days, withdrawn from sale",Mobile>Plans>Archive,D·TELCO,https://d-telco.github.io/telco/product.html?id=plan-archive-birinci,https://d-telco.github.io/telco/product.html?id=plan-archive-birinci,dtelco://product/plan-archive-birinci,https://d-telco.github.io/telco/product.html?id=plan-archive-birinci,https://d-telco.github.io/telco/assets/catalog/plan-archive-birinci-1200.jpg,https://d-telco.github.io/telco/assets/catalog/plan-archive-birinci-400.jpg,https://d-telco.github.io/telco/assets/catalog/plan-archive-birinci-1600.jpg,D·TELCO,,Birinci,"plan,archive,prepaid,demo-data"
03-12-2025 10:59,FALSE,9999,12.99,12.99,plan-archive-daimonline,DaimOnline,"6 GB, 300 min, 150 SMS, 30 days, withdrawn from sale",Mobile>Plans>Archive,D·TELCO,https://d-telco.github.io/telco/product.html?id=plan-archive-daimonline,https://d-telco.github.io/telco/product.html?id=plan-archive-daimonline,dtelco://product/plan-archive-daimonline,https://d-telco.github.io/telco/product.html?id=plan-archive-daimonline,https://d-telco.github.io/telco/assets/catalog/plan-archive-daimonline-1200.jpg,https://d-telco.github.io/telco/assets/catalog/plan-archive-daimonline-400.jpg,https://d-telco.github.io/telco/assets/catalog/plan-archive-daimonline-1600.jpg,D·TELCO,,DaimOnline,"plan,archive,prepaid,demo-data"
18-01-2026 16:27,FALSE,9999,6.99,6.99,plan-archive-ilk,Ilk,"2 GB, 120 min, 60 SMS, 30 days, withdrawn from sale",Mobile>Plans>Archive,D·TELCO,https://d-telco.github.io/telco/product.html?id=plan-archive-ilk,https://d-telco.github.io/telco/product.html?id=plan-archive-ilk,dtelco://product/plan-archive-ilk,https://d-telco.github.io/telco/product.html?id=plan-archive-ilk,https://d-telco.github.io/telco/assets/catalog/plan-archive-ilk-1200.jpg,https://d-telco.github.io/telco/assets/catalog/plan-archive-ilk-400.jpg,https://d-telco.github.io/telco/assets/catalog/plan-archive-ilk-1600.jpg,D·TELCO,,Ilk,"plan,archive,prepaid,demo-data"
27-05-2025 17:40,FALSE,9999,4.99,4.99,plan-archive-sade,Sade,"1 GB, 60 min, 30 SMS, 30 days, withdrawn from sale",Mobile>Plans>Archive,D·TELCO,https://d-telco.github.io/telco/product.html?id=plan-archive-sade,https://d-telco.github.io/telco/product.html?id=plan-archive-sade,dtelco://product/plan-archive-sade,https://d-telco.github.io/telco/product.html?id=plan-archive-sade,https://d-telco.github.io/telco/assets/catalog/plan-archive-sade-1200.jpg,https://d-telco.github.io/telco/assets/catalog/plan-archive-sade-400.jpg,https://d-telco.github.io/telco/assets/catalog/plan-archive-sade-1600.jpg,D·TELCO,,Sade,"plan,archive,prepaid,demo-data"
08-06-2026 18:00,TRUE,9999,13.00,13.00,plan-klass-13-postpaid,Klass 13 Postpaid,"10 GB, 1 GB social media, 1 GB free AI, 500 min, 250 SMS, 30 days, billed monthly",Mobile>Plans>Postpaid Klass,D·TELCO,https://d-telco.github.io/telco/product.html?id=plan-klass-13-postpaid,https://d-telco.github.io/telco/product.html?id=plan-klass-13-postpaid,dtelco://product/plan-klass-13-postpaid,https://d-telco.github.io/telco/product.html?id=plan-klass-13-postpaid,https://d-telco.github.io/telco/assets/catalog/plan-klass-13-postpaid-1200.jpg,https://d-telco.github.io/telco/assets/catalog/plan-klass-13-postpaid-400.jpg,https://d-telco.github.io/telco/assets/catalog/plan-klass-13-postpaid-1600.jpg,D·TELCO,,Klass 13 Postpaid,"plan,klass,postpaid,5g"
27-01-2026 15:24,TRUE,9999,19.00,19.00,plan-klass-19-postpaid,Klass 19 Postpaid,"18 GB, 2 GB social media, 1 GB free AI, 900 min, 450 SMS, 30 days, billed monthly",Mobile>Plans>Postpaid Klass,D·TELCO,https://d-telco.github.io/telco/product.html?id=plan-klass-19-postpaid,https://d-telco.github.io/telco/product.html?id=plan-klass-19-postpaid,dtelco://product/plan-klass-19-postpaid,https://d-telco.github.io/telco/product.html?id=plan-klass-19-postpaid,https://d-telco.github.io/telco/assets/catalog/plan-klass-19-postpaid-1200.jpg,https://d-telco.github.io/telco/assets/catalog/plan-klass-19-postpaid-400.jpg,https://d-telco.github.io/telco/assets/catalog/plan-klass-19-postpaid-1600.jpg,D·TELCO,,Klass 19 Postpaid,"plan,klass,postpaid,5g"
25-10-2025 12:53,TRUE,9999,31.00,31.00,plan-klass-31-postpaid,Klass 31 Postpaid,"35 GB, 3 GB social media, 1 GB free AI, 1800 min, 700 SMS, 30 days, billed monthly",Mobile>Plans>Postpaid Klass,D·TELCO,https://d-telco.github.io/telco/product.html?id=plan-klass-31-postpaid,https://d-telco.github.io/telco/product.html?id=plan-klass-31-postpaid,dtelco://product/plan-klass-31-postpaid,https://d-telco.github.io/telco/product.html?id=plan-klass-31-postpaid,https://d-telco.github.io/telco/assets/catalog/plan-klass-31-postpaid-1200.jpg,https://d-telco.github.io/telco/assets/catalog/plan-klass-31-postpaid-400.jpg,https://d-telco.github.io/telco/assets/catalog/plan-klass-31-postpaid-1600.jpg,D·TELCO,,Klass 31 Postpaid,"plan,klass,postpaid,5g"
03-03-2025 10:25,TRUE,9999,50.00,50.00,plan-klass-50-postpaid,Klass 50 Postpaid,"60 GB, 5 GB social media, 2 GB free AI, 3000 min, 900 SMS, 30 days, billed monthly",Mobile>Plans>Postpaid Klass,D·TELCO,https://d-telco.github.io/telco/product.html?id=plan-klass-50-postpaid,https://d-telco.github.io/telco/product.html?id=plan-klass-50-postpaid,dtelco://product/plan-klass-50-postpaid,https://d-telco.github.io/telco/product.html?id=plan-klass-50-postpaid,https://d-telco.github.io/telco/assets/catalog/plan-klass-50-postpaid-1200.jpg,https://d-telco.github.io/telco/assets/catalog/plan-klass-50-postpaid-400.jpg,https://d-telco.github.io/telco/assets/catalog/plan-klass-50-postpaid-1600.jpg,D·TELCO,,Klass 50 Postpaid,"plan,klass,postpaid,5g"
29-03-2026 15:18,TRUE,9999,55.00,55.00,plan-klass-55-postpaid,Klass 55 Postpaid,"80 GB, 6 GB social media, 2 GB free AI, unlimited minutes, 1200 SMS, 30 days, billed monthly",Mobile>Plans>Postpaid Klass,D·TELCO,https://d-telco.github.io/telco/product.html?id=plan-klass-55-postpaid,https://d-telco.github.io/telco/product.html?id=plan-klass-55-postpaid,dtelco://product/plan-klass-55-postpaid,https://d-telco.github.io/telco/product.html?id=plan-klass-55-postpaid,https://d-telco.github.io/telco/assets/catalog/plan-klass-55-postpaid-1200.jpg,https://d-telco.github.io/telco/assets/catalog/plan-klass-55-postpaid-400.jpg,https://d-telco.github.io/telco/assets/catalog/plan-klass-55-postpaid-1600.jpg,D·TELCO,,Klass 55 Postpaid,"plan,klass,postpaid,5g"
28-07-2025 11:24,TRUE,9999,8.00,8.00,plan-klass-8-postpaid,Klass 8 Postpaid,"5 GB, 1 GB free AI, 250 min, 120 SMS, 30 days, billed monthly",Mobile>Plans>Postpaid Klass,D·TELCO,https://d-telco.github.io/telco/product.html?id=plan-klass-8-postpaid,https://d-telco.github.io/telco/product.html?id=plan-klass-8-postpaid,dtelco://product/plan-klass-8-postpaid,https://d-telco.github.io/telco/product.html?id=plan-klass-8-postpaid,https://d-telco.github.io/telco/assets/catalog/plan-klass-8-postpaid-1200.jpg,https://d-telco.github.io/telco/assets/catalog/plan-klass-8-postpaid-400.jpg,https://d-telco.github.io/telco/assets/catalog/plan-klass-8-postpaid-1600.jpg,D·TELCO,,Klass 8 Postpaid,"plan,klass,postpaid,5g"
24-05-2025 15:06,TRUE,9999,11.99,11.99,plan-go-11-99,GO 11.99,"5 GB, 1 GB free AI, 300 min, 150 SMS, 28 days, free WhatsApp texting",Mobile>Plans>Prepaid GO,D·TELCO,https://d-telco.github.io/telco/product.html?id=plan-go-11-99,https://d-telco.github.io/telco/product.html?id=plan-go-11-99,dtelco://product/plan-go-11-99,https://d-telco.github.io/telco/product.html?id=plan-go-11-99,https://d-telco.github.io/telco/assets/catalog/plan-go-11-99-1200.jpg,https://d-telco.github.io/telco/assets/catalog/plan-go-11-99-400.jpg,https://d-telco.github.io/telco/assets/catalog/plan-go-11-99-1600.jpg,D·TELCO,,GO 11.99,"plan,go,prepaid,5g"
14-02-2026 13:49,TRUE,9999,17.99,17.99,plan-go-17-99,GO 17.99,"10 GB, 1 GB social media, 1 GB free AI, 600 min, 300 SMS, 28 days, free WhatsApp texting",Mobile>Plans>Prepaid GO,D·TELCO,https://d-telco.github.io/telco/product.html?id=plan-go-17-99,https://d-telco.github.io/telco/product.html?id=plan-go-17-99,dtelco://product/plan-go-17-99,https://d-telco.github.io/telco/product.html?id=plan-go-17-99,https://d-telco.github.io/telco/assets/catalog/plan-go-17-99-1200.jpg,https://d-telco.github.io/telco/assets/catalog/plan-go-17-99-400.jpg,https://d-telco.github.io/telco/assets/catalog/plan-go-17-99-1600.jpg,D·TELCO,,GO 17.99,"plan,go,prepaid,5g"
30-05-2025 13:58,TRUE,9999,29.99,29.99,plan-go-29-99,GO 29.99,"25 GB, 3 GB social media, 1 GB free AI, 1500 min, 500 SMS, 28 days, free WhatsApp texting",Mobile>Plans>Prepaid GO,D·TELCO,https://d-telco.github.io/telco/product.html?id=plan-go-29-99,https://d-telco.github.io/telco/product.html?id=plan-go-29-99,dtelco://product/plan-go-29-99,https://d-telco.github.io/telco/product.html?id=plan-go-29-99,https://d-telco.github.io/telco/assets/catalog/plan-go-29-99-1200.jpg,https://d-telco.github.io/telco/assets/catalog/plan-go-29-99-400.jpg,https://d-telco.github.io/telco/assets/catalog/plan-go-29-99-1600.jpg,D·TELCO,,GO 29.99,"plan,go,prepaid,5g"
02-08-2025 13:31,TRUE,9999,3.99,3.99,plan-go-3-99,GO 3.99,"1.5 GB, 1 GB free AI, 100 min, 50 SMS, 28 days, free WhatsApp texting",Mobile>Plans>Prepaid GO,D·TELCO,https://d-telco.github.io/telco/product.html?id=plan-go-3-99,https://d-telco.github.io/telco/product.html?id=plan-go-3-99,dtelco://product/plan-go-3-99,https://d-telco.github.io/telco/product.html?id=plan-go-3-99,https://d-telco.github.io/telco/assets/catalog/plan-go-3-99-1200.jpg,https://d-telco.github.io/telco/assets/catalog/plan-go-3-99-400.jpg,https://d-telco.github.io/telco/assets/catalog/plan-go-3-99-1600.jpg,D·TELCO,,GO 3.99,"plan,go,prepaid,5g,demo-data"
29-07-2026 16:34,TRUE,9999,59.99,59.99,plan-go-59-99,GO 59.99,"60 GB, 5 GB social media, 1 GB free AI, 3000 min, 1000 SMS, 28 days, free WhatsApp texting",Mobile>Plans>Prepaid GO,D·TELCO,https://d-telco.github.io/telco/product.html?id=plan-go-59-99,https://d-telco.github.io/telco/product.html?id=plan-go-59-99,dtelco://product/plan-go-59-99,https://d-telco.github.io/telco/product.html?id=plan-go-59-99,https://d-telco.github.io/telco/assets/catalog/plan-go-59-99-1200.jpg,https://d-telco.github.io/telco/assets/catalog/plan-go-59-99-400.jpg,https://d-telco.github.io/telco/assets/catalog/plan-go-59-99-1600.jpg,D·TELCO,,GO 59.99,"plan,go,prepaid,5g,demo-data"
04-11-2025 14:40,TRUE,9999,7.99,7.99,plan-go-7-99,GO 7.99,"3 GB, 1 GB free AI, 200 min, 100 SMS, 28 days, free WhatsApp texting",Mobile>Plans>Prepaid GO,D·TELCO,https://d-telco.github.io/telco/product.html?id=plan-go-7-99,https://d-telco.github.io/telco/product.html?id=plan-go-7-99,dtelco://product/plan-go-7-99,https://d-telco.github.io/telco/product.html?id=plan-go-7-99,https://d-telco.github.io/telco/assets/catalog/plan-go-7-99-1200.jpg,https://d-telco.github.io/telco/assets/catalog/plan-go-7-99-400.jpg,https://d-telco.github.io/telco/assets/catalog/plan-go-7-99-1600.jpg,D·TELCO,,GO 7.99,"plan,go,prepaid,5g,demo-data"
03-08-2025 13:23,TRUE,9999,89.99,89.99,plan-go-89-99,GO 89.99,"120 GB, 10 GB social media, 1 GB free AI, unlimited minutes, 2000 SMS, 28 days, free WhatsApp texting",Mobile>Plans>Prepaid GO,D·TELCO,https://d-telco.github.io/telco/product.html?id=plan-go-89-99,https://d-telco.github.io/telco/product.html?id=plan-go-89-99,dtelco://product/plan-go-89-99,https://d-telco.github.io/telco/product.html?id=plan-go-89-99,https://d-telco.github.io/telco/assets/catalog/plan-go-89-99-1200.jpg,https://d-telco.github.io/telco/assets/catalog/plan-go-89-99-400.jpg,https://d-telco.github.io/telco/assets/catalog/plan-go-89-99-1600.jpg,D·TELCO,,GO 89.99,"plan,go,prepaid,5g,demo-data"
01-10-2025 14:51,TRUE,9999,19.99,19.99,plan-go-pro-19-99,GO Pro 19.99,"15 GB, 2 GB social media, 2 GB free AI, 800 min, 400 SMS, 28 days, free WhatsApp texting",Mobile>Plans>Prepaid GO Pro,D·TELCO,https://d-telco.github.io/telco/product.html?id=plan-go-pro-19-99,https://d-telco.github.io/telco/product.html?id=plan-go-pro-19-99,dtelco://product/plan-go-pro-19-99,https://d-telco.github.io/telco/product.html?id=plan-go-pro-19-99,https://d-telco.github.io/telco/assets/catalog/plan-go-pro-19-99-1200.jpg,https://d-telco.github.io/telco/assets/catalog/plan-go-pro-19-99-400.jpg,https://d-telco.github.io/telco/assets/catalog/plan-go-pro-19-99-1600.jpg,D·TELCO,,GO Pro 19.99,"plan,go-pro,prepaid,5g,demo-data"
07-07-2025 18:02,TRUE,9999,34.99,34.99,plan-go-pro-34-99,GO Pro 34.99,"35 GB, 5 GB social media, 2 GB free AI, 2000 min, 600 SMS, 28 days, free WhatsApp texting",Mobile>Plans>Prepaid GO Pro,D·TELCO,https://d-telco.github.io/telco/product.html?id=plan-go-pro-34-99,https://d-telco.github.io/telco/product.html?id=plan-go-pro-34-99,dtelco://product/plan-go-pro-34-99,https://d-telco.github.io/telco/product.html?id=plan-go-pro-34-99,https://d-telco.github.io/telco/assets/catalog/plan-go-pro-34-99-1200.jpg,https://d-telco.github.io/telco/assets/catalog/plan-go-pro-34-99-400.jpg,https://d-telco.github.io/telco/assets/catalog/plan-go-pro-34-99-1600.jpg,D·TELCO,,GO Pro 34.99,"plan,go-pro,prepaid,5g,demo-data"
28-04-2026 12:04,TRUE,9999,49.99,49.99,plan-go-pro-49-99,GO Pro 49.99,"70 GB, 8 GB social media, 3 GB free AI, 4000 min, 1000 SMS, 28 days, free WhatsApp texting",Mobile>Plans>Prepaid GO Pro,D·TELCO,https://d-telco.github.io/telco/product.html?id=plan-go-pro-49-99,https://d-telco.github.io/telco/product.html?id=plan-go-pro-49-99,dtelco://product/plan-go-pro-49-99,https://d-telco.github.io/telco/product.html?id=plan-go-pro-49-99,https://d-telco.github.io/telco/assets/catalog/plan-go-pro-49-99-1200.jpg,https://d-telco.github.io/telco/assets/catalog/plan-go-pro-49-99-400.jpg,https://d-telco.github.io/telco/assets/catalog/plan-go-pro-49-99-1600.jpg,D·TELCO,,GO Pro 49.99,"plan,go-pro,prepaid,5g,demo-data"
18-06-2026 16:11,TRUE,9999,79.99,79.99,plan-go-pro-79-99,GO Pro 79.99,"150 GB, 15 GB social media, 5 GB free AI, unlimited minutes, unlimited SMS, 28 days, free WhatsApp texting",Mobile>Plans>Prepaid GO Pro,D·TELCO,https://d-telco.github.io/telco/product.html?id=plan-go-pro-79-99,https://d-telco.github.io/telco/product.html?id=plan-go-pro-79-99,dtelco://product/plan-go-pro-79-99,https://d-telco.github.io/telco/product.html?id=plan-go-pro-79-99,https://d-telco.github.io/telco/assets/catalog/plan-go-pro-79-99-1200.jpg,https://d-telco.github.io/telco/assets/catalog/plan-go-pro-79-99-400.jpg,https://d-telco.github.io/telco/assets/catalog/plan-go-pro-79-99-1600.jpg,D·TELCO,,GO Pro 79.99,"plan,go-pro,prepaid,5g,demo-data"
06-08-2026 14:35,TRUE,9999,13.00,13.00,plan-klass-13,Klass 13,"8 GB, 1 GB social media, 1 GB free AI, 400 min, 200 SMS, 30 days, free WhatsApp texting",Mobile>Plans>Prepaid Klass,D·TELCO,https://d-telco.github.io/telco/product.html?id=plan-klass-13,https://d-telco.github.io/telco/product.html?id=plan-klass-13,dtelco://product/plan-klass-13,https://d-telco.github.io/telco/product.html?id=plan-klass-13,https://d-telco.github.io/telco/assets/catalog/plan-klass-13-1200.jpg,https://d-telco.github.io/telco/assets/catalog/plan-klass-13-400.jpg,https://d-telco.github.io/telco/assets/catalog/plan-klass-13-1600.jpg,D·TELCO,,Klass 13,"plan,klass,prepaid,5g"
24-12-2025 10:32,TRUE,9999,19.00,19.00,plan-klass-19,Klass 19,"15 GB, 2 GB social media, 1 GB free AI, 800 min, 400 SMS, 30 days, free WhatsApp texting",Mobile>Plans>Prepaid Klass,D·TELCO,https://d-telco.github.io/telco/product.html?id=plan-klass-19,https://d-telco.github.io/telco/product.html?id=plan-klass-19,dtelco://product/plan-klass-19,https://d-telco.github.io/telco/product.html?id=plan-klass-19,https://d-telco.github.io/telco/assets/catalog/plan-klass-19-1200.jpg,https://d-telco.github.io/telco/assets/catalog/plan-klass-19-400.jpg,https://d-telco.github.io/telco/assets/catalog/plan-klass-19-1600.jpg,D·TELCO,,Klass 19,"plan,klass,prepaid,5g"
06-11-2025 16:49,TRUE,9999,31.00,31.00,plan-klass-31,Klass 31,"30 GB, 3 GB social media, 1 GB free AI, 1600 min, 600 SMS, 30 days, free WhatsApp texting",Mobile>Plans>Prepaid Klass,D·TELCO,https://d-telco.github.io/telco/product.html?id=plan-klass-31,https://d-telco.github.io/telco/product.html?id=plan-klass-31,dtelco://product/plan-klass-31,https://d-telco.github.io/telco/product.html?id=plan-klass-31,https://d-telco.github.io/telco/assets/catalog/plan-klass-31-1200.jpg,https://d-telco.github.io/telco/assets/catalog/plan-klass-31-400.jpg,https://d-telco.github.io/telco/assets/catalog/plan-klass-31-1600.jpg,D·TELCO,,Klass 31,"plan,klass,prepaid,5g"
08-09-2025 18:03,TRUE,9999,55.00,55.00,plan-klass-55,Klass 55,"70 GB, 6 GB social media, 2 GB free AI, unlimited minutes, 1000 SMS, 30 days, free WhatsApp texting",Mobile>Plans>Prepaid Klass,D·TELCO,https://d-telco.github.io/telco/product.html?id=plan-klass-55,https://d-telco.github.io/telco/product.html?id=plan-klass-55,dtelco://product/plan-klass-55,https://d-telco.github.io/telco/product.html?id=plan-klass-55,https://d-telco.github.io/telco/assets/catalog/plan-klass-55-1200.jpg,https://d-telco.github.io/telco/assets/catalog/plan-klass-55-400.jpg,https://d-telco.github.io/telco/assets/catalog/plan-klass-55-1600.jpg,D·TELCO,,Klass 55,"plan,klass,prepaid,5g"
28-09-2025 16:38,TRUE,9999,8.00,8.00,plan-klass-8,Klass 8,"4 GB, 1 GB free AI, 200 min, 100 SMS, 30 days, free WhatsApp texting",Mobile>Plans>Prepaid Klass,D·TELCO,https://d-telco.github.io/telco/product.html?id=plan-klass-8,https://d-telco.github.io/telco/product.html?id=plan-klass-8,dtelco://product/plan-klass-8,https://d-telco.github.io/telco/product.html?id=plan-klass-8,https://d-telco.github.io/telco/assets/catalog/plan-klass-8-1200.jpg,https://d-telco.github.io/telco/assets/catalog/plan-klass-8-400.jpg,https://d-telco.github.io/telco/assets/catalog/plan-klass-8-1600.jpg,D·TELCO,,Klass 8,"plan,klass,prepaid,5g"
21-08-2025 14:54,TRUE,9999,5.99,5.99,plan-star-3gb,Star 3 GB,"3 GB, 150 min, 75 SMS, 30 days, free WhatsApp texting",Mobile>Plans>Prepaid Star,D·TELCO,https://d-telco.github.io/telco/product.html?id=plan-star-3gb,https://d-telco.github.io/telco/product.html?id=plan-star-3gb,dtelco://product/plan-star-3gb,https://d-telco.github.io/telco/product.html?id=plan-star-3gb,https://d-telco.github.io/telco/assets/catalog/plan-star-3gb-1200.jpg,https://d-telco.github.io/telco/assets/catalog/plan-star-3gb-400.jpg,https://d-telco.github.io/telco/assets/catalog/plan-star-3gb-1600.jpg,D·TELCO,,Star 3 GB,"plan,star,prepaid,5g,demo-data"
23-06-2026 16:36,TRUE,9999,8.99,8.99,plan-star-5gb,Star 5 GB,"5 GB, 250 min, 125 SMS, 30 days, free WhatsApp texting",Mobile>Plans>Prepaid Star,D·TELCO,https://d-telco.github.io/telco/product.html?id=plan-star-5gb,https://d-telco.github.io/telco/product.html?id=plan-star-5gb,dtelco://product/plan-star-5gb,https://d-telco.github.io/telco/product.html?id=plan-star-5gb,https://d-telco.github.io/telco/assets/catalog/plan-star-5gb-1200.jpg,https://d-telco.github.io/telco/assets/catalog/plan-star-5gb-400.jpg,https://d-telco.github.io/telco/assets/catalog/plan-star-5gb-1600.jpg,D·TELCO,,Star 5 GB,"plan,star,prepaid,5g,demo-data"
08-02-2026 09:47,TRUE,9999,11.99,11.99,plan-star-7gb,Star 7 GB,"7 GB, 1 GB social media, 350 min, 175 SMS, 30 days, free WhatsApp texting",Mobile>Plans>Prepaid Star,D·TELCO,https://d-telco.github.io/telco/product.html?id=plan-star-7gb,https://d-telco.github.io/telco/product.html?id=plan-star-7gb,dtelco://product/plan-star-7gb,https://d-telco.github.io/telco/product.html?id=plan-star-7gb,https://d-telco.github.io/telco/assets/catalog/plan-star-7gb-1200.jpg,https://d-telco.github.io/telco/assets/catalog/plan-star-7gb-400.jpg,https://d-telco.github.io/telco/assets/catalog/plan-star-7gb-1600.jpg,D·TELCO,,Star 7 GB,"plan,star,prepaid,5g,demo-data"
30-03-2025 15:07,TRUE,9999,14.99,14.99,plan-star-9gb,Star 9 GB,"9 GB, 1 GB social media, 450 min, 225 SMS, 30 days, free WhatsApp texting",Mobile>Plans>Prepaid Star,D·TELCO,https://d-telco.github.io/telco/product.html?id=plan-star-9gb,https://d-telco.github.io/telco/product.html?id=plan-star-9gb,dtelco://product/plan-star-9gb,https://d-telco.github.io/telco/product.html?id=plan-star-9gb,https://d-telco.github.io/telco/assets/catalog/plan-star-9gb-1200.jpg,https://d-telco.github.io/telco/assets/catalog/plan-star-9gb-400.jpg,https://d-telco.github.io/telco/assets/catalog/plan-star-9gb-1600.jpg,D·TELCO,,Star 9 GB,"plan,star,prepaid,5g,demo-data"
28-02-2026 17:52,TRUE,9999,19.99,19.99,plan-star-pro-17gb,Star Pro 17 GB,"17 GB, 2 GB social media, 1 GB free AI, 600 min, 300 SMS, 30 days, free WhatsApp texting",Mobile>Plans>Prepaid Star Pro,D·TELCO,https://d-telco.github.io/telco/product.html?id=plan-star-pro-17gb,https://d-telco.github.io/telco/product.html?id=plan-star-pro-17gb,dtelco://product/plan-star-pro-17gb,https://d-telco.github.io/telco/product.html?id=plan-star-pro-17gb,https://d-telco.github.io/telco/assets/catalog/plan-star-pro-17gb-1200.jpg,https://d-telco.github.io/telco/assets/catalog/plan-star-pro-17gb-400.jpg,https://d-telco.github.io/telco/assets/catalog/plan-star-pro-17gb-1600.jpg,D·TELCO,,Star Pro 17 GB,"plan,star-pro,prepaid,5g,demo-data"
06-04-2025 14:54,TRUE,9999,27.99,27.99,plan-star-pro-27gb,Star Pro 27 GB,"27 GB, 3 GB social media, 1 GB free AI, 900 min, 450 SMS, 30 days, free WhatsApp texting",Mobile>Plans>Prepaid Star Pro,D·TELCO,https://d-telco.github.io/telco/product.html?id=plan-star-pro-27gb,https://d-telco.github.io/telco/product.html?id=plan-star-pro-27gb,dtelco://product/plan-star-pro-27gb,https://d-telco.github.io/telco/product.html?id=plan-star-pro-27gb,https://d-telco.github.io/telco/assets/catalog/plan-star-pro-27gb-1200.jpg,https://d-telco.github.io/telco/assets/catalog/plan-star-pro-27gb-400.jpg,https://d-telco.github.io/telco/assets/catalog/plan-star-pro-27gb-1600.jpg,D·TELCO,,Star Pro 27 GB,"plan,star-pro,prepaid,5g,demo-data"
15-07-2026 11:51,TRUE,9999,37.99,37.99,plan-star-pro-40gb,Star Pro 40 GB,"40 GB, 4 GB social media, 1 GB free AI, 1200 min, 600 SMS, 30 days, free WhatsApp texting",Mobile>Plans>Prepaid Star Pro,D·TELCO,https://d-telco.github.io/telco/product.html?id=plan-star-pro-40gb,https://d-telco.github.io/telco/product.html?id=plan-star-pro-40gb,dtelco://product/plan-star-pro-40gb,https://d-telco.github.io/telco/product.html?id=plan-star-pro-40gb,https://d-telco.github.io/telco/assets/catalog/plan-star-pro-40gb-1200.jpg,https://d-telco.github.io/telco/assets/catalog/plan-star-pro-40gb-400.jpg,https://d-telco.github.io/telco/assets/catalog/plan-star-pro-40gb-1600.jpg,D·TELCO,,Star Pro 40 GB,"plan,star-pro,prepaid,5g,demo-data"
24-04-2026 13:29,TRUE,9999,49.99,49.99,plan-star-pro-60gb,Star Pro 60 GB,"60 GB, 6 GB social media, 2 GB free AI, 2000 min, 800 SMS, 30 days, free WhatsApp texting",Mobile>Plans>Prepaid Star Pro,D·TELCO,https://d-telco.github.io/telco/product.html?id=plan-star-pro-60gb,https://d-telco.github.io/telco/product.html?id=plan-star-pro-60gb,dtelco://product/plan-star-pro-60gb,https://d-telco.github.io/telco/product.html?id=plan-star-pro-60gb,https://d-telco.github.io/telco/assets/catalog/plan-star-pro-60gb-1200.jpg,https://d-telco.github.io/telco/assets/catalog/plan-star-pro-60gb-400.jpg,https://d-telco.github.io/telco/assets/catalog/plan-star-pro-60gb-1600.jpg,D·TELCO,,Star Pro 60 GB,"plan,star-pro,prepaid,5g,demo-data"
26-09-2025 18:57,TRUE,9999,64.99,64.99,plan-star-pro-80gb,Star Pro 80 GB,"80 GB, 8 GB social media, 2 GB free AI, 3000 min, 1000 SMS, 30 days, free WhatsApp texting",Mobile>Plans>Prepaid Star Pro,D·TELCO,https://d-telco.github.io/telco/product.html?id=plan-star-pro-80gb,https://d-telco.github.io/telco/product.html?id=plan-star-pro-80gb,dtelco://product/plan-star-pro-80gb,https://d-telco.github.io/telco/product.html?id=plan-star-pro-80gb,https://d-telco.github.io/telco/assets/catalog/plan-star-pro-80gb-1200.jpg,https://d-telco.github.io/telco/assets/catalog/plan-star-pro-80gb-400.jpg,https://d-telco.github.io/telco/assets/catalog/plan-star-pro-80gb-1600.jpg,D·TELCO,,Star Pro 80 GB,"plan,star-pro,prepaid,5g,demo-data"
22-06-2026 17:15,TRUE,9999,69.99,69.99,roam-allin-europe-14d,"Europe all in one, 14 days","Data, minutes and SMS in Europe for 14 days",Mobile>Roaming>All-in-one,D·TELCO,https://d-telco.github.io/telco/product.html?id=roam-allin-europe-14d,https://d-telco.github.io/telco/product.html?id=roam-allin-europe-14d,dtelco://product/roam-allin-europe-14d,https://d-telco.github.io/telco/product.html?id=roam-allin-europe-14d,https://d-telco.github.io/telco/assets/catalog/roam-allin-europe-14d-1200.jpg,https://d-telco.github.io/telco/assets/catalog/roam-allin-europe-14d-400.jpg,https://d-telco.github.io/telco/assets/catalog/roam-allin-europe-14d-1600.jpg,D·TELCO,,"Europe all in one, 14 days","roaming,all-in-one,europe,demo-data"
16-03-2026 11:47,TRUE,9999,41.99,41.99,roam-allin-europe-7d,"Europe all in one, 7 days","Data, minutes and SMS in Europe for 7 days",Mobile>Roaming>All-in-one,D·TELCO,https://d-telco.github.io/telco/product.html?id=roam-allin-europe-7d,https://d-telco.github.io/telco/product.html?id=roam-allin-europe-7d,dtelco://product/roam-allin-europe-7d,https://d-telco.github.io/telco/product.html?id=roam-allin-europe-7d,https://d-telco.github.io/telco/assets/catalog/roam-allin-europe-7d-1200.jpg,https://d-telco.github.io/telco/assets/catalog/roam-allin-europe-7d-400.jpg,https://d-telco.github.io/telco/assets/catalog/roam-allin-europe-7d-1600.jpg,D·TELCO,,"Europe all in one, 7 days","roaming,all-in-one,europe,demo-data"
19-02-2026 15:31,TRUE,9999,49.99,49.99,roam-allin-tr-cis-14d,"Turkiye and CIS all in one, 14 days","Data, minutes and SMS in Turkiye and CIS for 14 days",Mobile>Roaming>All-in-one,D·TELCO,https://d-telco.github.io/telco/product.html?id=roam-allin-tr-cis-14d,https://d-telco.github.io/telco/product.html?id=roam-allin-tr-cis-14d,dtelco://product/roam-allin-tr-cis-14d,https://d-telco.github.io/telco/product.html?id=roam-allin-tr-cis-14d,https://d-telco.github.io/telco/assets/catalog/roam-allin-tr-cis-14d-1200.jpg,https://d-telco.github.io/telco/assets/catalog/roam-allin-tr-cis-14d-400.jpg,https://d-telco.github.io/telco/assets/catalog/roam-allin-tr-cis-14d-1600.jpg,D·TELCO,,"Turkiye and CIS all in one, 14 days","roaming,all-in-one,tr-cis,demo-data"
28-04-2025 18:46,TRUE,9999,29.99,29.99,roam-allin-tr-cis-7d,"Turkiye and CIS all in one, 7 days","Data, minutes and SMS in Turkiye and CIS for 7 days",Mobile>Roaming>All-in-one,D·TELCO,https://d-telco.github.io/telco/product.html?id=roam-allin-tr-cis-7d,https://d-telco.github.io/telco/product.html?id=roam-allin-tr-cis-7d,dtelco://product/roam-allin-tr-cis-7d,https://d-telco.github.io/telco/product.html?id=roam-allin-tr-cis-7d,https://d-telco.github.io/telco/assets/catalog/roam-allin-tr-cis-7d-1200.jpg,https://d-telco.github.io/telco/assets/catalog/roam-allin-tr-cis-7d-400.jpg,https://d-telco.github.io/telco/assets/catalog/roam-allin-tr-cis-7d-1600.jpg,D·TELCO,,"Turkiye and CIS all in one, 7 days","roaming,all-in-one,tr-cis,demo-data"
24-04-2026 14:14,TRUE,9999,99.98,99.98,roam-allin-world-14d,"World all in one, 14 days","Data, minutes and SMS in World for 14 days",Mobile>Roaming>All-in-one,D·TELCO,https://d-telco.github.io/telco/product.html?id=roam-allin-world-14d,https://d-telco.github.io/telco/product.html?id=roam-allin-world-14d,dtelco://product/roam-allin-world-14d,https://d-telco.github.io/telco/product.html?id=roam-allin-world-14d,https://d-telco.github.io/telco/assets/catalog/roam-allin-world-14d-1200.jpg,https://d-telco.github.io/telco/assets/catalog/roam-allin-world-14d-400.jpg,https://d-telco.github.io/telco/assets/catalog/roam-allin-world-14d-1600.jpg,D·TELCO,,"World all in one, 14 days","roaming,all-in-one,world,demo-data"
10-07-2025 18:16,TRUE,9999,59.98,59.98,roam-allin-world-7d,"World all in one, 7 days","Data, minutes and SMS in World for 7 days",Mobile>Roaming>All-in-one,D·TELCO,https://d-telco.github.io/telco/product.html?id=roam-allin-world-7d,https://d-telco.github.io/telco/product.html?id=roam-allin-world-7d,dtelco://product/roam-allin-world-7d,https://d-telco.github.io/telco/product.html?id=roam-allin-world-7d,https://d-telco.github.io/telco/assets/catalog/roam-allin-world-7d-1200.jpg,https://d-telco.github.io/telco/assets/catalog/roam-allin-world-7d-400.jpg,https://d-telco.github.io/telco/assets/catalog/roam-allin-world-7d-1600.jpg,D·TELCO,,"World all in one, 7 days","roaming,all-in-one,world,demo-data"
16-05-2025 14:58,TRUE,9999,31.99,31.99,roam-call-120,120 roaming minutes,"120 roaming minutes in any roaming zone, 30 days",Mobile>Roaming>Calls and SMS,D·TELCO,https://d-telco.github.io/telco/product.html?id=roam-call-120,https://d-telco.github.io/telco/product.html?id=roam-call-120,dtelco://product/roam-call-120,https://d-telco.github.io/telco/product.html?id=roam-call-120,https://d-telco.github.io/telco/assets/catalog/roam-call-120-1200.jpg,https://d-telco.github.io/telco/assets/catalog/roam-call-120-400.jpg,https://d-telco.github.io/telco/assets/catalog/roam-call-120-1600.jpg,D·TELCO,,120 roaming minutes,"roaming,calls,demo-data"
18-12-2025 18:28,TRUE,9999,9.99,9.99,roam-call-30,30 roaming minutes,"30 roaming minutes in any roaming zone, 30 days",Mobile>Roaming>Calls and SMS,D·TELCO,https://d-telco.github.io/telco/product.html?id=roam-call-30,https://d-telco.github.io/telco/product.html?id=roam-call-30,dtelco://product/roam-call-30,https://d-telco.github.io/telco/product.html?id=roam-call-30,https://d-telco.github.io/telco/assets/catalog/roam-call-30-1200.jpg,https://d-telco.github.io/telco/assets/catalog/roam-call-30-400.jpg,https://d-telco.github.io/telco/assets/catalog/roam-call-30-1600.jpg,D·TELCO,,30 roaming minutes,"roaming,calls,demo-data"
08-11-2025 18:45,TRUE,9999,69.99,69.99,roam-call-300,300 roaming minutes,"300 roaming minutes in any roaming zone, 30 days",Mobile>Roaming>Calls and SMS,D·TELCO,https://d-telco.github.io/telco/product.html?id=roam-call-300,https://d-telco.github.io/telco/product.html?id=roam-call-300,dtelco://product/roam-call-300,https://d-telco.github.io/telco/product.html?id=roam-call-300,https://d-telco.github.io/telco/assets/catalog/roam-call-300-1200.jpg,https://d-telco.github.io/telco/assets/catalog/roam-call-300-400.jpg,https://d-telco.github.io/telco/assets/catalog/roam-call-300-1600.jpg,D·TELCO,,300 roaming minutes,"roaming,calls,demo-data"
11-03-2026 10:28,TRUE,9999,17.99,17.99,roam-call-60,60 roaming minutes,"60 roaming minutes in any roaming zone, 30 days",Mobile>Roaming>Calls and SMS,D·TELCO,https://d-telco.github.io/telco/product.html?id=roam-call-60,https://d-telco.github.io/telco/product.html?id=roam-call-60,dtelco://product/roam-call-60,https://d-telco.github.io/telco/product.html?id=roam-call-60,https://d-telco.github.io/telco/assets/catalog/roam-call-60-1200.jpg,https://d-telco.github.io/telco/assets/catalog/roam-call-60-400.jpg,https://d-telco.github.io/telco/assets/catalog/roam-call-60-1600.jpg,D·TELCO,,60 roaming minutes,"roaming,calls,demo-data"
27-07-2025 15:47,TRUE,9999,15.99,15.99,roam-sms-100,100 roaming SMS,"100 roaming SMS in any roaming zone, 30 days",Mobile>Roaming>Calls and SMS,D·TELCO,https://d-telco.github.io/telco/product.html?id=roam-sms-100,https://d-telco.github.io/telco/product.html?id=roam-sms-100,dtelco://product/roam-sms-100,https://d-telco.github.io/telco/product.html?id=roam-sms-100,https://d-telco.github.io/telco/assets/catalog/roam-sms-100-1200.jpg,https://d-telco.github.io/telco/assets/catalog/roam-sms-100-400.jpg,https://d-telco.github.io/telco/assets/catalog/roam-sms-100-1600.jpg,D·TELCO,,100 roaming SMS,"roaming,sms,demo-data"
23-11-2025 09:03,TRUE,9999,3.99,3.99,roam-sms-20,20 roaming SMS,"20 roaming SMS in any roaming zone, 30 days",Mobile>Roaming>Calls and SMS,D·TELCO,https://d-telco.github.io/telco/product.html?id=roam-sms-20,https://d-telco.github.io/telco/product.html?id=roam-sms-20,dtelco://product/roam-sms-20,https://d-telco.github.io/telco/product.html?id=roam-sms-20,https://d-telco.github.io/telco/assets/catalog/roam-sms-20-1200.jpg,https://d-telco.github.io/telco/assets/catalog/roam-sms-20-400.jpg,https://d-telco.github.io/telco/assets/catalog/roam-sms-20-1600.jpg,D·TELCO,,20 roaming SMS,"roaming,sms,demo-data"
17-04-2026 09:50,TRUE,9999,8.99,8.99,roam-sms-50,50 roaming SMS,"50 roaming SMS in any roaming zone, 30 days",Mobile>Roaming>Calls and SMS,D·TELCO,https://d-telco.github.io/telco/product.html?id=roam-sms-50,https://d-telco.github.io/telco/product.html?id=roam-sms-50,dtelco://product/roam-sms-50,https://d-telco.github.io/telco/product.html?id=roam-sms-50,https://d-telco.github.io/telco/assets/catalog/roam-sms-50-1200.jpg,https://d-telco.github.io/telco/assets/catalog/roam-sms-50-400.jpg,https://d-telco.github.io/telco/assets/catalog/roam-sms-50-1600.jpg,D·TELCO,,50 roaming SMS,"roaming,sms,demo-data"
22-05-2025 16:10,TRUE,9999,11.19,11.19,roam-europe-1gb,Europe roaming 1 GB,1 GB of data while roaming in Europe,Mobile>Roaming>Internet,D·TELCO,https://d-telco.github.io/telco/product.html?id=roam-europe-1gb,https://d-telco.github.io/telco/product.html?id=roam-europe-1gb,dtelco://product/roam-europe-1gb,https://d-telco.github.io/telco/product.html?id=roam-europe-1gb,https://d-telco.github.io/telco/assets/catalog/roam-europe-1gb-1200.jpg,https://d-telco.github.io/telco/assets/catalog/roam-europe-1gb-400.jpg,https://d-telco.github.io/telco/assets/catalog/roam-europe-1gb-1600.jpg,D·TELCO,,Europe roaming 1 GB,"roaming,internet,europe,demo-data"
08-11-2025 10:08,TRUE,9999,25.19,25.19,roam-europe-3gb,Europe roaming 3 GB,3 GB of data while roaming in Europe,Mobile>Roaming>Internet,D·TELCO,https://d-telco.github.io/telco/product.html?id=roam-europe-3gb,https://d-telco.github.io/telco/product.html?id=roam-europe-3gb,dtelco://product/roam-europe-3gb,https://d-telco.github.io/telco/product.html?id=roam-europe-3gb,https://d-telco.github.io/telco/assets/catalog/roam-europe-3gb-1200.jpg,https://d-telco.github.io/telco/assets/catalog/roam-europe-3gb-400.jpg,https://d-telco.github.io/telco/assets/catalog/roam-europe-3gb-1600.jpg,D·TELCO,,Europe roaming 3 GB,"roaming,internet,europe,demo-data"
11-02-2026 14:30,TRUE,9999,6.99,6.99,roam-europe-500mb,Europe roaming 500 MB,500 MB of data while roaming in Europe,Mobile>Roaming>Internet,D·TELCO,https://d-telco.github.io/telco/product.html?id=roam-europe-500mb,https://d-telco.github.io/telco/product.html?id=roam-europe-500mb,dtelco://product/roam-europe-500mb,https://d-telco.github.io/telco/product.html?id=roam-europe-500mb,https://d-telco.github.io/telco/assets/catalog/roam-europe-500mb-1200.jpg,https://d-telco.github.io/telco/assets/catalog/roam-europe-500mb-400.jpg,https://d-telco.github.io/telco/assets/catalog/roam-europe-500mb-1600.jpg,D·TELCO,,Europe roaming 500 MB,"roaming,internet,europe,demo-data"
01-01-2026 15:45,TRUE,9999,34.99,34.99,roam-europe-5gb,Europe roaming 5 GB,5 GB of data while roaming in Europe,Mobile>Roaming>Internet,D·TELCO,https://d-telco.github.io/telco/product.html?id=roam-europe-5gb,https://d-telco.github.io/telco/product.html?id=roam-europe-5gb,dtelco://product/roam-europe-5gb,https://d-telco.github.io/telco/product.html?id=roam-europe-5gb,https://d-telco.github.io/telco/assets/catalog/roam-europe-5gb-1200.jpg,https://d-telco.github.io/telco/assets/catalog/roam-europe-5gb-400.jpg,https://d-telco.github.io/telco/assets/catalog/roam-europe-5gb-1600.jpg,D·TELCO,,Europe roaming 5 GB,"roaming,internet,europe,demo-data"
10-05-2025 14:00,TRUE,9999,7.99,7.99,roam-tr-cis-1gb,Turkiye and CIS roaming 1 GB,1 GB of data while roaming in Turkiye and CIS,Mobile>Roaming>Internet,D·TELCO,https://d-telco.github.io/telco/product.html?id=roam-tr-cis-1gb,https://d-telco.github.io/telco/product.html?id=roam-tr-cis-1gb,dtelco://product/roam-tr-cis-1gb,https://d-telco.github.io/telco/product.html?id=roam-tr-cis-1gb,https://d-telco.github.io/telco/assets/catalog/roam-tr-cis-1gb-1200.jpg,https://d-telco.github.io/telco/assets/catalog/roam-tr-cis-1gb-400.jpg,https://d-telco.github.io/telco/assets/catalog/roam-tr-cis-1gb-1600.jpg,D·TELCO,,Turkiye and CIS roaming 1 GB,"roaming,internet,tr-cis,demo-data"
16-01-2026 12:30,TRUE,9999,17.99,17.99,roam-tr-cis-3gb,Turkiye and CIS roaming 3 GB,3 GB of data while roaming in Turkiye and CIS,Mobile>Roaming>Internet,D·TELCO,https://d-telco.github.io/telco/product.html?id=roam-tr-cis-3gb,https://d-telco.github.io/telco/product.html?id=roam-tr-cis-3gb,dtelco://product/roam-tr-cis-3gb,https://d-telco.github.io/telco/product.html?id=roam-tr-cis-3gb,https://d-telco.github.io/telco/assets/catalog/roam-tr-cis-3gb-1200.jpg,https://d-telco.github.io/telco/assets/catalog/roam-tr-cis-3gb-400.jpg,https://d-telco.github.io/telco/assets/catalog/roam-tr-cis-3gb-1600.jpg,D·TELCO,,Turkiye and CIS roaming 3 GB,"roaming,internet,tr-cis,demo-data"
06-03-2025 16:34,TRUE,9999,4.99,4.99,roam-tr-cis-500mb,Turkiye and CIS roaming 500 MB,500 MB of data while roaming in Turkiye and CIS,Mobile>Roaming>Internet,D·TELCO,https://d-telco.github.io/telco/product.html?id=roam-tr-cis-500mb,https://d-telco.github.io/telco/product.html?id=roam-tr-cis-500mb,dtelco://product/roam-tr-cis-500mb,https://d-telco.github.io/telco/product.html?id=roam-tr-cis-500mb,https://d-telco.github.io/telco/assets/catalog/roam-tr-cis-500mb-1200.jpg,https://d-telco.github.io/telco/assets/catalog/roam-tr-cis-500mb-400.jpg,https://d-telco.github.io/telco/assets/catalog/roam-tr-cis-500mb-1600.jpg,D·TELCO,,Turkiye and CIS roaming 500 MB,"roaming,internet,tr-cis,demo-data"
15-05-2025 14:29,TRUE,9999,24.99,24.99,roam-tr-cis-5gb,Turkiye and CIS roaming 5 GB,5 GB of data while roaming in Turkiye and CIS,Mobile>Roaming>Internet,D·TELCO,https://d-telco.github.io/telco/product.html?id=roam-tr-cis-5gb,https://d-telco.github.io/telco/product.html?id=roam-tr-cis-5gb,dtelco://product/roam-tr-cis-5gb,https://d-telco.github.io/telco/product.html?id=roam-tr-cis-5gb,https://d-telco.github.io/telco/assets/catalog/roam-tr-cis-5gb-1200.jpg,https://d-telco.github.io/telco/assets/catalog/roam-tr-cis-5gb-400.jpg,https://d-telco.github.io/telco/assets/catalog/roam-tr-cis-5gb-1600.jpg,D·TELCO,,Turkiye and CIS roaming 5 GB,"roaming,internet,tr-cis,demo-data"
18-07-2025 09:02,TRUE,9999,15.98,15.98,roam-world-1gb,World roaming 1 GB,1 GB of data while roaming in World,Mobile>Roaming>Internet,D·TELCO,https://d-telco.github.io/telco/product.html?id=roam-world-1gb,https://d-telco.github.io/telco/product.html?id=roam-world-1gb,dtelco://product/roam-world-1gb,https://d-telco.github.io/telco/product.html?id=roam-world-1gb,https://d-telco.github.io/telco/assets/catalog/roam-world-1gb-1200.jpg,https://d-telco.github.io/telco/assets/catalog/roam-world-1gb-400.jpg,https://d-telco.github.io/telco/assets/catalog/roam-world-1gb-1600.jpg,D·TELCO,,World roaming 1 GB,"roaming,internet,world,demo-data"
09-08-2025 17:47,TRUE,9999,35.98,35.98,roam-world-3gb,World roaming 3 GB,3 GB of data while roaming in World,Mobile>Roaming>Internet,D·TELCO,https://d-telco.github.io/telco/product.html?id=roam-world-3gb,https://d-telco.github.io/telco/product.html?id=roam-world-3gb,dtelco://product/roam-world-3gb,https://d-telco.github.io/telco/product.html?id=roam-world-3gb,https://d-telco.github.io/telco/assets/catalog/roam-world-3gb-1200.jpg,https://d-telco.github.io/telco/assets/catalog/roam-world-3gb-400.jpg,https://d-telco.github.io/telco/assets/catalog/roam-world-3gb-1600.jpg,D·TELCO,,World roaming 3 GB,"roaming,internet,world,demo-data"
22-07-2025 12:43,TRUE,9999,9.98,9.98,roam-world-500mb,World roaming 500 MB,500 MB of data while roaming in World,Mobile>Roaming>Internet,D·TELCO,https://d-telco.github.io/telco/product.html?id=roam-world-500mb,https://d-telco.github.io/telco/product.html?id=roam-world-500mb,dtelco://product/roam-world-500mb,https://d-telco.github.io/telco/product.html?id=roam-world-500mb,https://d-telco.github.io/telco/assets/catalog/roam-world-500mb-1200.jpg,https://d-telco.github.io/telco/assets/catalog/roam-world-500mb-400.jpg,https://d-telco.github.io/telco/assets/catalog/roam-world-500mb-1600.jpg,D·TELCO,,World roaming 500 MB,"roaming,internet,world,demo-data"
23-04-2025 18:24,TRUE,9999,49.98,49.98,roam-world-5gb,World roaming 5 GB,5 GB of data while roaming in World,Mobile>Roaming>Internet,D·TELCO,https://d-telco.github.io/telco/product.html?id=roam-world-5gb,https://d-telco.github.io/telco/product.html?id=roam-world-5gb,dtelco://product/roam-world-5gb,https://d-telco.github.io/telco/product.html?id=roam-world-5gb,https://d-telco.github.io/telco/assets/catalog/roam-world-5gb-1200.jpg,https://d-telco.github.io/telco/assets/catalog/roam-world-5gb-400.jpg,https://d-telco.github.io/telco/assets/catalog/roam-world-5gb-1600.jpg,D·TELCO,,World roaming 5 GB,"roaming,internet,world,demo-data"
23-10-2025 17:03,TRUE,9999,12.99,12.99,roam-travelsim,TravelSIM,"A local data SIM for your destination, delivered before you fly",Mobile>Roaming>TravelSIM,D·TELCO,https://d-telco.github.io/telco/product.html?id=roam-travelsim,https://d-telco.github.io/telco/product.html?id=roam-travelsim,dtelco://product/roam-travelsim,https://d-telco.github.io/telco/product.html?id=roam-travelsim,https://d-telco.github.io/telco/assets/catalog/roam-travelsim-1200.jpg,https://d-telco.github.io/telco/assets/catalog/roam-travelsim-400.jpg,https://d-telco.github.io/telco/assets/catalog/roam-travelsim-1600.jpg,D·TELCO,,TravelSIM,"roaming,travelsim,esim-capable,demo-data"
13-06-2025 12:23,TRUE,9999,0.00,0.00,svc-be-my-guest,Be My Guest,"Be My Guest, free of charge",Mobile>Services>Calls,D·TELCO,https://d-telco.github.io/telco/product.html?id=svc-be-my-guest,https://d-telco.github.io/telco/product.html?id=svc-be-my-guest,dtelco://product/svc-be-my-guest,https://d-telco.github.io/telco/product.html?id=svc-be-my-guest,https://d-telco.github.io/telco/assets/catalog/svc-be-my-guest-1200.jpg,https://d-telco.github.io/telco/assets/catalog/svc-be-my-guest-400.jpg,https://d-telco.github.io/telco/assets/catalog/svc-be-my-guest-1600.jpg,D·TELCO,,Be My Guest,"service,calls,free,demo-data"
08-06-2025 16:30,TRUE,9999,0.79,0.79,svc-call-divert,Call Divert,"Call Divert, 0.79 per month",Mobile>Services>Calls,D·TELCO,https://d-telco.github.io/telco/product.html?id=svc-call-divert,https://d-telco.github.io/telco/product.html?id=svc-call-divert,dtelco://product/svc-call-divert,https://d-telco.github.io/telco/product.html?id=svc-call-divert,https://d-telco.github.io/telco/assets/catalog/svc-call-divert-1200.jpg,https://d-telco.github.io/telco/assets/catalog/svc-call-divert-400.jpg,https://d-telco.github.io/telco/assets/catalog/svc-call-divert-1600.jpg,D·TELCO,,Call Divert,"service,calls,paid,demo-data"
02-03-2026 15:42,TRUE,9999,0.00,0.00,svc-call-sms-barring,Call and SMS barring,"Call and SMS barring, free of charge",Mobile>Services>Calls,D·TELCO,https://d-telco.github.io/telco/product.html?id=svc-call-sms-barring,https://d-telco.github.io/telco/product.html?id=svc-call-sms-barring,dtelco://product/svc-call-sms-barring,https://d-telco.github.io/telco/product.html?id=svc-call-sms-barring,https://d-telco.github.io/telco/assets/catalog/svc-call-sms-barring-1200.jpg,https://d-telco.github.io/telco/assets/catalog/svc-call-sms-barring-400.jpg,https://d-telco.github.io/telco/assets/catalog/svc-call-sms-barring-1600.jpg,D·TELCO,,Call and SMS barring,"service,calls,free,demo-data"
11-10-2025 10:11,TRUE,9999,0.00,0.00,svc-call-waiting,Call Waiting,"Call Waiting, free of charge",Mobile>Services>Calls,D·TELCO,https://d-telco.github.io/telco/product.html?id=svc-call-waiting,https://d-telco.github.io/telco/product.html?id=svc-call-waiting,dtelco://product/svc-call-waiting,https://d-telco.github.io/telco/product.html?id=svc-call-waiting,https://d-telco.github.io/telco/assets/catalog/svc-call-waiting-1200.jpg,https://d-telco.github.io/telco/assets/catalog/svc-call-waiting-400.jpg,https://d-telco.github.io/telco/assets/catalog/svc-call-waiting-1600.jpg,D·TELCO,,Call Waiting,"service,calls,free,demo-data"
23-02-2026 14:23,TRUE,9999,1.99,1.99,svc-caller-tunes,Caller Tunes,"Caller Tunes, 1.99 per month",Mobile>Services>Calls,D·TELCO,https://d-telco.github.io/telco/product.html?id=svc-caller-tunes,https://d-telco.github.io/telco/product.html?id=svc-caller-tunes,dtelco://product/svc-caller-tunes,https://d-telco.github.io/telco/product.html?id=svc-caller-tunes,https://d-telco.github.io/telco/assets/catalog/svc-caller-tunes-1200.jpg,https://d-telco.github.io/telco/assets/catalog/svc-caller-tunes-400.jpg,https://d-telco.github.io/telco/assets/catalog/svc-caller-tunes-1600.jpg,D·TELCO,,Caller Tunes,"service,calls,paid,demo-data"
20-08-2025 17:25,TRUE,9999,1.49,1.49,svc-conference-call,Conference call,"Conference call, 1.49 per month",Mobile>Services>Calls,D·TELCO,https://d-telco.github.io/telco/product.html?id=svc-conference-call,https://d-telco.github.io/telco/product.html?id=svc-conference-call,dtelco://product/svc-conference-call,https://d-telco.github.io/telco/product.html?id=svc-conference-call,https://d-telco.github.io/telco/assets/catalog/svc-conference-call-1200.jpg,https://d-telco.github.io/telco/assets/catalog/svc-conference-call-400.jpg,https://d-telco.github.io/telco/assets/catalog/svc-conference-call-1600.jpg,D·TELCO,,Conference call,"service,calls,paid,demo-data"
10-07-2026 17:44,TRUE,9999,0.99,0.99,svc-dialing-rule,The dialing rule,"The dialing rule, 0.99 per month",Mobile>Services>Calls,D·TELCO,https://d-telco.github.io/telco/product.html?id=svc-dialing-rule,https://d-telco.github.io/telco/product.html?id=svc-dialing-rule,dtelco://product/svc-dialing-rule,https://d-telco.github.io/telco/product.html?id=svc-dialing-rule,https://d-telco.github.io/telco/assets/catalog/svc-dialing-rule-1200.jpg,https://d-telco.github.io/telco/assets/catalog/svc-dialing-rule-400.jpg,https://d-telco.github.io/telco/assets/catalog/svc-dialing-rule-1600.jpg,D·TELCO,,The dialing rule,"service,calls,paid,demo-data"
13-08-2025 15:23,TRUE,9999,1.29,1.29,svc-hidden-number,Hidden Number,"Hidden Number, 1.29 per month",Mobile>Services>Calls,D·TELCO,https://d-telco.github.io/telco/product.html?id=svc-hidden-number,https://d-telco.github.io/telco/product.html?id=svc-hidden-number,dtelco://product/svc-hidden-number,https://d-telco.github.io/telco/product.html?id=svc-hidden-number,https://d-telco.github.io/telco/assets/catalog/svc-hidden-number-1200.jpg,https://d-telco.github.io/telco/assets/catalog/svc-hidden-number-400.jpg,https://d-telco.github.io/telco/assets/catalog/svc-hidden-number-1600.jpg,D·TELCO,,Hidden Number,"service,calls,paid,demo-data"
05-06-2026 16:41,TRUE,9999,0.00,0.00,svc-i-am-back,I Am Back,"I Am Back, free of charge",Mobile>Services>Calls,D·TELCO,https://d-telco.github.io/telco/product.html?id=svc-i-am-back,https://d-telco.github.io/telco/product.html?id=svc-i-am-back,dtelco://product/svc-i-am-back,https://d-telco.github.io/telco/product.html?id=svc-i-am-back,https://d-telco.github.io/telco/assets/catalog/svc-i-am-back-1200.jpg,https://d-telco.github.io/telco/assets/catalog/svc-i-am-back-400.jpg,https://d-telco.github.io/telco/assets/catalog/svc-i-am-back-1600.jpg,D·TELCO,,I Am Back,"service,calls,free,demo-data"
28-09-2025 13:12,TRUE,9999,0.00,0.00,svc-i-called-you,I Called You,"I Called You, free of charge",Mobile>Services>Calls,D·TELCO,https://d-telco.github.io/telco/product.html?id=svc-i-called-you,https://d-telco.github.io/telco/product.html?id=svc-i-called-you,dtelco://product/svc-i-called-you,https://d-telco.github.io/telco/product.html?id=svc-i-called-you,https://d-telco.github.io/telco/assets/catalog/svc-i-called-you-1200.jpg,https://d-telco.github.io/telco/assets/catalog/svc-i-called-you-400.jpg,https://d-telco.github.io/telco/assets/catalog/svc-i-called-you-1600.jpg,D·TELCO,,I Called You,"service,calls,free,demo-data"
30-05-2025 14:58,TRUE,9999,0.00,0.00,svc-owner-of-my-number,Owner of my number,"Owner of my number, free of charge",Mobile>Services>Calls,D·TELCO,https://d-telco.github.io/telco/product.html?id=svc-owner-of-my-number,https://d-telco.github.io/telco/product.html?id=svc-owner-of-my-number,dtelco://product/svc-owner-of-my-number,https://d-telco.github.io/telco/product.html?id=svc-owner-of-my-number,https://d-telco.github.io/telco/assets/catalog/svc-owner-of-my-number-1200.jpg,https://d-telco.github.io/telco/assets/catalog/svc-owner-of-my-number-400.jpg,https://d-telco.github.io/telco/assets/catalog/svc-owner-of-my-number-1600.jpg,D·TELCO,,Owner of my number,"service,calls,free,demo-data"
25-09-2025 15:23,TRUE,9999,0.99,0.99,svc-voice-mail,Voice Mail,"Voice Mail, 0.99 per month",Mobile>Services>Calls,D·TELCO,https://d-telco.github.io/telco/product.html?id=svc-voice-mail,https://d-telco.github.io/telco/product.html?id=svc-voice-mail,dtelco://product/svc-voice-mail,https://d-telco.github.io/telco/product.html?id=svc-voice-mail,https://d-telco.github.io/telco/assets/catalog/svc-voice-mail-1200.jpg,https://d-telco.github.io/telco/assets/catalog/svc-voice-mail-400.jpg,https://d-telco.github.io/telco/assets/catalog/svc-voice-mail-1600.jpg,D·TELCO,,Voice Mail,"service,calls,paid,demo-data"
18-04-2026 15:01,TRUE,37,149.00,149.00,acc-buds-airpods-4,AirPods 4,AirPods 4. Fits straight out of the box.,Shop>Accessories,Apple,https://d-telco.github.io/telco/product.html?id=acc-buds-airpods-4,https://d-telco.github.io/telco/product.html?id=acc-buds-airpods-4,dtelco://product/acc-buds-airpods-4,https://d-telco.github.io/telco/product.html?id=acc-buds-airpods-4,https://d-telco.github.io/telco/assets/catalog/acc-buds-airpods-4-1200.jpg,https://d-telco.github.io/telco/assets/catalog/acc-buds-airpods-4-400.jpg,https://d-telco.github.io/telco/assets/catalog/acc-buds-airpods-4-1600.jpg,D·TELCO Shop,,AirPods 4,"accessory,earbuds,apple,demo-data"
12-09-2025 14:45,TRUE,0,249.00,249.00,acc-buds-airpods-pro-3,AirPods Pro 3,AirPods Pro 3. Fits straight out of the box.,Shop>Accessories,Apple,https://d-telco.github.io/telco/product.html?id=acc-buds-airpods-pro-3,https://d-telco.github.io/telco/product.html?id=acc-buds-airpods-pro-3,dtelco://product/acc-buds-airpods-pro-3,https://d-telco.github.io/telco/product.html?id=acc-buds-airpods-pro-3,https://d-telco.github.io/telco/assets/catalog/acc-buds-airpods-pro-3-1200.jpg,https://d-telco.github.io/telco/assets/catalog/acc-buds-airpods-pro-3-400.jpg,https://d-telco.github.io/telco/assets/catalog/acc-buds-airpods-pro-3-1600.jpg,D·TELCO Shop,,AirPods Pro 3,"accessory,earbuds,apple,demo-data"
19-08-2026 16:42,TRUE,71,219.00,219.00,acc-buds-galaxy-3-pro,Galaxy Buds3 Pro,Galaxy Buds3 Pro. Fits straight out of the box.,Shop>Accessories,Samsung,https://d-telco.github.io/telco/product.html?id=acc-buds-galaxy-3-pro,https://d-telco.github.io/telco/product.html?id=acc-buds-galaxy-3-pro,dtelco://product/acc-buds-galaxy-3-pro,https://d-telco.github.io/telco/product.html?id=acc-buds-galaxy-3-pro,https://d-telco.github.io/telco/assets/catalog/acc-buds-galaxy-3-pro-1200.jpg,https://d-telco.github.io/telco/assets/catalog/acc-buds-galaxy-3-pro-400.jpg,https://d-telco.github.io/telco/assets/catalog/acc-buds-galaxy-3-pro-1600.jpg,D·TELCO Shop,,Galaxy Buds3 Pro,"accessory,earbuds,samsung,demo-data"
15-05-2026 11:50,TRUE,6,99.00,99.00,acc-buds-honor-earbuds,Honor Earbuds Open,Honor Earbuds Open. Fits straight out of the box.,Shop>Accessories,Honor,https://d-telco.github.io/telco/product.html?id=acc-buds-honor-earbuds,https://d-telco.github.io/telco/product.html?id=acc-buds-honor-earbuds,dtelco://product/acc-buds-honor-earbuds,https://d-telco.github.io/telco/product.html?id=acc-buds-honor-earbuds,https://d-telco.github.io/telco/assets/catalog/acc-buds-honor-earbuds-1200.jpg,https://d-telco.github.io/telco/assets/catalog/acc-buds-honor-earbuds-400.jpg,https://d-telco.github.io/telco/assets/catalog/acc-buds-honor-earbuds-1600.jpg,D·TELCO Shop,,Honor Earbuds Open,"accessory,earbuds,honor,demo-data"
13-12-2025 16:19,TRUE,114,199.00,199.00,acc-buds-pixel-pro-2,Pixel Buds Pro 2,Pixel Buds Pro 2. Fits straight out of the box.,Shop>Accessories,Google,https://d-telco.github.io/telco/product.html?id=acc-buds-pixel-pro-2,https://d-telco.github.io/telco/product.html?id=acc-buds-pixel-pro-2,dtelco://product/acc-buds-pixel-pro-2,https://d-telco.github.io/telco/product.html?id=acc-buds-pixel-pro-2,https://d-telco.github.io/telco/assets/catalog/acc-buds-pixel-pro-2-1200.jpg,https://d-telco.github.io/telco/assets/catalog/acc-buds-pixel-pro-2-400.jpg,https://d-telco.github.io/telco/assets/catalog/acc-buds-pixel-pro-2-1600.jpg,D·TELCO Shop,,Pixel Buds Pro 2,"accessory,earbuds,google,demo-data"
30-08-2025 14:52,TRUE,53,39.00,39.00,acc-buds-redmi-6,Redmi Buds 6,Redmi Buds 6. Fits straight out of the box.,Shop>Accessories,Redmi,https://d-telco.github.io/telco/product.html?id=acc-buds-redmi-6,https://d-telco.github.io/telco/product.html?id=acc-buds-redmi-6,dtelco://product/acc-buds-redmi-6,https://d-telco.github.io/telco/product.html?id=acc-buds-redmi-6,https://d-telco.github.io/telco/assets/catalog/acc-buds-redmi-6-1200.jpg,https://d-telco.github.io/telco/assets/catalog/acc-buds-redmi-6-400.jpg,https://d-telco.github.io/telco/assets/catalog/acc-buds-redmi-6-1600.jpg,D·TELCO Shop,,Redmi Buds 6,"accessory,earbuds,redmi,demo-data"
14-05-2026 14:19,TRUE,51,34.00,34.00,acc-case-galaxy-s25,Protective case for Galaxy S25,Protective case for Galaxy S25. Fits straight out of the box.,Shop>Accessories,Samsung,https://d-telco.github.io/telco/product.html?id=acc-case-galaxy-s25,https://d-telco.github.io/telco/product.html?id=acc-case-galaxy-s25,dtelco://product/acc-case-galaxy-s25,https://d-telco.github.io/telco/product.html?id=acc-case-galaxy-s25,https://d-telco.github.io/telco/assets/catalog/acc-case-galaxy-s25-1200.jpg,https://d-telco.github.io/telco/assets/catalog/acc-case-galaxy-s25-400.jpg,https://d-telco.github.io/telco/assets/catalog/acc-case-galaxy-s25-1600.jpg,D·TELCO Shop,,Protective case for Galaxy S25,"accessory,case,samsung,demo-data"
04-05-2026 10:46,TRUE,105,44.00,44.00,acc-case-galaxy-s25-ultra,Protective case for Galaxy S25 Ultra,Protective case for Galaxy S25 Ultra. Fits straight out of the box.,Shop>Accessories,Samsung,https://d-telco.github.io/telco/product.html?id=acc-case-galaxy-s25-ultra,https://d-telco.github.io/telco/product.html?id=acc-case-galaxy-s25-ultra,dtelco://product/acc-case-galaxy-s25-ultra,https://d-telco.github.io/telco/product.html?id=acc-case-galaxy-s25-ultra,https://d-telco.github.io/telco/assets/catalog/acc-case-galaxy-s25-ultra-1200.jpg,https://d-telco.github.io/telco/assets/catalog/acc-case-galaxy-s25-ultra-400.jpg,https://d-telco.github.io/telco/assets/catalog/acc-case-galaxy-s25-ultra-1600.jpg,D·TELCO Shop,,Protective case for Galaxy S25 Ultra,"accessory,case,samsung,demo-data"
13-09-2025 16:09,TRUE,45,35.00,35.00,acc-case-iphone-16,Silicone case for iPhone 16,Silicone case for iPhone 16. Fits straight out of the box.,Shop>Accessories,Apple,https://d-telco.github.io/telco/product.html?id=acc-case-iphone-16,https://d-telco.github.io/telco/product.html?id=acc-case-iphone-16,dtelco://product/acc-case-iphone-16,https://d-telco.github.io/telco/product.html?id=acc-case-iphone-16,https://d-telco.github.io/telco/assets/catalog/acc-case-iphone-16-1200.jpg,https://d-telco.github.io/telco/assets/catalog/acc-case-iphone-16-400.jpg,https://d-telco.github.io/telco/assets/catalog/acc-case-iphone-16-1600.jpg,D·TELCO Shop,,Silicone case for iPhone 16,"accessory,case,apple,demo-data"
16-12-2025 12:39,TRUE,94,45.00,45.00,acc-case-iphone-16-pro,Silicone case for iPhone 16 Pro,Silicone case for iPhone 16 Pro. Fits straight out of the box.,Shop>Accessories,Apple,https://d-telco.github.io/telco/product.html?id=acc-case-iphone-16-pro,https://d-telco.github.io/telco/product.html?id=acc-case-iphone-16-pro,dtelco://product/acc-case-iphone-16-pro,https://d-telco.github.io/telco/product.html?id=acc-case-iphone-16-pro,https://d-telco.github.io/telco/assets/catalog/acc-case-iphone-16-pro-1200.jpg,https://d-telco.github.io/telco/assets/catalog/acc-case-iphone-16-pro-400.jpg,https://d-telco.github.io/telco/assets/catalog/acc-case-iphone-16-pro-1600.jpg,D·TELCO Shop,,Silicone case for iPhone 16 Pro,"accessory,case,apple,demo-data"
23-07-2026 16:12,TRUE,46,39.00,39.00,acc-case-iphone-17,Silicone case for iPhone 17,Silicone case for iPhone 17. Fits straight out of the box.,Shop>Accessories,Apple,https://d-telco.github.io/telco/product.html?id=acc-case-iphone-17,https://d-telco.github.io/telco/product.html?id=acc-case-iphone-17,dtelco://product/acc-case-iphone-17,https://d-telco.github.io/telco/product.html?id=acc-case-iphone-17,https://d-telco.github.io/telco/assets/catalog/acc-case-iphone-17-1200.jpg,https://d-telco.github.io/telco/assets/catalog/acc-case-iphone-17-400.jpg,https://d-telco.github.io/telco/assets/catalog/acc-case-iphone-17-1600.jpg,D·TELCO Shop,,Silicone case for iPhone 17,"accessory,case,apple,demo-data"
25-03-2025 14:02,TRUE,78,49.00,49.00,acc-case-iphone-17-pro,Silicone case for iPhone 17 Pro,Silicone case for iPhone 17 Pro. Fits straight out of the box.,Shop>Accessories,Apple,https://d-telco.github.io/telco/product.html?id=acc-case-iphone-17-pro,https://d-telco.github.io/telco/product.html?id=acc-case-iphone-17-pro,dtelco://product/acc-case-iphone-17-pro,https://d-telco.github.io/telco/product.html?id=acc-case-iphone-17-pro,https://d-telco.github.io/telco/assets/catalog/acc-case-iphone-17-pro-1200.jpg,https://d-telco.github.io/telco/assets/catalog/acc-case-iphone-17-pro-400.jpg,https://d-telco.github.io/telco/assets/catalog/acc-case-iphone-17-pro-1600.jpg,D·TELCO Shop,,Silicone case for iPhone 17 Pro,"accessory,case,apple,demo-data"
22-11-2025 17:58,TRUE,115,49.00,49.00,acc-case-iphone-17-pro-max,Silicone case for iPhone 17 Pro Max,Silicone case for iPhone 17 Pro Max. Fits straight out of the box.,Shop>Accessories,Apple,https://d-telco.github.io/telco/product.html?id=acc-case-iphone-17-pro-max,https://d-telco.github.io/telco/product.html?id=acc-case-iphone-17-pro-max,dtelco://product/acc-case-iphone-17-pro-max,https://d-telco.github.io/telco/product.html?id=acc-case-iphone-17-pro-max,https://d-telco.github.io/telco/assets/catalog/acc-case-iphone-17-pro-max-1200.jpg,https://d-telco.github.io/telco/assets/catalog/acc-case-iphone-17-pro-max-400.jpg,https://d-telco.github.io/telco/assets/catalog/acc-case-iphone-17-pro-max-1600.jpg,D·TELCO Shop,,Silicone case for iPhone 17 Pro Max,"accessory,case,apple,demo-data"
30-06-2026 11:43,TRUE,51,32.00,32.00,acc-case-pixel-10,Protective case for Pixel 10,Protective case for Pixel 10. Fits straight out of the box.,Shop>Accessories,Google,https://d-telco.github.io/telco/product.html?id=acc-case-pixel-10,https://d-telco.github.io/telco/product.html?id=acc-case-pixel-10,dtelco://product/acc-case-pixel-10,https://d-telco.github.io/telco/product.html?id=acc-case-pixel-10,https://d-telco.github.io/telco/assets/catalog/acc-case-pixel-10-1200.jpg,https://d-telco.github.io/telco/assets/catalog/acc-case-pixel-10-400.jpg,https://d-telco.github.io/telco/assets/catalog/acc-case-pixel-10-1600.jpg,D·TELCO Shop,,Protective case for Pixel 10,"accessory,case,google,demo-data"
14-04-2026 09:53,TRUE,33,39.00,39.00,acc-case-pixel-10-pro,Protective case for Pixel 10 Pro,Protective case for Pixel 10 Pro. Fits straight out of the box.,Shop>Accessories,Google,https://d-telco.github.io/telco/product.html?id=acc-case-pixel-10-pro,https://d-telco.github.io/telco/product.html?id=acc-case-pixel-10-pro,dtelco://product/acc-case-pixel-10-pro,https://d-telco.github.io/telco/product.html?id=acc-case-pixel-10-pro,https://d-telco.github.io/telco/assets/catalog/acc-case-pixel-10-pro-1200.jpg,https://d-telco.github.io/telco/assets/catalog/acc-case-pixel-10-pro-400.jpg,https://d-telco.github.io/telco/assets/catalog/acc-case-pixel-10-pro-1600.jpg,D·TELCO Shop,,Protective case for Pixel 10 Pro,"accessory,case,google,demo-data"
25-11-2025 13:21,TRUE,47,14.00,14.00,acc-case-universal-clear,"Clear case, universal fit","Clear case, universal fit. Fits straight out of the box.",Shop>Accessories,D·TELCO,https://d-telco.github.io/telco/product.html?id=acc-case-universal-clear,https://d-telco.github.io/telco/product.html?id=acc-case-universal-clear,dtelco://product/acc-case-universal-clear,https://d-telco.github.io/telco/product.html?id=acc-case-universal-clear,https://d-telco.github.io/telco/assets/catalog/acc-case-universal-clear-1200.jpg,https://d-telco.github.io/telco/assets/catalog/acc-case-universal-clear-400.jpg,https://d-telco.github.io/telco/assets/catalog/acc-case-universal-clear-1600.jpg,D·TELCO Shop,,"Clear case, universal fit","accessory,case,d·telco,demo-data"
28-07-2025 15:11,TRUE,31,19.00,19.00,acc-charger-car-usbc,Car charger USB-C,Car charger USB-C. Fits straight out of the box.,Shop>Accessories,D·TELCO,https://d-telco.github.io/telco/product.html?id=acc-charger-car-usbc,https://d-telco.github.io/telco/product.html?id=acc-charger-car-usbc,dtelco://product/acc-charger-car-usbc,https://d-telco.github.io/telco/product.html?id=acc-charger-car-usbc,https://d-telco.github.io/telco/assets/catalog/acc-charger-car-usbc-1200.jpg,https://d-telco.github.io/telco/assets/catalog/acc-charger-car-usbc-400.jpg,https://d-telco.github.io/telco/assets/catalog/acc-charger-car-usbc-1600.jpg,D·TELCO Shop,,Car charger USB-C,"accessory,charger,d·telco,demo-data"
24-05-2025 10:24,TRUE,41,54.00,54.00,acc-charger-gan-65w,65 W GaN travel charger,65 W GaN travel charger. Fits straight out of the box.,Shop>Accessories,D·TELCO,https://d-telco.github.io/telco/product.html?id=acc-charger-gan-65w,https://d-telco.github.io/telco/product.html?id=acc-charger-gan-65w,dtelco://product/acc-charger-gan-65w,https://d-telco.github.io/telco/product.html?id=acc-charger-gan-65w,https://d-telco.github.io/telco/assets/catalog/acc-charger-gan-65w-1200.jpg,https://d-telco.github.io/telco/assets/catalog/acc-charger-gan-65w-400.jpg,https://d-telco.github.io/telco/assets/catalog/acc-charger-gan-65w-1600.jpg,D·TELCO Shop,,65 W GaN travel charger,"accessory,charger,d·telco,demo-data"
24-06-2026 18:03,TRUE,105,49.00,49.00,acc-charger-magsafe,Magnetic wireless charger,Magnetic wireless charger. Fits straight out of the box.,Shop>Accessories,Apple,https://d-telco.github.io/telco/product.html?id=acc-charger-magsafe,https://d-telco.github.io/telco/product.html?id=acc-charger-magsafe,dtelco://product/acc-charger-magsafe,https://d-telco.github.io/telco/product.html?id=acc-charger-magsafe,https://d-telco.github.io/telco/assets/catalog/acc-charger-magsafe-1200.jpg,https://d-telco.github.io/telco/assets/catalog/acc-charger-magsafe-400.jpg,https://d-telco.github.io/telco/assets/catalog/acc-charger-magsafe-1600.jpg,D·TELCO Shop,,Magnetic wireless charger,"accessory,charger,apple,demo-data"
20-03-2025 18:00,TRUE,58,24.00,24.00,acc-charger-usbc-20w,20 W USB-C charger,20 W USB-C charger. Fits straight out of the box.,Shop>Accessories,D·TELCO,https://d-telco.github.io/telco/product.html?id=acc-charger-usbc-20w,https://d-telco.github.io/telco/product.html?id=acc-charger-usbc-20w,dtelco://product/acc-charger-usbc-20w,https://d-telco.github.io/telco/product.html?id=acc-charger-usbc-20w,https://d-telco.github.io/telco/assets/catalog/acc-charger-usbc-20w-1200.jpg,https://d-telco.github.io/telco/assets/catalog/acc-charger-usbc-20w-400.jpg,https://d-telco.github.io/telco/assets/catalog/acc-charger-usbc-20w-1600.jpg,D·TELCO Shop,,20 W USB-C charger,"accessory,charger,d·telco,demo-data"
21-06-2025 10:09,TRUE,65,39.00,39.00,acc-charger-usbc-45w,45 W USB-C charger,45 W USB-C charger. Fits straight out of the box.,Shop>Accessories,D·TELCO,https://d-telco.github.io/telco/product.html?id=acc-charger-usbc-45w,https://d-telco.github.io/telco/product.html?id=acc-charger-usbc-45w,dtelco://product/acc-charger-usbc-45w,https://d-telco.github.io/telco/product.html?id=acc-charger-usbc-45w,https://d-telco.github.io/telco/assets/catalog/acc-charger-usbc-45w-1200.jpg,https://d-telco.github.io/telco/assets/catalog/acc-charger-usbc-45w-400.jpg,https://d-telco.github.io/telco/assets/catalog/acc-charger-usbc-45w-1600.jpg,D·TELCO Shop,,45 W USB-C charger,"accessory,charger,d·telco,demo-data"
31-07-2025 12:35,TRUE,14,44.00,44.00,acc-charger-wireless-pad,Wireless charging pad,Wireless charging pad. Fits straight out of the box.,Shop>Accessories,Samsung,https://d-telco.github.io/telco/product.html?id=acc-charger-wireless-pad,https://d-telco.github.io/telco/product.html?id=acc-charger-wireless-pad,dtelco://product/acc-charger-wireless-pad,https://d-telco.github.io/telco/product.html?id=acc-charger-wireless-pad,https://d-telco.github.io/telco/assets/catalog/acc-charger-wireless-pad-1200.jpg,https://d-telco.github.io/telco/assets/catalog/acc-charger-wireless-pad-400.jpg,https://d-telco.github.io/telco/assets/catalog/acc-charger-wireless-pad-1600.jpg,D·TELCO Shop,,Wireless charging pad,"accessory,charger,samsung,demo-data"
21-07-2026 13:07,TRUE,71,39.00,39.00,acc-power-10000,10 000 mAh power bank,10 000 mAh power bank. Fits straight out of the box.,Shop>Accessories,D·TELCO,https://d-telco.github.io/telco/product.html?id=acc-power-10000,https://d-telco.github.io/telco/product.html?id=acc-power-10000,dtelco://product/acc-power-10000,https://d-telco.github.io/telco/product.html?id=acc-power-10000,https://d-telco.github.io/telco/assets/catalog/acc-power-10000-1200.jpg,https://d-telco.github.io/telco/assets/catalog/acc-power-10000-400.jpg,https://d-telco.github.io/telco/assets/catalog/acc-power-10000-1600.jpg,D·TELCO Shop,,10 000 mAh power bank,"accessory,powerbank,d·telco,demo-data"
12-05-2025 17:34,TRUE,59,59.00,59.00,acc-power-20000,20 000 mAh power bank,20 000 mAh power bank. Fits straight out of the box.,Shop>Accessories,D·TELCO,https://d-telco.github.io/telco/product.html?id=acc-power-20000,https://d-telco.github.io/telco/product.html?id=acc-power-20000,dtelco://product/acc-power-20000,https://d-telco.github.io/telco/product.html?id=acc-power-20000,https://d-telco.github.io/telco/assets/catalog/acc-power-20000-1200.jpg,https://d-telco.github.io/telco/assets/catalog/acc-power-20000-400.jpg,https://d-telco.github.io/telco/assets/catalog/acc-power-20000-1600.jpg,D·TELCO Shop,,20 000 mAh power bank,"accessory,powerbank,d·telco,demo-data"
05-05-2025 13:26,TRUE,110,24.00,24.00,acc-power-5000,5 000 mAh power bank,5 000 mAh power bank. Fits straight out of the box.,Shop>Accessories,D·TELCO,https://d-telco.github.io/telco/product.html?id=acc-power-5000,https://d-telco.github.io/telco/product.html?id=acc-power-5000,dtelco://product/acc-power-5000,https://d-telco.github.io/telco/product.html?id=acc-power-5000,https://d-telco.github.io/telco/assets/catalog/acc-power-5000-1200.jpg,https://d-telco.github.io/telco/assets/catalog/acc-power-5000-400.jpg,https://d-telco.github.io/telco/assets/catalog/acc-power-5000-1600.jpg,D·TELCO Shop,,5 000 mAh power bank,"accessory,powerbank,d·telco,demo-data"
30-03-2026 17:53,TRUE,0,49.00,49.00,acc-power-magnetic-5000,5 000 mAh magnetic power bank,5 000 mAh magnetic power bank. Fits straight out of the box.,Shop>Accessories,D·TELCO,https://d-telco.github.io/telco/product.html?id=acc-power-magnetic-5000,https://d-telco.github.io/telco/product.html?id=acc-power-magnetic-5000,dtelco://product/acc-power-magnetic-5000,https://d-telco.github.io/telco/product.html?id=acc-power-magnetic-5000,https://d-telco.github.io/telco/assets/catalog/acc-power-magnetic-5000-1200.jpg,https://d-telco.github.io/telco/assets/catalog/acc-power-magnetic-5000-400.jpg,https://d-telco.github.io/telco/assets/catalog/acc-power-magnetic-5000-1600.jpg,D·TELCO Shop,,5 000 mAh magnetic power bank,"accessory,powerbank,d·telco,demo-data"
20-03-2025 12:37,TRUE,115,19.00,19.00,acc-screen-galaxy-s25,Screen protector for Galaxy S25 family,Screen protector for Galaxy S25 family. Fits straight out of the box.,Shop>Accessories,D·TELCO,https://d-telco.github.io/telco/product.html?id=acc-screen-galaxy-s25,https://d-telco.github.io/telco/product.html?id=acc-screen-galaxy-s25,dtelco://product/acc-screen-galaxy-s25,https://d-telco.github.io/telco/product.html?id=acc-screen-galaxy-s25,https://d-telco.github.io/telco/assets/catalog/acc-screen-galaxy-s25-1200.jpg,https://d-telco.github.io/telco/assets/catalog/acc-screen-galaxy-s25-400.jpg,https://d-telco.github.io/telco/assets/catalog/acc-screen-galaxy-s25-1600.jpg,D·TELCO Shop,,Screen protector for Galaxy S25 family,"accessory,screen,d·telco,demo-data"
29-05-2025 10:35,TRUE,88,19.00,19.00,acc-screen-iphone-16,Screen protector for iPhone 16 family,Screen protector for iPhone 16 family. Fits straight out of the box.,Shop>Accessories,D·TELCO,https://d-telco.github.io/telco/product.html?id=acc-screen-iphone-16,https://d-telco.github.io/telco/product.html?id=acc-screen-iphone-16,dtelco://product/acc-screen-iphone-16,https://d-telco.github.io/telco/product.html?id=acc-screen-iphone-16,https://d-telco.github.io/telco/assets/catalog/acc-screen-iphone-16-1200.jpg,https://d-telco.github.io/telco/assets/catalog/acc-screen-iphone-16-400.jpg,https://d-telco.github.io/telco/assets/catalog/acc-screen-iphone-16-1600.jpg,D·TELCO Shop,,Screen protector for iPhone 16 family,"accessory,screen,d·telco,demo-data"
09-04-2025 12:30,TRUE,64,19.00,19.00,acc-screen-iphone-17,Screen protector for iPhone 17 family,Screen protector for iPhone 17 family. Fits straight out of the box.,Shop>Accessories,D·TELCO,https://d-telco.github.io/telco/product.html?id=acc-screen-iphone-17,https://d-telco.github.io/telco/product.html?id=acc-screen-iphone-17,dtelco://product/acc-screen-iphone-17,https://d-telco.github.io/telco/product.html?id=acc-screen-iphone-17,https://d-telco.github.io/telco/assets/catalog/acc-screen-iphone-17-1200.jpg,https://d-telco.github.io/telco/assets/catalog/acc-screen-iphone-17-400.jpg,https://d-telco.github.io/telco/assets/catalog/acc-screen-iphone-17-1600.jpg,D·TELCO Shop,,Screen protector for iPhone 17 family,"accessory,screen,d·telco,demo-data"
26-07-2025 17:19,TRUE,69,19.00,19.00,acc-screen-pixel-10,Screen protector for Pixel 10 family,Screen protector for Pixel 10 family. Fits straight out of the box.,Shop>Accessories,D·TELCO,https://d-telco.github.io/telco/product.html?id=acc-screen-pixel-10,https://d-telco.github.io/telco/product.html?id=acc-screen-pixel-10,dtelco://product/acc-screen-pixel-10,https://d-telco.github.io/telco/product.html?id=acc-screen-pixel-10,https://d-telco.github.io/telco/assets/catalog/acc-screen-pixel-10-1200.jpg,https://d-telco.github.io/telco/assets/catalog/acc-screen-pixel-10-400.jpg,https://d-telco.github.io/telco/assets/catalog/acc-screen-pixel-10-1600.jpg,D·TELCO Shop,,Screen protector for Pixel 10 family,"accessory,screen,d·telco,demo-data"
23-07-2025 12:24,TRUE,55,179.00,179.00,dev-galaxy-a16,Galaxy A16,Galaxy A16 from Samsung. Pay once or spread it over 12 months.,Shop>Phones,Samsung,https://d-telco.github.io/telco/product.html?id=dev-galaxy-a16,https://d-telco.github.io/telco/product.html?id=dev-galaxy-a16,dtelco://product/dev-galaxy-a16,https://d-telco.github.io/telco/product.html?id=dev-galaxy-a16,https://d-telco.github.io/telco/assets/catalog/dev-galaxy-a16-1200.jpg,https://d-telco.github.io/telco/assets/catalog/dev-galaxy-a16-400.jpg,https://d-telco.github.io/telco/assets/catalog/dev-galaxy-a16-1600.jpg,D·TELCO Shop,,Galaxy A16,"device,samsung,5g,instalment-12m,demo-data"
27-11-2025 09:18,TRUE,32,249.00,249.00,dev-galaxy-a26,Galaxy A26,Galaxy A26 from Samsung. Pay once or spread it over 12 or 18 months.,Shop>Phones,Samsung,https://d-telco.github.io/telco/product.html?id=dev-galaxy-a26,https://d-telco.github.io/telco/product.html?id=dev-galaxy-a26,dtelco://product/dev-galaxy-a26,https://d-telco.github.io/telco/product.html?id=dev-galaxy-a26,https://d-telco.github.io/telco/assets/catalog/dev-galaxy-a26-1200.jpg,https://d-telco.github.io/telco/assets/catalog/dev-galaxy-a26-400.jpg,https://d-telco.github.io/telco/assets/catalog/dev-galaxy-a26-1600.jpg,D·TELCO Shop,,Galaxy A26,"device,samsung,5g,instalment-18m,demo-data"
20-08-2025 18:45,TRUE,14,349.00,349.00,dev-galaxy-a36,Galaxy A36,Galaxy A36 from Samsung. Pay once or spread it over 12 or 18 months.,Shop>Phones,Samsung,https://d-telco.github.io/telco/product.html?id=dev-galaxy-a36,https://d-telco.github.io/telco/product.html?id=dev-galaxy-a36,dtelco://product/dev-galaxy-a36,https://d-telco.github.io/telco/product.html?id=dev-galaxy-a36,https://d-telco.github.io/telco/assets/catalog/dev-galaxy-a36-1200.jpg,https://d-telco.github.io/telco/assets/catalog/dev-galaxy-a36-400.jpg,https://d-telco.github.io/telco/assets/catalog/dev-galaxy-a36-1600.jpg,D·TELCO Shop,,Galaxy A36,"device,samsung,5g,instalment-18m,demo-data"
19-03-2025 12:09,TRUE,51,449.00,449.00,dev-galaxy-a56,Galaxy A56,Galaxy A56 from Samsung. Pay once or spread it over 12 or 18 months.,Shop>Phones,Samsung,https://d-telco.github.io/telco/product.html?id=dev-galaxy-a56,https://d-telco.github.io/telco/product.html?id=dev-galaxy-a56,dtelco://product/dev-galaxy-a56,https://d-telco.github.io/telco/product.html?id=dev-galaxy-a56,https://d-telco.github.io/telco/assets/catalog/dev-galaxy-a56-1200.jpg,https://d-telco.github.io/telco/assets/catalog/dev-galaxy-a56-400.jpg,https://d-telco.github.io/telco/assets/catalog/dev-galaxy-a56-1600.jpg,D·TELCO Shop,,Galaxy A56,"device,samsung,5g,instalment-18m,demo-data"
08-03-2026 18:21,TRUE,59,849.00,849.00,dev-galaxy-s25,Galaxy S25,Galaxy S25 from Samsung. Pay once or spread it over 12 or 18 months.,Shop>Phones,Samsung,https://d-telco.github.io/telco/product.html?id=dev-galaxy-s25,https://d-telco.github.io/telco/product.html?id=dev-galaxy-s25,dtelco://product/dev-galaxy-s25,https://d-telco.github.io/telco/product.html?id=dev-galaxy-s25,https://d-telco.github.io/telco/assets/catalog/dev-galaxy-s25-1200.jpg,https://d-telco.github.io/telco/assets/catalog/dev-galaxy-s25-400.jpg,https://d-telco.github.io/telco/assets/catalog/dev-galaxy-s25-1600.jpg,D·TELCO Shop,,Galaxy S25,"device,samsung,5g,instalment-18m,demo-data"
08-07-2026 13:58,TRUE,57,649.00,649.00,dev-galaxy-s25-fe,Galaxy S25 FE,Galaxy S25 FE from Samsung. Pay once or spread it over 12 or 18 months.,Shop>Phones,Samsung,https://d-telco.github.io/telco/product.html?id=dev-galaxy-s25-fe,https://d-telco.github.io/telco/product.html?id=dev-galaxy-s25-fe,dtelco://product/dev-galaxy-s25-fe,https://d-telco.github.io/telco/product.html?id=dev-galaxy-s25-fe,https://d-telco.github.io/telco/assets/catalog/dev-galaxy-s25-fe-1200.jpg,https://d-telco.github.io/telco/assets/catalog/dev-galaxy-s25-fe-400.jpg,https://d-telco.github.io/telco/assets/catalog/dev-galaxy-s25-fe-1600.jpg,D·TELCO Shop,,Galaxy S25 FE,"device,samsung,5g,instalment-18m,demo-data"
20-10-2025 16:03,TRUE,15,1049.00,1049.00,dev-galaxy-s25-plus,Galaxy S25+,Galaxy S25+ from Samsung. Pay once or spread it over 12 or 18 months.,Shop>Phones,Samsung,https://d-telco.github.io/telco/product.html?id=dev-galaxy-s25-plus,https://d-telco.github.io/telco/product.html?id=dev-galaxy-s25-plus,dtelco://product/dev-galaxy-s25-plus,https://d-telco.github.io/telco/product.html?id=dev-galaxy-s25-plus,https://d-telco.github.io/telco/assets/catalog/dev-galaxy-s25-plus-1200.jpg,https://d-telco.github.io/telco/assets/catalog/dev-galaxy-s25-plus-400.jpg,https://d-telco.github.io/telco/assets/catalog/dev-galaxy-s25-plus-1600.jpg,D·TELCO Shop,,Galaxy S25+,"device,samsung,5g,instalment-18m,demo-data"
19-05-2026 15:09,TRUE,0,1299.00,1299.00,dev-galaxy-s25-ultra,Galaxy S25 Ultra,Galaxy S25 Ultra from Samsung. Pay once or spread it over 12 or 18 months.,Shop>Phones,Samsung,https://d-telco.github.io/telco/product.html?id=dev-galaxy-s25-ultra,https://d-telco.github.io/telco/product.html?id=dev-galaxy-s25-ultra,dtelco://product/dev-galaxy-s25-ultra,https://d-telco.github.io/telco/product.html?id=dev-galaxy-s25-ultra,https://d-telco.github.io/telco/assets/catalog/dev-galaxy-s25-ultra-1200.jpg,https://d-telco.github.io/telco/assets/catalog/dev-galaxy-s25-ultra-400.jpg,https://d-telco.github.io/telco/assets/catalog/dev-galaxy-s25-ultra-1600.jpg,D·TELCO Shop,,Galaxy S25 Ultra,"device,samsung,5g,instalment-18m,demo-data"
09-05-2026 14:34,TRUE,12,1099.00,1099.00,dev-galaxy-z-flip-7,Galaxy Z Flip 7,Galaxy Z Flip 7 from Samsung. Pay once or spread it over 12 or 18 months.,Shop>Phones,Samsung,https://d-telco.github.io/telco/product.html?id=dev-galaxy-z-flip-7,https://d-telco.github.io/telco/product.html?id=dev-galaxy-z-flip-7,dtelco://product/dev-galaxy-z-flip-7,https://d-telco.github.io/telco/product.html?id=dev-galaxy-z-flip-7,https://d-telco.github.io/telco/assets/catalog/dev-galaxy-z-flip-7-1200.jpg,https://d-telco.github.io/telco/assets/catalog/dev-galaxy-z-flip-7-400.jpg,https://d-telco.github.io/telco/assets/catalog/dev-galaxy-z-flip-7-1600.jpg,D·TELCO Shop,,Galaxy Z Flip 7,"device,samsung,5g,instalment-18m,demo-data"
22-11-2025 09:30,TRUE,18,1899.00,1899.00,dev-galaxy-z-fold-7,Galaxy Z Fold 7,Galaxy Z Fold 7 from Samsung. Pay once or spread it over 12 or 18 months.,Shop>Phones,Samsung,https://d-telco.github.io/telco/product.html?id=dev-galaxy-z-fold-7,https://d-telco.github.io/telco/product.html?id=dev-galaxy-z-fold-7,dtelco://product/dev-galaxy-z-fold-7,https://d-telco.github.io/telco/product.html?id=dev-galaxy-z-fold-7,https://d-telco.github.io/telco/assets/catalog/dev-galaxy-z-fold-7-1200.jpg,https://d-telco.github.io/telco/assets/catalog/dev-galaxy-z-fold-7-400.jpg,https://d-telco.github.io/telco/assets/catalog/dev-galaxy-z-fold-7-1600.jpg,D·TELCO Shop,,Galaxy Z Fold 7,"device,samsung,5g,instalment-18m,demo-data"
18-04-2025 13:12,TRUE,17,399.00,399.00,dev-honor-400,Honor 400,Honor 400 from Honor. Pay once or spread it over 12 or 18 months.,Shop>Phones,Honor,https://d-telco.github.io/telco/product.html?id=dev-honor-400,https://d-telco.github.io/telco/product.html?id=dev-honor-400,dtelco://product/dev-honor-400,https://d-telco.github.io/telco/product.html?id=dev-honor-400,https://d-telco.github.io/telco/assets/catalog/dev-honor-400-1200.jpg,https://d-telco.github.io/telco/assets/catalog/dev-honor-400-400.jpg,https://d-telco.github.io/telco/assets/catalog/dev-honor-400-1600.jpg,D·TELCO Shop,,Honor 400,"device,honor,5g,instalment-18m,demo-data"
27-05-2026 10:09,TRUE,6,549.00,549.00,dev-honor-400-pro,Honor 400 Pro,Honor 400 Pro from Honor. Pay once or spread it over 12 or 18 months.,Shop>Phones,Honor,https://d-telco.github.io/telco/product.html?id=dev-honor-400-pro,https://d-telco.github.io/telco/product.html?id=dev-honor-400-pro,dtelco://product/dev-honor-400-pro,https://d-telco.github.io/telco/product.html?id=dev-honor-400-pro,https://d-telco.github.io/telco/assets/catalog/dev-honor-400-pro-1200.jpg,https://d-telco.github.io/telco/assets/catalog/dev-honor-400-pro-400.jpg,https://d-telco.github.io/telco/assets/catalog/dev-honor-400-pro-1600.jpg,D·TELCO Shop,,Honor 400 Pro,"device,honor,5g,instalment-18m,demo-data"
24-03-2026 16:59,TRUE,27,799.00,799.00,dev-honor-magic-7,Honor Magic 7,Honor Magic 7 from Honor. Pay once or spread it over 12 or 18 months.,Shop>Phones,Honor,https://d-telco.github.io/telco/product.html?id=dev-honor-magic-7,https://d-telco.github.io/telco/product.html?id=dev-honor-magic-7,dtelco://product/dev-honor-magic-7,https://d-telco.github.io/telco/product.html?id=dev-honor-magic-7,https://d-telco.github.io/telco/assets/catalog/dev-honor-magic-7-1200.jpg,https://d-telco.github.io/telco/assets/catalog/dev-honor-magic-7-400.jpg,https://d-telco.github.io/telco/assets/catalog/dev-honor-magic-7-1600.jpg,D·TELCO Shop,,Honor Magic 7,"device,honor,5g,instalment-18m,demo-data"
09-06-2025 18:18,TRUE,28,999.00,999.00,dev-honor-magic-7-pro,Honor Magic 7 Pro,Honor Magic 7 Pro from Honor. Pay once or spread it over 12 or 18 months.,Shop>Phones,Honor,https://d-telco.github.io/telco/product.html?id=dev-honor-magic-7-pro,https://d-telco.github.io/telco/product.html?id=dev-honor-magic-7-pro,dtelco://product/dev-honor-magic-7-pro,https://d-telco.github.io/telco/product.html?id=dev-honor-magic-7-pro,https://d-telco.github.io/telco/assets/catalog/dev-honor-magic-7-pro-1200.jpg,https://d-telco.github.io/telco/assets/catalog/dev-honor-magic-7-pro-400.jpg,https://d-telco.github.io/telco/assets/catalog/dev-honor-magic-7-pro-1600.jpg,D·TELCO Shop,,Honor Magic 7 Pro,"device,honor,5g,instalment-18m,demo-data"
27-06-2026 14:41,TRUE,27,269.00,269.00,dev-honor-x9c,Honor X9c,Honor X9c from Honor. Pay once or spread it over 12 or 18 months.,Shop>Phones,Honor,https://d-telco.github.io/telco/product.html?id=dev-honor-x9c,https://d-telco.github.io/telco/product.html?id=dev-honor-x9c,dtelco://product/dev-honor-x9c,https://d-telco.github.io/telco/product.html?id=dev-honor-x9c,https://d-telco.github.io/telco/assets/catalog/dev-honor-x9c-1200.jpg,https://d-telco.github.io/telco/assets/catalog/dev-honor-x9c-400.jpg,https://d-telco.github.io/telco/assets/catalog/dev-honor-x9c-1600.jpg,D·TELCO Shop,,Honor X9c,"device,honor,5g,instalment-18m,demo-data"
30-03-2025 09:36,TRUE,14,649.00,649.00,dev-iphone-15,iPhone 15,iPhone 15 from Apple. Pay once or spread it over 12 or 18 months.,Shop>Phones,Apple,https://d-telco.github.io/telco/product.html?id=dev-iphone-15,https://d-telco.github.io/telco/product.html?id=dev-iphone-15,dtelco://product/dev-iphone-15,https://d-telco.github.io/telco/product.html?id=dev-iphone-15,https://d-telco.github.io/telco/assets/catalog/dev-iphone-15-1200.jpg,https://d-telco.github.io/telco/assets/catalog/dev-iphone-15-400.jpg,https://d-telco.github.io/telco/assets/catalog/dev-iphone-15-1600.jpg,D·TELCO Shop,,iPhone 15,"device,apple,5g,instalment-18m,demo-data"
12-01-2026 11:43,TRUE,11,799.00,799.00,dev-iphone-16,iPhone 16,iPhone 16 from Apple. Pay once or spread it over 12 or 18 months.,Shop>Phones,Apple,https://d-telco.github.io/telco/product.html?id=dev-iphone-16,https://d-telco.github.io/telco/product.html?id=dev-iphone-16,dtelco://product/dev-iphone-16,https://d-telco.github.io/telco/product.html?id=dev-iphone-16,https://d-telco.github.io/telco/assets/catalog/dev-iphone-16-1200.jpg,https://d-telco.github.io/telco/assets/catalog/dev-iphone-16-400.jpg,https://d-telco.github.io/telco/assets/catalog/dev-iphone-16-1600.jpg,D·TELCO Shop,,iPhone 16,"device,apple,5g,instalment-18m,demo-data"
13-10-2025 15:50,TRUE,60,999.00,999.00,dev-iphone-16-pro,iPhone 16 Pro,iPhone 16 Pro from Apple. Pay once or spread it over 12 or 18 months.,Shop>Phones,Apple,https://d-telco.github.io/telco/product.html?id=dev-iphone-16-pro,https://d-telco.github.io/telco/product.html?id=dev-iphone-16-pro,dtelco://product/dev-iphone-16-pro,https://d-telco.github.io/telco/product.html?id=dev-iphone-16-pro,https://d-telco.github.io/telco/assets/catalog/dev-iphone-16-pro-1200.jpg,https://d-telco.github.io/telco/assets/catalog/dev-iphone-16-pro-400.jpg,https://d-telco.github.io/telco/assets/catalog/dev-iphone-16-pro-1600.jpg,D·TELCO Shop,,iPhone 16 Pro,"device,apple,5g,instalment-18m,demo-data"
11-02-2026 17:40,TRUE,46,1199.00,1199.00,dev-iphone-16-pro-max,iPhone 16 Pro Max,iPhone 16 Pro Max from Apple. Pay once or spread it over 12 or 18 months.,Shop>Phones,Apple,https://d-telco.github.io/telco/product.html?id=dev-iphone-16-pro-max,https://d-telco.github.io/telco/product.html?id=dev-iphone-16-pro-max,dtelco://product/dev-iphone-16-pro-max,https://d-telco.github.io/telco/product.html?id=dev-iphone-16-pro-max,https://d-telco.github.io/telco/assets/catalog/dev-iphone-16-pro-max-1200.jpg,https://d-telco.github.io/telco/assets/catalog/dev-iphone-16-pro-max-400.jpg,https://d-telco.github.io/telco/assets/catalog/dev-iphone-16-pro-max-1600.jpg,D·TELCO Shop,,iPhone 16 Pro Max,"device,apple,5g,instalment-18m,demo-data"
17-07-2025 11:59,TRUE,51,599.00,599.00,dev-iphone-16e,iPhone 16e,iPhone 16e from Apple. Pay once or spread it over 12 or 18 months.,Shop>Phones,Apple,https://d-telco.github.io/telco/product.html?id=dev-iphone-16e,https://d-telco.github.io/telco/product.html?id=dev-iphone-16e,dtelco://product/dev-iphone-16e,https://d-telco.github.io/telco/product.html?id=dev-iphone-16e,https://d-telco.github.io/telco/assets/catalog/dev-iphone-16e-1200.jpg,https://d-telco.github.io/telco/assets/catalog/dev-iphone-16e-400.jpg,https://d-telco.github.io/telco/assets/catalog/dev-iphone-16e-1600.jpg,D·TELCO Shop,,iPhone 16e,"device,apple,5g,instalment-18m,demo-data"
16-05-2025 18:43,TRUE,27,949.00,949.00,dev-iphone-17,iPhone 17,iPhone 17 from Apple. Pay once or spread it over 12 or 18 months.,Shop>Phones,Apple,https://d-telco.github.io/telco/product.html?id=dev-iphone-17,https://d-telco.github.io/telco/product.html?id=dev-iphone-17,dtelco://product/dev-iphone-17,https://d-telco.github.io/telco/product.html?id=dev-iphone-17,https://d-telco.github.io/telco/assets/catalog/dev-iphone-17-1200.jpg,https://d-telco.github.io/telco/assets/catalog/dev-iphone-17-400.jpg,https://d-telco.github.io/telco/assets/catalog/dev-iphone-17-1600.jpg,D·TELCO Shop,,iPhone 17,"device,apple,5g,instalment-18m,demo-data"
23-11-2025 18:49,TRUE,54,1249.00,1249.00,dev-iphone-17-pro,iPhone 17 Pro,iPhone 17 Pro from Apple. Pay once or spread it over 12 or 18 months.,Shop>Phones,Apple,https://d-telco.github.io/telco/product.html?id=dev-iphone-17-pro,https://d-telco.github.io/telco/product.html?id=dev-iphone-17-pro,dtelco://product/dev-iphone-17-pro,https://d-telco.github.io/telco/product.html?id=dev-iphone-17-pro,https://d-telco.github.io/telco/assets/catalog/dev-iphone-17-pro-1200.jpg,https://d-telco.github.io/telco/assets/catalog/dev-iphone-17-pro-400.jpg,https://d-telco.github.io/telco/assets/catalog/dev-iphone-17-pro-1600.jpg,D·TELCO Shop,,iPhone 17 Pro,"device,apple,5g,instalment-18m,demo-data"
12-10-2025 18:15,TRUE,0,1449.00,1449.00,dev-iphone-17-pro-max,iPhone 17 Pro Max,iPhone 17 Pro Max from Apple. Pay once or spread it over 12 or 18 months.,Shop>Phones,Apple,https://d-telco.github.io/telco/product.html?id=dev-iphone-17-pro-max,https://d-telco.github.io/telco/product.html?id=dev-iphone-17-pro-max,dtelco://product/dev-iphone-17-pro-max,https://d-telco.github.io/telco/product.html?id=dev-iphone-17-pro-max,https://d-telco.github.io/telco/assets/catalog/dev-iphone-17-pro-max-1200.jpg,https://d-telco.github.io/telco/assets/catalog/dev-iphone-17-pro-max-400.jpg,https://d-telco.github.io/telco/assets/catalog/dev-iphone-17-pro-max-1600.jpg,D·TELCO Shop,,iPhone 17 Pro Max,"device,apple,5g,instalment-18m,demo-data"
12-11-2025 10:38,TRUE,38,799.00,799.00,dev-pixel-10,Pixel 10,Pixel 10 from Google. Pay once or spread it over 12 or 18 months.,Shop>Phones,Google,https://d-telco.github.io/telco/product.html?id=dev-pixel-10,https://d-telco.github.io/telco/product.html?id=dev-pixel-10,dtelco://product/dev-pixel-10,https://d-telco.github.io/telco/product.html?id=dev-pixel-10,https://d-telco.github.io/telco/assets/catalog/dev-pixel-10-1200.jpg,https://d-telco.github.io/telco/assets/catalog/dev-pixel-10-400.jpg,https://d-telco.github.io/telco/assets/catalog/dev-pixel-10-1600.jpg,D·TELCO Shop,,Pixel 10,"device,google,5g,instalment-18m,demo-data"
06-04-2025 16:44,TRUE,0,999.00,999.00,dev-pixel-10-pro,Pixel 10 Pro,Pixel 10 Pro from Google. Pay once or spread it over 12 or 18 months.,Shop>Phones,Google,https://d-telco.github.io/telco/product.html?id=dev-pixel-10-pro,https://d-telco.github.io/telco/product.html?id=dev-pixel-10-pro,dtelco://product/dev-pixel-10-pro,https://d-telco.github.io/telco/product.html?id=dev-pixel-10-pro,https://d-telco.github.io/telco/assets/catalog/dev-pixel-10-pro-1200.jpg,https://d-telco.github.io/telco/assets/catalog/dev-pixel-10-pro-400.jpg,https://d-telco.github.io/telco/assets/catalog/dev-pixel-10-pro-1600.jpg,D·TELCO Shop,,Pixel 10 Pro,"device,google,5g,instalment-18m,demo-data"
01-06-2026 15:23,TRUE,17,1199.00,1199.00,dev-pixel-10-pro-xl,Pixel 10 Pro XL,Pixel 10 Pro XL from Google. Pay once or spread it over 12 or 18 months.,Shop>Phones,Google,https://d-telco.github.io/telco/product.html?id=dev-pixel-10-pro-xl,https://d-telco.github.io/telco/product.html?id=dev-pixel-10-pro-xl,dtelco://product/dev-pixel-10-pro-xl,https://d-telco.github.io/telco/product.html?id=dev-pixel-10-pro-xl,https://d-telco.github.io/telco/assets/catalog/dev-pixel-10-pro-xl-1200.jpg,https://d-telco.github.io/telco/assets/catalog/dev-pixel-10-pro-xl-400.jpg,https://d-telco.github.io/telco/assets/catalog/dev-pixel-10-pro-xl-1600.jpg,D·TELCO Shop,,Pixel 10 Pro XL,"device,google,5g,instalment-18m,demo-data"
03-03-2025 09:28,TRUE,50,499.00,499.00,dev-pixel-9a,Pixel 9a,Pixel 9a from Google. Pay once or spread it over 12 or 18 months.,Shop>Phones,Google,https://d-telco.github.io/telco/product.html?id=dev-pixel-9a,https://d-telco.github.io/telco/product.html?id=dev-pixel-9a,dtelco://product/dev-pixel-9a,https://d-telco.github.io/telco/product.html?id=dev-pixel-9a,https://d-telco.github.io/telco/assets/catalog/dev-pixel-9a-1200.jpg,https://d-telco.github.io/telco/assets/catalog/dev-pixel-9a-400.jpg,https://d-telco.github.io/telco/assets/catalog/dev-pixel-9a-1600.jpg,D·TELCO Shop,,Pixel 9a,"device,google,5g,instalment-18m,demo-data"
02-12-2025 18:07,TRUE,11,379.00,379.00,dev-poco-f7,Poco F7,Poco F7 from Xiaomi. Pay once or spread it over 12 or 18 months.,Shop>Phones,Xiaomi,https://d-telco.github.io/telco/product.html?id=dev-poco-f7,https://d-telco.github.io/telco/product.html?id=dev-poco-f7,dtelco://product/dev-poco-f7,https://d-telco.github.io/telco/product.html?id=dev-poco-f7,https://d-telco.github.io/telco/assets/catalog/dev-poco-f7-1200.jpg,https://d-telco.github.io/telco/assets/catalog/dev-poco-f7-400.jpg,https://d-telco.github.io/telco/assets/catalog/dev-poco-f7-1600.jpg,D·TELCO Shop,,Poco F7,"device,xiaomi,5g,instalment-18m,demo-data"
13-08-2025 09:59,TRUE,36,299.00,299.00,dev-poco-x7-pro,Poco X7 Pro,Poco X7 Pro from Xiaomi. Pay once or spread it over 12 or 18 months.,Shop>Phones,Xiaomi,https://d-telco.github.io/telco/product.html?id=dev-poco-x7-pro,https://d-telco.github.io/telco/product.html?id=dev-poco-x7-pro,dtelco://product/dev-poco-x7-pro,https://d-telco.github.io/telco/product.html?id=dev-poco-x7-pro,https://d-telco.github.io/telco/assets/catalog/dev-poco-x7-pro-1200.jpg,https://d-telco.github.io/telco/assets/catalog/dev-poco-x7-pro-400.jpg,https://d-telco.github.io/telco/assets/catalog/dev-poco-x7-pro-1600.jpg,D·TELCO Shop,,Poco X7 Pro,"device,xiaomi,5g,instalment-18m,demo-data"
28-11-2025 16:28,TRUE,18,139.00,139.00,dev-redmi-14c,Redmi 14C,Redmi 14C from Redmi. Pay once or spread it over 12 months.,Shop>Phones,Redmi,https://d-telco.github.io/telco/product.html?id=dev-redmi-14c,https://d-telco.github.io/telco/product.html?id=dev-redmi-14c,dtelco://product/dev-redmi-14c,https://d-telco.github.io/telco/product.html?id=dev-redmi-14c,https://d-telco.github.io/telco/assets/catalog/dev-redmi-14c-1200.jpg,https://d-telco.github.io/telco/assets/catalog/dev-redmi-14c-400.jpg,https://d-telco.github.io/telco/assets/catalog/dev-redmi-14c-1600.jpg,D·TELCO Shop,,Redmi 14C,"device,redmi,5g,instalment-12m,demo-data"
02-01-2026 18:15,TRUE,12,99.00,99.00,dev-redmi-a4,Redmi A4,Redmi A4 from Redmi. Pay once or spread it over 12 months.,Shop>Phones,Redmi,https://d-telco.github.io/telco/product.html?id=dev-redmi-a4,https://d-telco.github.io/telco/product.html?id=dev-redmi-a4,dtelco://product/dev-redmi-a4,https://d-telco.github.io/telco/product.html?id=dev-redmi-a4,https://d-telco.github.io/telco/assets/catalog/dev-redmi-a4-1200.jpg,https://d-telco.github.io/telco/assets/catalog/dev-redmi-a4-400.jpg,https://d-telco.github.io/telco/assets/catalog/dev-redmi-a4-1600.jpg,D·TELCO Shop,,Redmi A4,"device,redmi,5g,instalment-12m,demo-data"
30-01-2026 17:19,TRUE,50,219.00,219.00,dev-redmi-note-14,Redmi Note 14,Redmi Note 14 from Redmi. Pay once or spread it over 12 or 18 months.,Shop>Phones,Redmi,https://d-telco.github.io/telco/product.html?id=dev-redmi-note-14,https://d-telco.github.io/telco/product.html?id=dev-redmi-note-14,dtelco://product/dev-redmi-note-14,https://d-telco.github.io/telco/product.html?id=dev-redmi-note-14,https://d-telco.github.io/telco/assets/catalog/dev-redmi-note-14-1200.jpg,https://d-telco.github.io/telco/assets/catalog/dev-redmi-note-14-400.jpg,https://d-telco.github.io/telco/assets/catalog/dev-redmi-note-14-1600.jpg,D·TELCO Shop,,Redmi Note 14,"device,redmi,5g,instalment-18m,demo-data"
09-04-2026 17:05,TRUE,22,279.00,279.00,dev-redmi-note-14-pro,Redmi Note 14 Pro,Redmi Note 14 Pro from Redmi. Pay once or spread it over 12 or 18 months.,Shop>Phones,Redmi,https://d-telco.github.io/telco/product.html?id=dev-redmi-note-14-pro,https://d-telco.github.io/telco/product.html?id=dev-redmi-note-14-pro,dtelco://product/dev-redmi-note-14-pro,https://d-telco.github.io/telco/product.html?id=dev-redmi-note-14-pro,https://d-telco.github.io/telco/assets/catalog/dev-redmi-note-14-pro-1200.jpg,https://d-telco.github.io/telco/assets/catalog/dev-redmi-note-14-pro-400.jpg,https://d-telco.github.io/telco/assets/catalog/dev-redmi-note-14-pro-1600.jpg,D·TELCO Shop,,Redmi Note 14 Pro,"device,redmi,5g,instalment-18m,demo-data"
11-05-2026 17:34,TRUE,21,349.00,349.00,dev-redmi-note-14-pro-plus,Redmi Note 14 Pro+,Redmi Note 14 Pro+ from Redmi. Pay once or spread it over 12 or 18 months.,Shop>Phones,Redmi,https://d-telco.github.io/telco/product.html?id=dev-redmi-note-14-pro-plus,https://d-telco.github.io/telco/product.html?id=dev-redmi-note-14-pro-plus,dtelco://product/dev-redmi-note-14-pro-plus,https://d-telco.github.io/telco/product.html?id=dev-redmi-note-14-pro-plus,https://d-telco.github.io/telco/assets/catalog/dev-redmi-note-14-pro-plus-1200.jpg,https://d-telco.github.io/telco/assets/catalog/dev-redmi-note-14-pro-plus-400.jpg,https://d-telco.github.io/telco/assets/catalog/dev-redmi-note-14-pro-plus-1600.jpg,D·TELCO Shop,,Redmi Note 14 Pro+,"device,redmi,5g,instalment-18m,demo-data"
13-04-2026 18:47,TRUE,34,399.00,399.00,dev-xiaomi-14t,Xiaomi 14T,Xiaomi 14T from Xiaomi. Pay once or spread it over 12 or 18 months.,Shop>Phones,Xiaomi,https://d-telco.github.io/telco/product.html?id=dev-xiaomi-14t,https://d-telco.github.io/telco/product.html?id=dev-xiaomi-14t,dtelco://product/dev-xiaomi-14t,https://d-telco.github.io/telco/product.html?id=dev-xiaomi-14t,https://d-telco.github.io/telco/assets/catalog/dev-xiaomi-14t-1200.jpg,https://d-telco.github.io/telco/assets/catalog/dev-xiaomi-14t-400.jpg,https://d-telco.github.io/telco/assets/catalog/dev-xiaomi-14t-1600.jpg,D·TELCO Shop,,Xiaomi 14T,"device,xiaomi,5g,instalment-18m,demo-data"
07-06-2025 15:09,TRUE,17,699.00,699.00,dev-xiaomi-15,Xiaomi 15,Xiaomi 15 from Xiaomi. Pay once or spread it over 12 or 18 months.,Shop>Phones,Xiaomi,https://d-telco.github.io/telco/product.html?id=dev-xiaomi-15,https://d-telco.github.io/telco/product.html?id=dev-xiaomi-15,dtelco://product/dev-xiaomi-15,https://d-telco.github.io/telco/product.html?id=dev-xiaomi-15,https://d-telco.github.io/telco/assets/catalog/dev-xiaomi-15-1200.jpg,https://d-telco.github.io/telco/assets/catalog/dev-xiaomi-15-400.jpg,https://d-telco.github.io/telco/assets/catalog/dev-xiaomi-15-1600.jpg,D·TELCO Shop,,Xiaomi 15,"device,xiaomi,5g,instalment-18m,demo-data"
14-11-2025 15:38,TRUE,30,899.00,899.00,dev-xiaomi-15-pro,Xiaomi 15 Pro,Xiaomi 15 Pro from Xiaomi. Pay once or spread it over 12 or 18 months.,Shop>Phones,Xiaomi,https://d-telco.github.io/telco/product.html?id=dev-xiaomi-15-pro,https://d-telco.github.io/telco/product.html?id=dev-xiaomi-15-pro,dtelco://product/dev-xiaomi-15-pro,https://d-telco.github.io/telco/product.html?id=dev-xiaomi-15-pro,https://d-telco.github.io/telco/assets/catalog/dev-xiaomi-15-pro-1200.jpg,https://d-telco.github.io/telco/assets/catalog/dev-xiaomi-15-pro-400.jpg,https://d-telco.github.io/telco/assets/catalog/dev-xiaomi-15-pro-1600.jpg,D·TELCO Shop,,Xiaomi 15 Pro,"device,xiaomi,5g,instalment-18m,demo-data"
04-11-2025 14:48,TRUE,49,1099.00,1099.00,dev-xiaomi-15-ultra,Xiaomi 15 Ultra,Xiaomi 15 Ultra from Xiaomi. Pay once or spread it over 12 or 18 months.,Shop>Phones,Xiaomi,https://d-telco.github.io/telco/product.html?id=dev-xiaomi-15-ultra,https://d-telco.github.io/telco/product.html?id=dev-xiaomi-15-ultra,dtelco://product/dev-xiaomi-15-ultra,https://d-telco.github.io/telco/product.html?id=dev-xiaomi-15-ultra,https://d-telco.github.io/telco/assets/catalog/dev-xiaomi-15-ultra-1200.jpg,https://d-telco.github.io/telco/assets/catalog/dev-xiaomi-15-ultra-400.jpg,https://d-telco.github.io/telco/assets/catalog/dev-xiaomi-15-ultra-1600.jpg,D·TELCO Shop,,Xiaomi 15 Ultra,"device,xiaomi,5g,instalment-18m,demo-data"
16-07-2025 11:12,TRUE,29,499.00,499.00,dev-xiaomi-15t,Xiaomi 15T,Xiaomi 15T from Xiaomi. Pay once or spread it over 12 or 18 months.,Shop>Phones,Xiaomi,https://d-telco.github.io/telco/product.html?id=dev-xiaomi-15t,https://d-telco.github.io/telco/product.html?id=dev-xiaomi-15t,dtelco://product/dev-xiaomi-15t,https://d-telco.github.io/telco/product.html?id=dev-xiaomi-15t,https://d-telco.github.io/telco/assets/catalog/dev-xiaomi-15t-1200.jpg,https://d-telco.github.io/telco/assets/catalog/dev-xiaomi-15t-400.jpg,https://d-telco.github.io/telco/assets/catalog/dev-xiaomi-15t-1600.jpg,D·TELCO Shop,,Xiaomi 15T,"device,xiaomi,5g,instalment-18m,demo-data"
06-02-2026 13:11,TRUE,24,649.00,649.00,dev-xiaomi-15t-pro,Xiaomi 15T Pro,Xiaomi 15T Pro from Xiaomi. Pay once or spread it over 12 or 18 months.,Shop>Phones,Xiaomi,https://d-telco.github.io/telco/product.html?id=dev-xiaomi-15t-pro,https://d-telco.github.io/telco/product.html?id=dev-xiaomi-15t-pro,dtelco://product/dev-xiaomi-15t-pro,https://d-telco.github.io/telco/product.html?id=dev-xiaomi-15t-pro,https://d-telco.github.io/telco/assets/catalog/dev-xiaomi-15t-pro-1200.jpg,https://d-telco.github.io/telco/assets/catalog/dev-xiaomi-15t-pro-400.jpg,https://d-telco.github.io/telco/assets/catalog/dev-xiaomi-15t-pro-1600.jpg,D·TELCO Shop,,Xiaomi 15T Pro,"device,xiaomi,5g,instalment-18m,demo-data"
13-06-2025 18:16,TRUE,53,89.00,89.00,dev-mifi-4g,4G MiFi pocket router,4G MiFi pocket router from D·TELCO. Pay once or spread it over 12 months.,Shop>Routers and modems,D·TELCO,https://d-telco.github.io/telco/product.html?id=dev-mifi-4g,https://d-telco.github.io/telco/product.html?id=dev-mifi-4g,dtelco://product/dev-mifi-4g,https://d-telco.github.io/telco/product.html?id=dev-mifi-4g,https://d-telco.github.io/telco/assets/catalog/dev-mifi-4g-1200.jpg,https://d-telco.github.io/telco/assets/catalog/dev-mifi-4g-400.jpg,https://d-telco.github.io/telco/assets/catalog/dev-mifi-4g-1600.jpg,D·TELCO Shop,,4G MiFi pocket router,"device,d·telco,5g,instalment-12m,demo-data"
20-03-2026 18:54,TRUE,59,179.00,179.00,dev-mifi-5g,5G MiFi pocket router,5G MiFi pocket router from D·TELCO. Pay once or spread it over 12 months.,Shop>Routers and modems,D·TELCO,https://d-telco.github.io/telco/product.html?id=dev-mifi-5g,https://d-telco.github.io/telco/product.html?id=dev-mifi-5g,dtelco://product/dev-mifi-5g,https://d-telco.github.io/telco/product.html?id=dev-mifi-5g,https://d-telco.github.io/telco/assets/catalog/dev-mifi-5g-1200.jpg,https://d-telco.github.io/telco/assets/catalog/dev-mifi-5g-400.jpg,https://d-telco.github.io/telco/assets/catalog/dev-mifi-5g-1600.jpg,D·TELCO Shop,,5G MiFi pocket router,"device,d·telco,5g,instalment-12m,demo-data"
04-06-2026 15:04,TRUE,52,129.00,129.00,dev-router-4g-home,4G Home Router,4G Home Router from D·TELCO. Pay once or spread it over 12 months.,Shop>Routers and modems,D·TELCO,https://d-telco.github.io/telco/product.html?id=dev-router-4g-home,https://d-telco.github.io/telco/product.html?id=dev-router-4g-home,dtelco://product/dev-router-4g-home,https://d-telco.github.io/telco/product.html?id=dev-router-4g-home,https://d-telco.github.io/telco/assets/catalog/dev-router-4g-home-1200.jpg,https://d-telco.github.io/telco/assets/catalog/dev-router-4g-home-400.jpg,https://d-telco.github.io/telco/assets/catalog/dev-router-4g-home-1600.jpg,D·TELCO Shop,,4G Home Router,"device,d·telco,5g,instalment-12m,demo-data"
10-03-2025 15:23,TRUE,3,249.00,249.00,dev-router-5g-home,5G Home Router,5G Home Router from D·TELCO. Pay once or spread it over 12 or 18 months.,Shop>Routers and modems,D·TELCO,https://d-telco.github.io/telco/product.html?id=dev-router-5g-home,https://d-telco.github.io/telco/product.html?id=dev-router-5g-home,dtelco://product/dev-router-5g-home,https://d-telco.github.io/telco/product.html?id=dev-router-5g-home,https://d-telco.github.io/telco/assets/catalog/dev-router-5g-home-1200.jpg,https://d-telco.github.io/telco/assets/catalog/dev-router-5g-home-400.jpg,https://d-telco.github.io/telco/assets/catalog/dev-router-5g-home-1600.jpg,D·TELCO Shop,,5G Home Router,"device,d·telco,5g,instalment-18m,demo-data"
22-04-2025 18:55,TRUE,7,149.00,149.00,dev-router-wifi6-hub,Wi-Fi 6 Home Hub,Wi-Fi 6 Home Hub from D·TELCO. Pay once or spread it over 12 months.,Shop>Routers and modems,D·TELCO,https://d-telco.github.io/telco/product.html?id=dev-router-wifi6-hub,https://d-telco.github.io/telco/product.html?id=dev-router-wifi6-hub,dtelco://product/dev-router-wifi6-hub,https://d-telco.github.io/telco/product.html?id=dev-router-wifi6-hub,https://d-telco.github.io/telco/assets/catalog/dev-router-wifi6-hub-1200.jpg,https://d-telco.github.io/telco/assets/catalog/dev-router-wifi6-hub-400.jpg,https://d-telco.github.io/telco/assets/catalog/dev-router-wifi6-hub-1600.jpg,D·TELCO Shop,,Wi-Fi 6 Home Hub,"device,d·telco,5g,instalment-12m,demo-data"
18-08-2026 15:33,TRUE,7,219.00,219.00,dev-router-wifi7-hub,Wi-Fi 7 Home Hub,Wi-Fi 7 Home Hub from D·TELCO. Pay once or spread it over 12 or 18 months.,Shop>Routers and modems,D·TELCO,https://d-telco.github.io/telco/product.html?id=dev-router-wifi7-hub,https://d-telco.github.io/telco/product.html?id=dev-router-wifi7-hub,dtelco://product/dev-router-wifi7-hub,https://d-telco.github.io/telco/product.html?id=dev-router-wifi7-hub,https://d-telco.github.io/telco/assets/catalog/dev-router-wifi7-hub-1200.jpg,https://d-telco.github.io/telco/assets/catalog/dev-router-wifi7-hub-400.jpg,https://d-telco.github.io/telco/assets/catalog/dev-router-wifi7-hub-1600.jpg,D·TELCO Shop,,Wi-Fi 7 Home Hub,"device,d·telco,5g,instalment-18m,demo-data"
30-07-2026 13:11,TRUE,18,229.00,229.00,dev-galaxy-tab-a9-plus,Galaxy Tab A9+,Galaxy Tab A9+ from Samsung. Pay once or spread it over 12 or 18 months.,Shop>Tablets,Samsung,https://d-telco.github.io/telco/product.html?id=dev-galaxy-tab-a9-plus,https://d-telco.github.io/telco/product.html?id=dev-galaxy-tab-a9-plus,dtelco://product/dev-galaxy-tab-a9-plus,https://d-telco.github.io/telco/product.html?id=dev-galaxy-tab-a9-plus,https://d-telco.github.io/telco/assets/catalog/dev-galaxy-tab-a9-plus-1200.jpg,https://d-telco.github.io/telco/assets/catalog/dev-galaxy-tab-a9-plus-400.jpg,https://d-telco.github.io/telco/assets/catalog/dev-galaxy-tab-a9-plus-1600.jpg,D·TELCO Shop,,Galaxy Tab A9+,"device,samsung,5g,instalment-18m,demo-data"
08-04-2026 15:42,TRUE,46,799.00,799.00,dev-galaxy-tab-s11,Galaxy Tab S11,Galaxy Tab S11 from Samsung. Pay once or spread it over 12 or 18 months.,Shop>Tablets,Samsung,https://d-telco.github.io/telco/product.html?id=dev-galaxy-tab-s11,https://d-telco.github.io/telco/product.html?id=dev-galaxy-tab-s11,dtelco://product/dev-galaxy-tab-s11,https://d-telco.github.io/telco/product.html?id=dev-galaxy-tab-s11,https://d-telco.github.io/telco/assets/catalog/dev-galaxy-tab-s11-1200.jpg,https://d-telco.github.io/telco/assets/catalog/dev-galaxy-tab-s11-400.jpg,https://d-telco.github.io/telco/assets/catalog/dev-galaxy-tab-s11-1600.jpg,D·TELCO Shop,,Galaxy Tab S11,"device,samsung,5g,instalment-18m,demo-data"
24-08-2025 18:45,TRUE,36,1199.00,1199.00,dev-galaxy-tab-s11-ultra,Galaxy Tab S11 Ultra,Galaxy Tab S11 Ultra from Samsung. Pay once or spread it over 12 or 18 months.,Shop>Tablets,Samsung,https://d-telco.github.io/telco/product.html?id=dev-galaxy-tab-s11-ultra,https://d-telco.github.io/telco/product.html?id=dev-galaxy-tab-s11-ultra,dtelco://product/dev-galaxy-tab-s11-ultra,https://d-telco.github.io/telco/product.html?id=dev-galaxy-tab-s11-ultra,https://d-telco.github.io/telco/assets/catalog/dev-galaxy-tab-s11-ultra-1200.jpg,https://d-telco.github.io/telco/assets/catalog/dev-galaxy-tab-s11-ultra-400.jpg,https://d-telco.github.io/telco/assets/catalog/dev-galaxy-tab-s11-ultra-1600.jpg,D·TELCO Shop,,Galaxy Tab S11 Ultra,"device,samsung,5g,instalment-18m,demo-data"
01-11-2025 12:26,TRUE,59,249.00,249.00,dev-honor-pad-10,Honor Pad 10,Honor Pad 10 from Honor. Pay once or spread it over 12 or 18 months.,Shop>Tablets,Honor,https://d-telco.github.io/telco/product.html?id=dev-honor-pad-10,https://d-telco.github.io/telco/product.html?id=dev-honor-pad-10,dtelco://product/dev-honor-pad-10,https://d-telco.github.io/telco/product.html?id=dev-honor-pad-10,https://d-telco.github.io/telco/assets/catalog/dev-honor-pad-10-1200.jpg,https://d-telco.github.io/telco/assets/catalog/dev-honor-pad-10-400.jpg,https://d-telco.github.io/telco/assets/catalog/dev-honor-pad-10-1600.jpg,D·TELCO Shop,,Honor Pad 10,"device,honor,5g,instalment-18m,demo-data"
26-12-2025 12:05,TRUE,14,449.00,449.00,dev-ipad-11,iPad 11,iPad 11 from Apple. Pay once or spread it over 12 or 18 months.,Shop>Tablets,Apple,https://d-telco.github.io/telco/product.html?id=dev-ipad-11,https://d-telco.github.io/telco/product.html?id=dev-ipad-11,dtelco://product/dev-ipad-11,https://d-telco.github.io/telco/product.html?id=dev-ipad-11,https://d-telco.github.io/telco/assets/catalog/dev-ipad-11-1200.jpg,https://d-telco.github.io/telco/assets/catalog/dev-ipad-11-400.jpg,https://d-telco.github.io/telco/assets/catalog/dev-ipad-11-1600.jpg,D·TELCO Shop,,iPad 11,"device,apple,5g,instalment-18m,demo-data"
15-04-2026 18:55,TRUE,46,799.00,799.00,dev-ipad-air-13,iPad Air 13,iPad Air 13 from Apple. Pay once or spread it over 12 or 18 months.,Shop>Tablets,Apple,https://d-telco.github.io/telco/product.html?id=dev-ipad-air-13,https://d-telco.github.io/telco/product.html?id=dev-ipad-air-13,dtelco://product/dev-ipad-air-13,https://d-telco.github.io/telco/product.html?id=dev-ipad-air-13,https://d-telco.github.io/telco/assets/catalog/dev-ipad-air-13-1200.jpg,https://d-telco.github.io/telco/assets/catalog/dev-ipad-air-13-400.jpg,https://d-telco.github.io/telco/assets/catalog/dev-ipad-air-13-1600.jpg,D·TELCO Shop,,iPad Air 13,"device,apple,5g,instalment-18m,demo-data"
04-02-2026 16:55,TRUE,52,1299.00,1299.00,dev-ipad-pro-13,iPad Pro 13,iPad Pro 13 from Apple. Pay once or spread it over 12 or 18 months.,Shop>Tablets,Apple,https://d-telco.github.io/telco/product.html?id=dev-ipad-pro-13,https://d-telco.github.io/telco/product.html?id=dev-ipad-pro-13,dtelco://product/dev-ipad-pro-13,https://d-telco.github.io/telco/product.html?id=dev-ipad-pro-13,https://d-telco.github.io/telco/assets/catalog/dev-ipad-pro-13-1200.jpg,https://d-telco.github.io/telco/assets/catalog/dev-ipad-pro-13-400.jpg,https://d-telco.github.io/telco/assets/catalog/dev-ipad-pro-13-1600.jpg,D·TELCO Shop,,iPad Pro 13,"device,apple,5g,instalment-18m,demo-data"
25-05-2026 17:01,TRUE,4,279.00,279.00,dev-redmi-pad-pro,Redmi Pad Pro,Redmi Pad Pro from Redmi. Pay once or spread it over 12 or 18 months.,Shop>Tablets,Redmi,https://d-telco.github.io/telco/product.html?id=dev-redmi-pad-pro,https://d-telco.github.io/telco/product.html?id=dev-redmi-pad-pro,dtelco://product/dev-redmi-pad-pro,https://d-telco.github.io/telco/product.html?id=dev-redmi-pad-pro,https://d-telco.github.io/telco/assets/catalog/dev-redmi-pad-pro-1200.jpg,https://d-telco.github.io/telco/assets/catalog/dev-redmi-pad-pro-400.jpg,https://d-telco.github.io/telco/assets/catalog/dev-redmi-pad-pro-1600.jpg,D·TELCO Shop,,Redmi Pad Pro,"device,redmi,5g,instalment-18m,demo-data"
20-08-2026 09:45,TRUE,0,449.00,449.00,dev-apple-watch-s11,Apple Watch Series 11,Apple Watch Series 11 from Apple. Pay once or spread it over 12 or 18 months.,Shop>Wearables,Apple,https://d-telco.github.io/telco/product.html?id=dev-apple-watch-s11,https://d-telco.github.io/telco/product.html?id=dev-apple-watch-s11,dtelco://product/dev-apple-watch-s11,https://d-telco.github.io/telco/product.html?id=dev-apple-watch-s11,https://d-telco.github.io/telco/assets/catalog/dev-apple-watch-s11-1200.jpg,https://d-telco.github.io/telco/assets/catalog/dev-apple-watch-s11-400.jpg,https://d-telco.github.io/telco/assets/catalog/dev-apple-watch-s11-1600.jpg,D·TELCO Shop,,Apple Watch Series 11,"device,apple,5g,instalment-18m,demo-data"
08-03-2026 11:08,TRUE,6,259.00,259.00,dev-apple-watch-se3,Apple Watch SE 3,Apple Watch SE 3 from Apple. Pay once or spread it over 12 or 18 months.,Shop>Wearables,Apple,https://d-telco.github.io/telco/product.html?id=dev-apple-watch-se3,https://d-telco.github.io/telco/product.html?id=dev-apple-watch-se3,dtelco://product/dev-apple-watch-se3,https://d-telco.github.io/telco/product.html?id=dev-apple-watch-se3,https://d-telco.github.io/telco/assets/catalog/dev-apple-watch-se3-1200.jpg,https://d-telco.github.io/telco/assets/catalog/dev-apple-watch-se3-400.jpg,https://d-telco.github.io/telco/assets/catalog/dev-apple-watch-se3-1600.jpg,D·TELCO Shop,,Apple Watch SE 3,"device,apple,5g,instalment-18m,demo-data"
30-12-2025 18:00,TRUE,4,69.00,69.00,dev-galaxy-fit4,Galaxy Fit4,Galaxy Fit4 from Samsung. Pay once or spread it over 12 months.,Shop>Wearables,Samsung,https://d-telco.github.io/telco/product.html?id=dev-galaxy-fit4,https://d-telco.github.io/telco/product.html?id=dev-galaxy-fit4,dtelco://product/dev-galaxy-fit4,https://d-telco.github.io/telco/product.html?id=dev-galaxy-fit4,https://d-telco.github.io/telco/assets/catalog/dev-galaxy-fit4-1200.jpg,https://d-telco.github.io/telco/assets/catalog/dev-galaxy-fit4-400.jpg,https://d-telco.github.io/telco/assets/catalog/dev-galaxy-fit4-1600.jpg,D·TELCO Shop,,Galaxy Fit4,"device,samsung,5g,instalment-12m,demo-data"
12-11-2025 15:33,TRUE,46,349.00,349.00,dev-galaxy-watch8,Galaxy Watch8,Galaxy Watch8 from Samsung. Pay once or spread it over 12 or 18 months.,Shop>Wearables,Samsung,https://d-telco.github.io/telco/product.html?id=dev-galaxy-watch8,https://d-telco.github.io/telco/product.html?id=dev-galaxy-watch8,dtelco://product/dev-galaxy-watch8,https://d-telco.github.io/telco/product.html?id=dev-galaxy-watch8,https://d-telco.github.io/telco/assets/catalog/dev-galaxy-watch8-1200.jpg,https://d-telco.github.io/telco/assets/catalog/dev-galaxy-watch8-400.jpg,https://d-telco.github.io/telco/assets/catalog/dev-galaxy-watch8-1600.jpg,D·TELCO Shop,,Galaxy Watch8,"device,samsung,5g,instalment-18m,demo-data"
15-03-2026 12:15,TRUE,25,149.00,149.00,dev-honor-watch-5,Honor Watch 5,Honor Watch 5 from Honor. Pay once or spread it over 12 months.,Shop>Wearables,Honor,https://d-telco.github.io/telco/product.html?id=dev-honor-watch-5,https://d-telco.github.io/telco/product.html?id=dev-honor-watch-5,dtelco://product/dev-honor-watch-5,https://d-telco.github.io/telco/product.html?id=dev-honor-watch-5,https://d-telco.github.io/telco/assets/catalog/dev-honor-watch-5-1200.jpg,https://d-telco.github.io/telco/assets/catalog/dev-honor-watch-5-400.jpg,https://d-telco.github.io/telco/assets/catalog/dev-honor-watch-5-1600.jpg,D·TELCO Shop,,Honor Watch 5,"device,honor,5g,instalment-12m,demo-data"
27-10-2025 11:47,TRUE,19,49.00,49.00,dev-xiaomi-smart-band-10,Xiaomi Smart Band 10,Xiaomi Smart Band 10 from Xiaomi. Pay once or spread it over 12 months.,Shop>Wearables,Xiaomi,https://d-telco.github.io/telco/product.html?id=dev-xiaomi-smart-band-10,https://d-telco.github.io/telco/product.html?id=dev-xiaomi-smart-band-10,dtelco://product/dev-xiaomi-smart-band-10,https://d-telco.github.io/telco/product.html?id=dev-xiaomi-smart-band-10,https://d-telco.github.io/telco/assets/catalog/dev-xiaomi-smart-band-10-1200.jpg,https://d-telco.github.io/telco/assets/catalog/dev-xiaomi-smart-band-10-400.jpg,https://d-telco.github.io/telco/assets/catalog/dev-xiaomi-smart-band-10-1600.jpg,D·TELCO Shop,,Xiaomi Smart Band 10,"device,xiaomi,5g,instalment-12m,demo-data"
